sex,age,age_cat,race,juv_fel_count,juv_misd_count,juv_other_count,priors_count,c_charge_degree,two_year_recid,AL_prediction,AL_prediction_proba,GL_prediction,GL_prediction_proba,GD_prediction,GD_prediction_proba
1,28,0,1,0,0,0,5,0,0.0,1.0,0.3571186,1.0,0.38925487,0,0.51696086
1,26,0,1,0,0,0,1,0,0.0,1.0,0.49181312,1.0,0.4132887,0,0.51700246
1,37,0,1,0,0,0,9,0,0.0,1.0,0.33709645,0.0,0.5053938,0,0.51682955
1,26,0,1,0,0,0,2,0,1.0,1.0,0.43140244,1.0,0.3939926,0,0.517017
1,30,0,1,4,0,0,12,0,1.0,1.0,0.22410786,1.0,0.25186014,0,0.5161166
1,32,0,1,1,0,0,2,1,1.0,1.0,0.32911193,1.0,0.3076833,0,0.51609445
0,24,2,1,0,0,0,2,0,1.0,1.0,0.46256918,1.0,0.42819142,0,0.5169631
0,21,2,1,0,0,0,0,1,0.0,1.0,0.47650748,0.0,0.5971345,0,0.51697993
1,57,1,0,0,0,0,1,0,0.0,0.0,0.8003001,0.0,0.72596836,0,0.5169474
1,28,0,1,0,0,0,0,1,1.0,0.0,0.6356871,0.0,0.6111258,0,0.5169396
0,20,2,1,0,0,1,0,1,1.0,1.0,0.2413215,1.0,0.4832645,0,0.5168491
1,31,0,0,0,0,0,8,1,0.0,1.0,0.33884782,1.0,0.43232828,0,0.5168393
1,26,0,0,0,0,0,0,1,0.0,0.0,0.62179464,0.0,0.5999199,0,0.51702434
1,47,1,1,0,0,0,5,0,0.0,0.0,0.5914568,0.0,0.63239497,0,0.5169357
1,44,0,0,0,0,0,4,1,0.0,0.0,0.57600605,0.0,0.6194962,0,0.51694214
1,29,0,0,0,0,0,0,1,0.0,0.0,0.6867639,0.0,0.6166995,0,0.51694036
1,27,0,1,0,0,0,4,0,1.0,1.0,0.37146837,1.0,0.38992786,0,0.5169967
1,28,0,1,0,0,0,0,1,0.0,0.0,0.6356871,0.0,0.6111258,0,0.5169396
1,23,2,1,0,0,0,2,0,1.0,1.0,0.35478413,1.0,0.35626525,0,0.5168768
1,35,0,1,0,0,0,6,0,1.0,1.0,0.40869182,1.0,0.48101717,0,0.51684695
1,30,0,0,0,0,0,0,1,0.0,0.0,0.7037909,0.0,0.62057525,0,0.5169451
1,28,0,1,0,0,0,0,1,0.0,0.0,0.6356871,0.0,0.6111258,0,0.5169396
1,28,0,1,0,0,0,1,1,1.0,0.0,0.5310128,1.0,0.47059035,0,0.5169015
0,27,0,0,0,0,0,2,0,0.0,1.0,0.49577332,1.0,0.46509135,0,0.5168462
1,32,0,1,0,0,0,8,0,1.0,1.0,0.32571447,1.0,0.4197241,0,0.51684564
0,24,2,1,0,0,0,0,0,1.0,0.0,0.65485585,0.0,0.6552382,0,0.51708895
1,28,0,0,0,0,0,8,0,1.0,1.0,0.28275084,1.0,0.36623037,0,0.51697457
0,39,0,1,0,0,0,3,0,1.0,0.0,0.5800554,0.0,0.63108426,0,0.5169365
1,22,2,0,0,0,1,1,0,0.0,0.0,0.5773529,1.0,0.36375397,0,0.5167527
1,39,0,0,0,0,0,1,0,0.0,0.0,0.6674813,0.0,0.5996754,0,0.51692796
1,29,0,1,0,0,0,0,0,0.0,0.0,0.70693,0.0,0.61349875,0,0.5169385
0,45,1,0,0,0,0,0,1,0.0,0.0,0.8647517,0.0,0.7285745,0,0.51694953
0,26,0,1,0,0,0,1,1,0.0,0.0,0.55685997,1.0,0.47972846,0,0.51685405
0,45,1,0,0,0,0,1,1,0.0,0.0,0.75941604,0.0,0.7234707,0,0.5169437
1,52,1,0,0,0,0,1,0,0.0,0.0,0.7632085,0.0,0.71741986,0,0.51693773
1,51,1,1,0,0,0,1,0,0.0,0.0,0.7238353,0.0,0.71033645,0,0.51693165
0,29,0,0,0,0,0,1,0,1.0,0.0,0.582234,0.0,0.5021672,0,0.5168775
1,31,0,1,0,0,0,13,1,1.0,1.0,0.29581434,1.0,0.41606128,0,0.5168424
1,47,1,0,0,0,0,0,1,0.0,0.0,0.8353714,0.0,0.72547615,0,0.516943
1,21,2,0,0,0,0,0,0,0.0,0.0,0.5536446,1.0,0.41739076,0,0.5169247
1,43,0,1,0,0,0,7,0,0.0,1.0,0.43041998,0.0,0.6022425,0,0.5169268
1,21,2,0,0,0,0,1,0,0.0,1.0,0.33274347,1.0,0.3256204,0,0.51650846
1,20,2,1,1,0,0,1,0,1.0,1.0,0.13797247,1.0,0.08575225,0,0.51546746
0,42,0,0,0,0,0,3,0,0.0,0.0,0.5810392,0.0,0.66249704,0,0.5169114
0,42,0,1,0,0,0,2,1,0.0,0.0,0.76658005,0.0,0.69386184,0,0.51692766
0,32,0,1,0,0,0,0,0,0.0,0.0,0.7359913,0.0,0.69778454,0,0.5169245
1,36,0,0,0,0,0,9,1,1.0,1.0,0.3739522,0.0,0.5132458,0,0.5168238
1,63,1,1,0,0,0,1,0,0.0,0.0,0.7758769,0.0,0.72918636,0,0.5169661
0,28,0,1,0,0,0,3,0,1.0,1.0,0.46472603,1.0,0.46598184,0,0.51683927
1,55,1,0,0,0,0,0,0,0.0,0.0,0.90522814,0.0,0.7295728,0,0.5169509
1,24,2,0,0,0,2,1,0,0.0,0.0,0.67180187,1.0,0.3307373,0,0.5167427
1,62,1,1,0,0,0,15,0,0.0,1.0,0.4692518,0.0,0.71732676,0,0.51700544
1,30,0,1,0,0,0,0,0,0.0,0.0,0.7200307,0.0,0.61854136,0,0.51694274
0,61,1,1,0,0,0,1,0,1.0,0.0,0.7692969,0.0,0.7541144,0,0.5170777
0,32,0,1,0,0,0,1,0,0.0,0.0,0.62216496,0.0,0.58870924,0,0.516921
1,34,0,1,0,0,0,8,1,0.0,1.0,0.43835646,1.0,0.4800766,0,0.5168432
1,23,2,1,0,0,0,1,1,1.0,1.0,0.3767922,1.0,0.4079802,0,0.51697457
1,43,0,1,0,0,0,1,0,1.0,0.0,0.71859396,0.0,0.6168858,0,0.51694125
0,28,0,0,0,0,0,0,0,1.0,0.0,0.7241682,0.0,0.6271138,0,0.51694345
1,27,0,1,0,0,0,13,1,1.0,1.0,0.23741621,1.0,0.3478778,0,0.516989
1,29,0,1,0,0,0,4,0,1.0,1.0,0.40949154,1.0,0.4035052,0,0.51691747
1,20,2,0,0,0,0,0,1,1.0,1.0,0.35967863,1.0,0.41894484,0,0.516701
1,26,0,1,0,0,0,6,1,0.0,1.0,0.33060533,1.0,0.39910287,0,0.5170157
1,51,1,0,0,0,0,3,0,0.0,0.0,0.6713679,0.0,0.69769204,0,0.5169286
1,40,0,1,0,0,0,0,1,0.0,0.0,0.79272467,0.0,0.71332586,0,0.51692903
0,26,0,1,0,0,0,9,1,1.0,1.0,0.36648214,1.0,0.4434392,0,0.51685345
1,59,1,1,0,0,0,5,1,0.0,0.0,0.67021066,0.0,0.725512,0,0.5169595
0,32,0,0,0,0,0,1,1,1.0,0.0,0.6599469,0.0,0.60714906,0,0.5169287
1,38,0,1,0,0,0,7,0,1.0,1.0,0.40151286,0.0,0.5381694,0,0.51684666
1,25,0,1,0,0,0,0,1,1.0,0.0,0.55291814,0.0,0.5991976,0,0.51713336
1,83,1,1,0,0,0,0,1,0.0,0.0,0.9312141,0.0,0.9374306,0,0.5187664
1,26,0,1,0,0,0,8,0,1.0,1.0,0.24484706,1.0,0.32701498,0,0.5170286
1,19,2,1,0,0,0,1,0,1.0,1.0,0.109149694,1.0,0.028427243,0,0.5158729
1,34,0,0,0,0,1,5,0,1.0,1.0,0.48742157,0.0,0.63750064,0,0.51692784
1,63,1,0,0,0,0,1,0,0.0,0.0,0.83133435,0.0,0.72918636,0,0.5169661
0,29,0,0,0,1,0,10,0,1.0,1.0,0.28075385,0.0,0.6299138,0,0.5150696
0,26,0,1,0,0,0,0,1,0.0,0.0,0.6188285,0.0,0.6204034,0,0.5169439
0,27,0,1,0,0,0,0,1,1.0,0.0,0.6413679,0.0,0.6238171,0,0.51694596
1,24,2,1,0,0,2,1,1,1.0,1.0,0.29253942,1.0,0.33674455,0,0.51674795
1,45,1,1,0,0,0,0,1,1.0,0.0,0.75089526,0.0,0.72460204,0,0.5169404
1,29,0,1,0,0,0,2,0,1.0,0.0,0.51139903,1.0,0.42830873,0,0.5169047
0,51,1,0,0,0,0,5,0,0.0,0.0,0.64237094,0.0,0.725296,0,0.5169501
1,37,0,1,0,0,0,1,0,1.0,0.0,0.6896076,0.0,0.57151204,0,0.51690036
1,25,0,1,0,0,0,0,1,0.0,0.0,0.55291814,0.0,0.5991976,0,0.51713336
1,48,1,0,0,0,0,0,1,1.0,0.0,0.8410027,0.0,0.72582173,0,0.5169441
1,23,2,1,0,0,0,6,0,1.0,1.0,0.24063396,1.0,0.33977962,0,0.51683867
0,23,2,1,0,0,0,2,0,1.0,1.0,0.41747558,1.0,0.446981,0,0.51699764
1,29,0,0,0,0,0,1,0,1.0,0.0,0.59207404,1.0,0.45651692,0,0.5168963
1,23,2,0,0,0,0,0,1,0.0,0.0,0.56335515,0.0,0.57884145,0,0.517069
1,33,0,0,0,0,0,0,0,0.0,0.0,0.7618653,0.0,0.6301129,0,0.51693964
1,25,0,0,0,0,0,7,1,1.0,1.0,0.2551818,1.0,0.35675114,0,0.5170357
1,55,1,0,0,0,0,0,1,1.0,0.0,0.8826279,0.0,0.7305565,0,0.51695234
1,29,0,0,0,0,1,11,0,1.0,1.0,0.30634356,0.0,0.5994265,0,0.516939
1,28,0,1,0,0,0,3,0,0.0,1.0,0.43608356,1.0,0.4071334,0,0.51694715
1,24,2,1,0,0,0,0,1,0.0,0.0,0.53606486,0.0,0.5737591,0,0.51709586
1,59,1,1,0,0,0,22,0,1.0,1.0,0.35760653,0.0,0.7146994,0,0.5169812
0,53,1,0,0,0,0,1,1,0.0,0.0,0.8015684,0.0,0.7284856,0,0.516955
1,33,0,1,0,0,0,4,0,1.0,1.0,0.4691391,1.0,0.4583187,0,0.51684123
1,26,0,1,0,1,0,6,1,0.0,1.0,0.35633665,1.0,0.3105874,0,0.5157167
0,22,2,1,0,0,0,2,0,0.0,1.0,0.36662608,1.0,0.40089637,0,0.5169934
1,35,0,1,0,0,0,0,0,0.0,0.0,0.7630063,0.0,0.65013206,0,0.51692015
1,21,2,0,0,0,0,1,0,0.0,1.0,0.33274347,1.0,0.3256204,0,0.51650846
1,23,2,0,0,0,0,2,0,0.0,1.0,0.40739065,1.0,0.35626525,0,0.5168768
1,25,0,1,0,0,0,5,0,0.0,1.0,0.28893048,1.0,0.32180756,0,0.51703525
1,34,0,1,0,0,0,1,0,0.0,0.0,0.65945756,0.0,0.50216794,0,0.5168731
1,38,0,1,1,1,0,9,0,1.0,0.0,0.5211178,1.0,0.36865842,0,0.5142421
1,36,0,1,0,0,0,2,0,0.0,0.0,0.6057193,0.0,0.5226661,0,0.51683736
1,24,2,1,0,0,0,3,0,1.0,1.0,0.3556894,1.0,0.41292202,0,0.5170046
0,23,2,1,0,0,0,0,1,0.0,0.0,0.59303266,0.0,0.6470224,0,0.51709443
1,25,0,0,0,0,0,1,0,0.0,1.0,0.49082685,1.0,0.38313282,0,0.5170325
1,34,0,1,0,0,0,2,1,1.0,0.0,0.61855525,0.0,0.5071817,0,0.51684546
1,46,1,1,0,0,0,0,0,1.0,0.0,0.7892706,0.0,0.7244227,0,0.5169399
1,47,1,1,0,0,0,6,0,0.0,0.0,0.5600554,0.0,0.6309153,0,0.5169367
1,45,1,0,0,0,0,1,1,0.0,0.0,0.7083775,0.0,0.644948,0,0.51692355
1,30,0,1,0,0,0,0,0,0.0,0.0,0.7200307,0.0,0.61854136,0,0.51694274
1,31,0,1,0,0,0,0,0,1.0,0.0,0.7314825,0.0,0.6218904,0,0.51694536
1,29,0,1,0,0,0,7,0,1.0,1.0,0.31677264,1.0,0.3807925,0,0.51692975
1,24,2,0,0,0,1,1,0,0.0,0.0,0.6798763,1.0,0.33583695,0,0.51674247
1,52,1,0,0,0,0,0,0,0.0,0.0,0.8925813,0.0,0.72714853,0,0.5169484
1,23,2,1,0,0,0,3,0,1.0,1.0,0.31500936,1.0,0.3505119,0,0.5168646
1,43,0,1,0,0,0,2,0,1.0,0.0,0.6409863,0.0,0.6136062,0,0.51693547
1,23,2,1,0,0,1,1,0,0.0,1.0,0.37037855,1.0,0.34912097,0,0.5167377
1,21,2,1,0,0,1,1,0,1.0,1.0,0.24817032,1.0,0.3438474,0,0.5168107
1,36,0,0,0,0,0,5,0,1.0,1.0,0.44456232,1.0,0.4984259,0,0.51685226
0,25,0,1,0,0,0,0,1,1.0,0.0,0.5934739,0.0,0.615364,0,0.5169413
1,29,0,1,0,0,0,0,0,0.0,0.0,0.70693,0.0,0.61349875,0,0.5169385
1,25,0,1,0,0,0,0,0,0.0,0.0,0.6255344,0.0,0.59536725,0,0.5171607
1,29,0,1,0,0,0,0,1,1.0,0.0,0.6560159,0.0,0.6166995,0,0.51694036
1,54,1,1,0,0,0,2,1,0.0,0.0,0.71161497,0.0,0.7234845,0,0.5169445
1,44,0,1,0,0,0,0,0,0.0,0.0,0.8073549,0.0,0.71930325,0,0.51693416
1,52,1,1,0,0,0,6,1,1.0,0.0,0.60952854,0.0,0.7144954,0,0.5169383
0,33,0,1,0,0,0,0,0,0.0,0.0,0.7443718,0.0,0.70783484,0,0.51692283
1,19,2,0,0,0,0,0,1,1.0,1.0,0.23417842,1.0,0.07421678,0,0.5162076
0,28,0,1,0,0,0,3,0,0.0,1.0,0.46472603,1.0,0.46598184,0,0.51683927
1,46,1,1,0,0,0,0,0,0.0,0.0,0.7892706,0.0,0.7244227,0,0.5169399
1,27,0,0,0,0,0,5,0,0.0,1.0,0.34966695,1.0,0.3812968,0,0.5170024
1,21,2,0,0,0,0,1,0,0.0,1.0,0.33274347,1.0,0.3256204,0,0.51650846
1,21,2,1,1,2,2,3,0,1.0,1.0,0.2531591,1.0,0.20774257,0,0.51191497
1,33,0,1,0,0,0,0,1,0.0,0.0,0.7230798,0.0,0.63549376,0,0.51693475
1,31,0,0,0,0,0,5,0,1.0,1.0,0.3993026,1.0,0.4199983,0,0.5168553
0,49,1,0,0,0,0,0,0,0.0,0.0,0.8741701,0.0,0.7309598,0,0.5169534
0,29,0,1,0,0,0,1,1,0.0,0.0,0.63638765,0.0,0.5299225,0,0.5168805
1,26,0,0,0,0,0,1,1,0.0,1.0,0.46368015,1.0,0.46073377,0,0.51697886
1,34,0,1,0,0,0,2,1,0.0,0.0,0.61855525,0.0,0.5071817,0,0.51684546
1,36,0,1,0,0,0,1,1,1.0,0.0,0.6842284,0.0,0.5794711,0,0.5169133
1,32,0,1,0,0,0,4,0,0.0,1.0,0.45837146,1.0,0.44225788,0,0.51684284
0,22,2,1,0,0,1,0,0,1.0,0.0,0.56011355,0.0,0.5750013,0,0.5170463
1,38,0,1,0,0,0,0,1,0.0,0.0,0.7785844,0.0,0.7024435,0,0.5169234
1,32,0,1,0,0,0,2,1,0.0,0.0,0.5872896,1.0,0.47742558,0,0.51684666
1,49,1,0,0,0,0,0,0,0.0,0.0,0.87688124,0.0,0.7257376,0,0.5169437
1,26,0,1,0,0,0,1,1,1.0,1.0,0.46613014,1.0,0.46073377,0,0.51697886
1,61,1,1,0,0,0,0,1,0.0,0.0,0.8552586,0.0,0.7976496,0,0.51697564
0,40,0,1,0,0,0,0,0,0.0,0.0,0.78602046,0.0,0.72462666,0,0.51694053
1,34,0,1,0,0,0,7,0,1.0,1.0,0.37065732,1.0,0.46158707,0,0.5168387
0,34,0,0,0,0,0,1,0,0.0,0.0,0.64042574,0.0,0.61239386,0,0.5169339
1,22,2,1,0,0,1,1,1,1.0,1.0,0.2285738,1.0,0.3614061,0,0.5167448
1,24,2,1,0,0,0,2,1,1.0,1.0,0.38220882,1.0,0.4642793,0,0.516991
1,23,2,1,0,0,0,0,1,0.0,1.0,0.49741787,0.0,0.57884145,0,0.517069
1,57,1,1,0,0,0,0,0,0.0,0.0,0.8488375,0.0,0.7334551,0,0.5169566
1,47,1,0,0,0,0,5,1,0.0,0.0,0.59304,0.0,0.6479215,0,0.5169212
1,30,0,1,0,0,0,3,0,1.0,1.0,0.4739468,1.0,0.42359853,0,0.5168766
1,33,0,1,2,0,0,8,0,1.0,1.0,0.28257096,1.0,0.2894705,0,0.51610106
1,27,0,0,0,0,0,2,0,0.0,1.0,0.4794159,1.0,0.41160297,0,0.51697904
0,35,0,1,0,0,0,0,1,0.0,0.0,0.7475449,0.0,0.7205063,0,0.5169351
1,45,1,1,0,0,0,3,0,0.0,0.0,0.6365983,0.0,0.6245348,0,0.5169421
1,31,0,0,0,0,0,3,1,0.0,1.0,0.48053592,1.0,0.454979,0,0.5168409
1,20,2,0,0,0,2,1,0,1.0,1.0,0.35241896,1.0,0.14941585,0,0.5168402
1,49,1,1,0,0,0,2,0,0.0,0.0,0.68687785,0.0,0.67044365,0,0.5169157
0,26,0,1,0,0,0,1,0,0.0,0.0,0.5424324,1.0,0.4814456,0,0.5168656
1,26,0,1,0,0,0,1,1,1.0,1.0,0.46613014,1.0,0.46073377,0,0.51697886
1,63,1,1,0,0,0,1,0,0.0,0.0,0.7758769,0.0,0.72918636,0,0.5169661
1,25,0,1,0,0,0,9,0,1.0,1.0,0.20769751,1.0,0.27047527,0,0.5170315
1,69,1,1,0,0,0,0,1,0.0,0.0,0.90999174,0.0,0.91969687,0,0.5176781
0,65,1,1,0,0,0,0,0,0.0,0.0,0.88761806,0.0,0.9162496,0,0.51788926
0,31,0,1,0,0,0,0,1,1.0,0.0,0.7069682,0.0,0.693243,0,0.5169255
1,48,1,0,0,0,0,1,0,1.0,0.0,0.73712426,0.0,0.66797435,0,0.51691276
1,52,1,0,0,0,0,2,1,0.0,0.0,0.71216226,0.0,0.7196276,0,0.51694036
0,48,1,1,0,0,0,0,1,0.0,0.0,0.79713595,0.0,0.7310525,0,0.51695347
1,61,1,1,0,0,0,20,1,1.0,1.0,0.39877343,0.0,0.71409047,0,0.5170312
1,25,0,1,0,0,1,5,0,1.0,1.0,0.2310242,0.0,0.55657756,0,0.51691675
0,43,0,1,0,0,0,2,1,0.0,0.0,0.77049905,0.0,0.7039751,0,0.516926
1,21,2,1,0,0,0,1,0,0.0,1.0,0.2917223,1.0,0.3256204,0,0.51650846
0,28,0,0,0,0,0,0,0,0.0,0.0,0.7241682,0.0,0.6271138,0,0.51694345
1,26,0,1,0,0,0,4,0,0.0,1.0,0.345388,1.0,0.37132758,0,0.51702833
1,52,1,1,0,0,0,20,0,0.0,1.0,0.33436424,0.0,0.6889359,0,0.5169303
1,30,0,1,0,0,0,3,1,0.0,0.0,0.5163735,1.0,0.44353002,0,0.51685077
0,35,0,1,0,0,0,12,1,0.0,1.0,0.48476803,0.0,0.6136085,0,0.5169335
1,20,2,1,1,1,1,4,0,1.0,1.0,0.28775483,1.0,0.24029058,0,0.5120086
1,33,0,0,0,0,0,5,0,1.0,1.0,0.4190113,1.0,0.45256174,0,0.5168396
0,31,0,1,0,0,0,0,0,1.0,0.0,0.72645044,0.0,0.6816948,0,0.5169238
1,49,1,1,0,0,0,1,1,0.0,0.0,0.7151413,0.0,0.7037531,0,0.5169267
1,26,0,1,1,2,0,9,0,1.0,1.0,0.3683107,1.0,0.49305964,0,0.51338947
1,26,0,1,0,0,0,2,0,1.0,1.0,0.43140244,1.0,0.3939926,0,0.517017
1,50,1,0,0,0,0,1,0,0.0,0.0,0.7474886,0.0,0.69883686,0,0.51692766
1,22,2,1,0,0,0,3,0,0.0,1.0,0.27164733,1.0,0.33789712,0,0.51668286
1,21,2,1,0,0,0,0,1,1.0,1.0,0.38853472,1.0,0.46288943,0,0.5169467
1,21,2,0,0,0,1,1,1,0.0,1.0,0.3980751,1.0,0.37657064,0,0.51677704
0,31,0,0,0,0,0,1,1,1.0,0.0,0.6443852,0.0,0.59326065,0,0.5169245
1,39,0,0,0,0,0,0,0,0.0,0.0,0.8032247,0.0,0.700541,0,0.5169232
1,29,0,1,0,0,0,0,1,0.0,0.0,0.6560159,0.0,0.6166995,0,0.51694036
1,26,0,1,0,0,0,4,0,0.0,1.0,0.345388,1.0,0.37132758,0,0.51702833
1,29,0,0,0,0,0,2,1,1.0,1.0,0.4959849,1.0,0.4483059,0,0.51687324
1,53,1,0,0,0,0,0,1,0.0,0.0,0.87097174,0.0,0.72852504,0,0.5169495
1,53,1,1,0,0,0,9,0,1.0,0.0,0.5160978,0.0,0.70980394,0,0.51693386
1,29,0,0,0,0,0,0,1,0.0,0.0,0.6867639,0.0,0.6166995,0,0.51694036
0,62,1,0,0,0,0,2,0,1.0,0.0,0.8436441,0.0,0.79266715,0,0.5171235
0,31,0,1,0,0,0,1,1,1.0,0.0,0.68028677,0.0,0.59326065,0,0.5169245
1,34,0,1,2,1,3,21,0,1.0,1.0,0.40185714,1.0,0.27979833,0,0.51331276
1,28,0,0,0,0,0,1,1,0.0,0.0,0.52717084,1.0,0.47059035,0,0.5169015
1,38,0,1,0,0,0,4,1,0.0,0.0,0.5950731,0.0,0.5821216,0,0.5169131
1,21,2,1,0,0,1,0,0,0.0,1.0,0.45427597,1.0,0.4176914,0,0.5168714
1,26,0,1,0,0,0,0,1,1.0,0.0,0.5845039,0.0,0.5999199,0,0.51702434
1,22,2,1,0,0,0,0,0,1.0,0.0,0.5615213,0.0,0.578328,0,0.51696116
1,26,0,0,0,0,0,3,0,1.0,1.0,0.40104032,1.0,0.38188958,0,0.51702523
1,28,0,0,0,0,0,0,0,1.0,0.0,0.7037338,0.0,0.60691166,0,0.51694745
0,21,2,0,0,0,0,1,0,0.0,1.0,0.3894251,1.0,0.3459965,0,0.5167464
1,50,1,0,0,0,0,1,0,0.0,0.0,0.7474886,0.0,0.69883686,0,0.51692766
1,61,1,0,0,0,0,0,1,0.0,0.0,0.9211309,0.0,0.7976496,0,0.51697564
1,50,1,1,0,0,0,3,1,0.0,0.0,0.6627036,0.0,0.7013413,0,0.5169284
1,41,0,1,0,0,0,4,0,0.0,0.0,0.527153,0.0,0.5945158,0,0.516923
1,62,1,0,0,0,0,3,1,0.0,0.0,0.7555908,0.0,0.7267392,0,0.5169793
0,49,1,0,0,0,0,0,0,0.0,0.0,0.8741701,0.0,0.7309598,0,0.5169534
1,63,1,0,0,0,0,2,0,0.0,0.0,0.79371804,0.0,0.72822297,0,0.5169699
1,37,0,1,0,0,0,4,0,0.0,0.0,0.5016837,0.0,0.5276556,0,0.5168357
1,20,2,0,0,0,0,0,1,0.0,1.0,0.35967863,1.0,0.41894484,0,0.516701
1,45,1,0,0,0,0,1,1,0.0,0.0,0.7083775,0.0,0.644948,0,0.51692355
1,34,0,0,0,0,0,1,0,0.0,0.0,0.6412554,0.0,0.50216794,0,0.5168731
1,29,0,1,0,0,0,11,0,1.0,1.0,0.23587853,1.0,0.35257548,0,0.51694167
1,39,0,1,0,0,0,0,1,0.0,0.0,0.7868738,0.0,0.7090997,0,0.516925
1,45,1,1,0,0,0,17,0,1.0,1.0,0.3366663,0.0,0.6172821,0,0.5169384
1,40,0,1,0,0,0,1,0,0.0,0.0,0.7062494,0.0,0.6063808,0,0.5169283
1,26,0,1,0,0,0,0,1,0.0,0.0,0.5845039,0.0,0.5999199,0,0.51702434
1,57,1,0,0,0,0,21,1,1.0,1.0,0.3822751,0.0,0.71671253,0,0.51697296
1,57,1,1,0,0,0,19,0,0.0,1.0,0.3865677,0.0,0.7192431,0,0.51695836
1,30,0,0,0,0,0,0,1,0.0,0.0,0.7037909,0.0,0.62057525,0,0.5169451
0,34,0,0,0,0,0,1,0,1.0,0.0,0.64042574,0.0,0.61239386,0,0.5169339
1,21,2,1,0,0,2,1,0,1.0,1.0,0.24358368,1.0,0.36227077,0,0.5167966
1,23,2,0,0,0,0,4,1,1.0,1.0,0.2922163,1.0,0.3841638,0,0.5169486
1,34,0,1,0,6,1,19,1,0.0,1.0,0.39063495,1.0,0.48439878,0,0.51546
1,69,1,1,0,0,0,3,0,0.0,0.0,0.75213075,0.0,0.7925427,0,0.5171263
1,25,0,1,0,0,0,7,0,0.0,1.0,0.24377018,1.0,0.29600614,0,0.5170341
1,43,0,0,0,0,0,8,0,1.0,1.0,0.4057194,0.0,0.60087466,0,0.5169262
0,22,2,1,0,0,0,1,0,0.0,1.0,0.41292953,1.0,0.41079533,0,0.51700234
1,28,0,1,0,0,0,6,0,0.0,1.0,0.32665795,1.0,0.3814429,0,0.51696604
1,31,0,1,0,0,0,9,1,1.0,1.0,0.37280083,1.0,0.4286675,0,0.5168399
1,49,1,1,0,0,0,0,1,0.0,0.0,0.7754855,0.0,0.7261641,0,0.51694524
1,35,0,0,0,0,0,3,1,1.0,0.0,0.5295658,0.0,0.5189076,0,0.5168317
1,41,0,1,0,0,0,0,0,0.0,0.0,0.7952532,0.0,0.7110723,0,0.5169279
1,67,1,0,0,0,0,0,1,0.0,0.0,0.9434907,0.0,0.9244504,0,0.51720583
1,31,0,1,0,0,0,10,0,1.0,1.0,0.27003586,1.0,0.3902632,0,0.5168695
1,29,0,1,1,2,0,6,0,1.0,1.0,0.4142807,1.0,0.47299325,0,0.513581
1,34,0,0,0,0,0,5,1,0.0,1.0,0.44834894,1.0,0.48739415,0,0.5168544
1,34,0,1,0,0,0,3,0,0.0,0.0,0.52694666,1.0,0.48026615,0,0.5168425
1,52,1,0,0,0,0,16,0,1.0,1.0,0.4117524,0.0,0.69011056,0,0.51693034
1,24,2,0,0,0,0,2,1,0.0,1.0,0.3816023,1.0,0.4642793,0,0.516991
1,21,2,1,0,0,1,1,0,0.0,1.0,0.24817032,1.0,0.3438474,0,0.5168107
1,24,2,0,0,0,0,0,0,0.0,0.0,0.69558257,0.0,0.5594153,0,0.5170947
1,21,2,1,0,0,2,1,0,0.0,1.0,0.24358368,1.0,0.36227077,0,0.5167966
1,43,0,1,0,0,0,0,1,0.0,0.0,0.807101,0.0,0.7202792,0,0.51693445
1,26,0,1,0,0,0,0,1,0.0,0.0,0.5845039,0.0,0.5999199,0,0.51702434
1,23,2,1,0,0,1,5,0,1.0,1.0,0.23558402,1.0,0.351211,0,0.51675093
1,30,0,0,0,0,0,9,1,1.0,1.0,0.30467552,1.0,0.41268593,0,0.51686025
1,21,2,1,0,0,0,0,0,1.0,1.0,0.49198413,1.0,0.41739076,0,0.5169247
1,24,2,1,0,1,0,4,0,1.0,1.0,0.2175203,1.0,0.24606287,0,0.5129435
1,48,1,1,0,0,0,1,1,0.0,0.0,0.7098478,0.0,0.69191825,0,0.5169287
1,25,0,1,0,1,0,21,0,1.0,1.0,0.11533731,1.0,0.29695672,0,0.51573443
1,58,1,1,0,0,0,1,1,0.0,0.0,0.75834334,0.0,0.72756535,0,0.5169514
1,37,0,1,0,0,0,1,0,0.0,0.0,0.6896076,0.0,0.57151204,0,0.51690036
1,37,0,0,0,0,0,2,0,1.0,0.0,0.5860115,0.0,0.5496219,0,0.51686645
1,31,0,1,0,0,0,1,1,0.0,0.0,0.60502267,1.0,0.48011106,0,0.5168556
1,21,2,0,0,0,0,0,0,1.0,0.0,0.5536446,1.0,0.41739076,0,0.5169247
0,56,1,1,0,0,0,1,0,1.0,0.0,0.73938656,0.0,0.72924733,0,0.51696223
1,20,2,1,0,0,2,0,0,1.0,1.0,0.37049818,1.0,0.42051697,0,0.5167977
0,23,2,1,0,0,0,1,0,0.0,1.0,0.46099287,1.0,0.4611053,0,0.51698905
0,32,0,0,0,0,1,4,0,0.0,0.0,0.5779079,0.0,0.70688933,0,0.5169232
1,27,0,1,0,0,0,3,1,1.0,1.0,0.43544996,1.0,0.43493962,0,0.5169555
1,33,0,1,0,0,0,3,1,0.0,0.0,0.5724768,1.0,0.48260295,0,0.516848
1,32,0,1,0,1,0,14,0,0.0,1.0,0.2795294,1.0,0.46599013,0,0.51532
1,25,0,1,0,0,0,1,1,0.0,1.0,0.42818773,1.0,0.43884313,0,0.5170163
1,24,2,1,0,0,0,1,0,1.0,1.0,0.4660493,1.0,0.432855,0,0.5170094
1,27,0,1,0,0,0,1,0,0.0,0.0,0.52222884,1.0,0.4354499,0,0.5169634
0,52,1,0,0,0,0,6,0,0.0,0.0,0.63142383,0.0,0.72549725,0,0.5169537
1,22,2,1,0,0,0,0,0,1.0,0.0,0.5615213,0.0,0.578328,0,0.51696116
0,30,0,1,0,0,0,1,0,0.0,0.0,0.6006372,0.0,0.52922124,0,0.51687396
1,29,0,0,0,0,0,4,1,1.0,1.0,0.40983146,1.0,0.42950356,0,0.5168847
1,32,0,1,0,0,0,1,1,1.0,0.0,0.62432736,1.0,0.49184465,0,0.5168673
1,37,0,0,1,6,0,13,0,0.0,0.0,0.50768757,1.0,0.4517333,0,0.5136798
1,51,1,0,0,0,0,6,1,1.0,0.0,0.5955552,0.0,0.7050872,0,0.51692736
1,24,2,1,0,0,0,0,1,0.0,0.0,0.53606486,0.0,0.5737591,0,0.51709586
1,58,1,0,0,0,0,3,0,1.0,0.0,0.7332766,0.0,0.72567165,0,0.51694953
1,29,0,1,0,0,0,5,0,0.0,1.0,0.37279016,1.0,0.39517862,0,0.5169223
1,77,1,0,0,0,0,1,1,0.0,0.0,0.90071285,0.0,0.9399013,0,0.5187473
1,39,0,0,0,0,0,2,0,1.0,0.0,0.59467185,0.0,0.587515,0,0.5169186
1,27,0,0,0,1,3,6,0,0.0,0.0,0.5846353,0.0,0.5749494,0,0.51528215
1,25,0,1,0,0,0,0,1,1.0,0.0,0.55291814,0.0,0.5991976,0,0.51713336
1,38,0,0,0,0,0,2,1,0.0,0.0,0.6085057,0.0,0.5956072,0,0.51692504
0,30,0,1,0,0,0,2,0,0.0,0.0,0.53854936,0.0,0.50983167,0,0.51687694
1,21,2,1,0,0,0,1,0,0.0,1.0,0.2917223,1.0,0.3256204,0,0.51650846
1,26,0,0,0,0,0,7,0,1.0,1.0,0.28057265,1.0,0.33915645,0,0.5170298
1,43,0,1,0,0,0,1,0,0.0,0.0,0.71859396,0.0,0.6168858,0,0.51694125
1,32,0,1,0,0,0,1,0,0.0,0.0,0.6357393,1.0,0.4780144,0,0.5168537
1,29,0,1,0,0,0,0,0,1.0,0.0,0.70693,0.0,0.61349875,0,0.5169385
1,24,2,1,0,0,0,1,1,1.0,1.0,0.42833036,1.0,0.4743368,0,0.5169818
1,25,0,1,0,0,0,0,0,0.0,0.0,0.6255344,0.0,0.59536725,0,0.5171607
1,32,0,0,0,0,0,0,1,1.0,0.0,0.73105156,0.0,0.62795424,0,0.5169423
1,20,2,0,0,0,0,0,1,0.0,1.0,0.35967863,1.0,0.41894484,0,0.516701
1,23,2,1,0,0,1,10,0,1.0,1.0,0.17795312,1.0,0.30524224,0,0.5167612
1,23,2,1,0,0,0,3,0,0.0,1.0,0.31500936,1.0,0.3505119,0,0.5168646
1,43,0,0,0,0,0,0,0,0.0,0.0,0.8208091,0.0,0.71717393,0,0.51693237
1,22,2,1,0,0,1,1,0,1.0,1.0,0.31643385,1.0,0.36375397,0,0.5167527
0,37,0,1,0,0,0,0,0,0.0,0.0,0.7707496,0.0,0.7217561,0,0.51693606
1,34,0,1,0,0,0,1,0,0.0,0.0,0.65945756,0.0,0.50216794,0,0.5168731
1,30,0,0,0,0,0,2,0,0.0,0.0,0.52552736,1.0,0.43824387,0,0.5168696
1,26,0,1,1,1,0,10,0,1.0,1.0,0.3651896,1.0,0.42150474,0,0.51358694
0,51,1,1,0,0,0,1,1,0.0,0.0,0.7320487,0.0,0.7275659,0,0.5169506
1,53,1,0,0,0,0,1,1,0.0,0.0,0.7563372,0.0,0.72312933,0,0.5169434
1,31,0,1,0,0,0,4,0,0.0,1.0,0.44334012,1.0,0.4274233,0,0.51685363
1,21,2,1,0,0,0,1,0,1.0,1.0,0.2917223,1.0,0.3256204,0,0.51650846
1,37,0,1,0,0,0,3,0,1.0,0.0,0.5497064,0.0,0.5363597,0,0.516846
1,53,1,0,0,0,0,3,0,1.0,0.0,0.68910336,0.0,0.717373,0,0.5169386
1,50,1,0,0,0,0,0,1,0.0,0.0,0.8518989,0.0,0.726557,0,0.5169465
1,34,0,1,0,0,0,22,0,0.0,1.0,0.1373899,1.0,0.41783023,0,0.5168356
1,29,0,1,0,0,0,4,0,0.0,1.0,0.40949154,1.0,0.4035052,0,0.51691747
1,27,0,1,0,0,1,8,0,1.0,1.0,0.20632565,0.0,0.58676267,0,0.5169294
1,26,0,0,0,0,0,3,0,1.0,1.0,0.40104032,1.0,0.38188958,0,0.51702523
1,24,2,0,0,0,0,3,0,1.0,1.0,0.39778173,1.0,0.41292202,0,0.5170046
1,51,1,0,0,0,0,0,1,0.0,0.0,0.8579991,0.0,0.7270621,0,0.516948
1,33,0,1,0,0,0,16,1,1.0,1.0,0.2713532,1.0,0.4484136,0,0.5168304
0,40,0,1,0,0,0,2,1,0.0,0.0,0.75462794,0.0,0.66675425,0,0.5169108
0,53,1,1,0,0,0,10,0,1.0,0.0,0.5122436,0.0,0.72372967,0,0.51696485
1,33,0,1,0,0,2,9,1,1.0,1.0,0.23369503,0.0,0.64280605,0,0.5169217
1,21,2,1,0,0,0,0,0,1.0,1.0,0.49198413,1.0,0.41739076,0,0.5169247
1,23,2,1,0,1,2,2,0,1.0,1.0,0.30146396,1.0,0.17637622,0,0.51517797
1,25,0,1,0,0,0,2,0,0.0,1.0,0.39795423,1.0,0.36357647,0,0.5170362
1,50,1,0,0,0,0,1,0,0.0,0.0,0.7474886,0.0,0.69883686,0,0.51692766
1,25,0,1,0,0,0,1,1,1.0,1.0,0.42818773,1.0,0.43884313,0,0.5170163
1,58,1,0,0,0,0,0,1,0.0,0.0,0.9034361,0.0,0.7410346,0,0.51696056
1,48,1,1,0,0,0,4,0,0.0,0.0,0.62616634,0.0,0.643798,0,0.51692444
1,24,2,1,0,0,0,2,0,1.0,1.0,0.3988827,1.0,0.4207728,0,0.51700884
1,23,2,1,0,0,0,0,0,0.0,0.0,0.6059553,0.0,0.57796526,0,0.5170456
1,28,0,1,0,0,0,5,0,1.0,1.0,0.3571186,1.0,0.38925487,0,0.51696086
1,31,0,1,0,1,0,19,0,1.0,1.0,0.2097004,1.0,0.35749096,0,0.51547086
1,60,1,1,0,0,0,1,1,0.0,0.0,0.76476026,0.0,0.72856885,0,0.51695687
1,61,1,1,0,0,0,25,0,0.0,1.0,0.33278543,0.0,0.7068571,0,0.5170346
1,25,0,1,0,0,2,8,0,1.0,1.0,0.18481761,0.0,0.5429658,0,0.51691633
1,24,2,0,0,0,0,0,0,0.0,0.0,0.69558257,0.0,0.5594153,0,0.5170947
1,26,0,1,0,0,0,4,0,1.0,1.0,0.345388,1.0,0.37132758,0,0.51702833
0,33,0,0,0,0,0,5,1,1.0,0.0,0.54487133,0.0,0.6022051,0,0.5169265
1,22,2,0,0,0,0,1,0,0.0,1.0,0.40873778,1.0,0.3400435,0,0.51671946
1,25,0,0,0,0,0,2,0,1.0,1.0,0.4194582,1.0,0.36357647,0,0.5170362
1,29,0,1,0,0,0,0,1,1.0,0.0,0.6560159,0.0,0.6166995,0,0.51694036
1,24,2,1,0,0,1,1,0,1.0,1.0,0.41762584,1.0,0.33583695,0,0.51674247
1,60,1,1,0,0,0,15,0,1.0,1.0,0.45660013,0.0,0.7201269,0,0.5169759
0,35,0,1,0,0,0,4,0,0.0,0.0,0.51312435,0.0,0.6089452,0,0.5169287
0,38,0,1,0,0,0,7,0,1.0,1.0,0.45745736,0.0,0.6222005,0,0.51694095
0,50,1,0,0,0,0,1,1,0.0,0.0,0.78098613,0.0,0.7269787,0,0.51694924
1,47,1,0,0,0,0,2,0,1.0,0.0,0.68642586,0.0,0.6420381,0,0.51692635
1,30,0,0,0,1,0,4,1,1.0,0.0,0.52342296,0.0,0.5514759,0,0.5152458
0,39,0,1,0,0,2,10,0,1.0,1.0,0.2987581,0.0,0.72282445,0,0.5169563
0,43,0,0,0,0,0,0,0,0.0,0.0,0.8291439,0.0,0.72597206,0,0.5169441
1,40,0,1,1,0,0,15,0,0.0,1.0,0.29707342,1.0,0.3293693,0,0.51608557
1,20,2,1,0,0,0,0,1,1.0,1.0,0.29055333,1.0,0.41894484,0,0.516701
1,22,2,1,0,0,0,0,1,1.0,1.0,0.45164138,0.0,0.58757025,0,0.5169827
0,20,2,1,1,0,0,1,0,1.0,1.0,0.22149664,1.0,0.207896,0,0.51577735
1,51,1,0,0,0,0,3,1,1.0,0.0,0.6739457,0.0,0.7118566,0,0.51693434
1,29,0,0,0,0,0,2,0,1.0,0.0,0.51321685,1.0,0.42830873,0,0.5169047
1,63,1,1,0,0,0,2,1,0.0,0.0,0.7546906,0.0,0.72764707,0,0.51698315
1,31,0,1,0,0,0,3,0,0.0,1.0,0.4896533,1.0,0.43662608,0,0.5168524
1,37,0,1,0,0,0,8,0,0.0,1.0,0.3644938,0.0,0.5085963,0,0.51682645
1,24,2,1,0,0,0,0,1,1.0,0.0,0.53606486,0.0,0.5737591,0,0.51709586
1,26,0,1,0,0,0,2,0,0.0,1.0,0.43140244,1.0,0.3939926,0,0.517017
1,30,0,1,0,0,0,1,0,0.0,0.0,0.5986532,1.0,0.46280473,0,0.5168652
1,23,2,0,0,0,1,10,0,0.0,1.0,0.37111485,1.0,0.30524224,0,0.5167612
1,33,0,1,0,0,0,2,0,1.0,0.0,0.5768566,1.0,0.47536045,0,0.51684695
1,29,0,1,0,0,0,1,1,0.0,0.0,0.5562607,1.0,0.469841,0,0.5168691
1,24,2,1,0,0,2,2,0,1.0,1.0,0.3509506,1.0,0.33813322,0,0.5167342
1,23,2,1,0,0,0,6,0,1.0,1.0,0.24063396,1.0,0.33977962,0,0.51683867
1,42,0,1,0,0,0,0,0,1.0,0.0,0.79926383,0.0,0.71454203,0,0.51693004
1,23,2,1,1,0,0,2,0,1.0,1.0,0.21593463,1.0,0.100323975,0,0.5160831
1,22,2,1,0,0,1,0,1,1.0,1.0,0.32333,0.0,0.5141858,0,0.5170233
1,48,1,0,0,0,0,3,0,1.0,0.0,0.65151775,0.0,0.6479378,0,0.51692086
1,37,0,0,0,0,0,11,0,1.0,1.0,0.30229896,0.0,0.5006219,0,0.51683754
0,37,0,1,0,0,0,0,1,0.0,0.0,0.7642481,0.0,0.72339153,0,0.5169378
1,26,0,0,0,0,0,1,0,0.0,0.0,0.5226793,1.0,0.4132887,0,0.51700246
0,35,0,0,0,0,0,0,0,1.0,0.0,0.79066944,0.0,0.7175586,0,0.51693314
1,39,0,1,0,0,0,21,0,1.0,1.0,0.16938478,0.0,0.5321411,0,0.5168389
0,30,0,1,0,0,0,0,1,1.0,0.0,0.6928897,0.0,0.67018974,0,0.5169132
1,25,0,1,0,0,0,4,0,1.0,1.0,0.31859797,1.0,0.3350305,0,0.51703584
1,30,0,1,0,0,0,0,0,0.0,0.0,0.7200307,0.0,0.61854136,0,0.51694274
1,38,0,1,0,0,0,1,1,0.0,0.0,0.7042172,0.0,0.60493374,0,0.5169285
1,29,0,1,0,0,0,5,0,0.0,1.0,0.37279016,1.0,0.39517862,0,0.5169223
1,29,0,1,0,0,0,1,0,1.0,0.0,0.5737328,1.0,0.45651692,0,0.5168963
1,20,2,0,0,0,2,0,0,0.0,0.0,0.57972914,1.0,0.42051697,0,0.5167977
1,46,1,1,0,0,1,15,0,1.0,1.0,0.15599322,0.0,0.7233926,0,0.5169425
0,26,0,1,0,0,0,1,1,0.0,0.0,0.55685997,1.0,0.47972846,0,0.51685405
1,46,1,0,0,0,0,11,0,1.0,1.0,0.4456995,0.0,0.62242866,0,0.516941
1,50,1,0,0,0,0,10,0,0.0,1.0,0.48719895,0.0,0.6567732,0,0.516915
1,25,0,1,0,0,0,0,0,1.0,0.0,0.6255344,0.0,0.59536725,0,0.5171607
0,43,0,0,0,0,0,3,1,1.0,0.0,0.6624817,0.0,0.7001146,0,0.5169277
1,29,0,1,0,0,0,1,1,0.0,0.0,0.5562607,1.0,0.469841,0,0.5168691
0,32,0,1,0,0,0,5,0,0.0,1.0,0.45535314,0.0,0.55186176,0,0.51686734
0,44,0,1,0,0,0,0,1,0.0,0.0,0.80763406,0.0,0.7268172,0,0.5169469
0,33,0,1,0,0,0,7,0,1.0,1.0,0.4152283,0.0,0.5735709,0,0.51689696
1,26,0,1,0,0,0,10,0,1.0,1.0,0.20882565,1.0,0.30182648,0,0.51702523
1,23,2,1,0,1,0,4,0,1.0,1.0,0.18970925,1.0,0.1622749,0,0.5122074
1,29,0,1,0,0,1,2,1,0.0,1.0,0.3423552,0.0,0.6214038,0,0.5169433
1,29,0,1,0,0,0,4,0,0.0,1.0,0.40949154,1.0,0.4035052,0,0.51691747
0,33,0,1,0,0,0,5,0,1.0,1.0,0.46417868,0.0,0.5786557,0,0.5169051
1,47,1,0,0,0,0,3,0,0.0,0.0,0.64784825,0.0,0.6371641,0,0.51693135
1,60,1,1,0,0,0,19,0,1.0,1.0,0.40386754,0.0,0.7170073,0,0.51698613
0,32,0,1,0,0,0,3,1,0.0,0.0,0.6384562,0.0,0.5934775,0,0.51692194
1,26,0,0,0,0,0,0,1,1.0,0.0,0.62179464,0.0,0.5999199,0,0.51702434
1,58,1,0,0,0,0,2,0,0.0,0.0,0.76584697,0.0,0.72606754,0,0.5169492
1,22,2,1,0,0,0,1,0,1.0,1.0,0.36358446,1.0,0.3400435,0,0.51671946
1,34,0,1,0,0,0,0,0,1.0,0.0,0.75608844,0.0,0.6383201,0,0.5169318
1,26,0,1,1,0,0,3,0,1.0,1.0,0.22731686,1.0,0.26096982,0,0.5160343
1,43,0,1,0,0,0,0,0,1.0,0.0,0.80320495,0.0,0.71717393,0,0.51693237
1,21,2,1,0,0,0,0,0,0.0,1.0,0.49198413,1.0,0.41739076,0,0.5169247
0,27,0,1,0,0,0,1,1,0.0,0.0,0.58846354,1.0,0.48463327,0,0.51685876
1,37,0,1,0,0,0,3,1,1.0,0.0,0.6184895,0.0,0.5702974,0,0.5168962
1,34,0,1,0,0,0,3,1,0.0,0.0,0.58566797,1.0,0.49658632,0,0.5168587
1,45,1,1,1,0,0,12,1,1.0,1.0,0.29633337,1.0,0.3706175,0,0.5160494
1,41,0,1,0,0,0,31,0,1.0,1.0,0.08687425,0.0,0.55987465,0,0.5168865
1,30,0,0,0,0,0,9,0,1.0,1.0,0.28189766,1.0,0.37838238,0,0.516899
1,35,0,1,0,0,0,2,1,0.0,0.0,0.630726,0.0,0.53346395,0,0.5168481
1,31,0,0,0,0,0,0,0,0.0,0.0,0.74276876,0.0,0.6218904,0,0.51694536
1,38,0,1,0,0,0,8,1,1.0,1.0,0.48481935,0.0,0.5681271,0,0.5168913
1,22,2,1,0,0,0,0,0,0.0,0.0,0.5615213,0.0,0.578328,0,0.51696116
1,24,2,1,0,1,0,9,0,1.0,1.0,0.15620452,1.0,0.16660684,0,0.5123299
1,22,2,1,0,0,1,0,0,1.0,0.0,0.51047873,1.0,0.48487592,0,0.5169802
1,25,0,1,0,0,0,1,1,0.0,1.0,0.42818773,1.0,0.43884313,0,0.5170163
1,24,2,0,0,0,0,0,0,0.0,0.0,0.69558257,0.0,0.5594153,0,0.5170947
1,45,1,1,0,0,0,8,0,1.0,1.0,0.49563396,0.0,0.62024146,0,0.516941
1,37,0,1,0,0,0,3,1,0.0,0.0,0.6184895,0.0,0.5702974,0,0.5168962
1,27,0,1,0,2,1,18,0,1.0,1.0,0.26226002,1.0,0.22221899,0,0.5156665
0,42,0,0,0,0,0,0,1,0.0,0.0,0.83326095,0.0,0.72610694,0,0.5169446
1,25,0,0,0,0,0,2,1,1.0,1.0,0.3815778,1.0,0.41940325,0,0.51702833
1,35,0,1,0,0,0,8,1,1.0,1.0,0.45039344,1.0,0.49486995,0,0.5168537
1,30,0,1,0,0,0,3,0,1.0,1.0,0.4739468,1.0,0.42359853,0,0.5168766
0,42,0,1,0,0,0,1,0,0.0,0.0,0.69743454,0.0,0.6791395,0,0.51692283
1,60,1,1,0,0,0,1,1,1.0,0.0,0.76476026,0.0,0.72856885,0,0.51695687
0,43,0,0,0,0,0,0,1,0.0,0.0,0.83776724,0.0,0.72644556,0,0.5169457
1,33,0,0,0,0,0,1,1,0.0,0.0,0.6193712,0.0,0.5073623,0,0.5168784
1,40,0,1,0,0,0,0,0,0.0,0.0,0.79123646,0.0,0.70666134,0,0.5169225
0,30,0,1,0,0,0,3,0,0.0,1.0,0.4949386,0.0,0.50188106,0,0.51686794
0,38,0,0,0,0,0,1,1,0.0,0.0,0.724869,0.0,0.64607465,0,0.516922
1,28,0,0,0,0,0,0,0,0.0,0.0,0.7037338,0.0,0.60691166,0,0.51694745
0,27,0,1,0,0,0,2,1,0.0,0.0,0.5536803,1.0,0.47128648,0,0.5168432
0,26,0,1,0,0,0,0,1,0.0,0.0,0.6188285,0.0,0.6204034,0,0.5169439
0,46,1,1,0,0,0,2,0,1.0,0.0,0.66980934,0.0,0.7215524,0,0.5169416
1,24,2,0,0,0,0,1,0,1.0,0.0,0.5065392,1.0,0.432855,0,0.5170094
1,56,1,0,0,0,0,3,0,0.0,0.0,0.71393704,0.0,0.7239381,0,0.51694524
0,29,0,1,0,0,0,0,1,1.0,0.0,0.67677987,0.0,0.6444995,0,0.51692474
1,37,0,1,0,0,1,2,1,0.0,1.0,0.39733684,0.0,0.70934886,0,0.516927
1,29,0,1,0,0,1,1,1,0.0,1.0,0.3876471,0.0,0.6244457,0,0.5169417
1,22,2,0,0,0,0,5,1,1.0,1.0,0.23685616,1.0,0.33998287,0,0.5167321
1,45,1,1,1,0,0,16,0,0.0,1.0,0.30769134,1.0,0.3533734,0,0.5160596
1,33,0,1,0,0,0,16,1,1.0,1.0,0.2713532,1.0,0.4484136,0,0.5168304
1,35,0,0,0,0,0,2,0,0.0,0.0,0.57202345,0.0,0.50173926,0,0.5168599
1,31,0,1,0,0,0,5,1,0.0,1.0,0.48483503,1.0,0.44371605,0,0.51683867
1,25,0,1,0,0,0,5,0,1.0,1.0,0.28893048,1.0,0.32180756,0,0.51703525
1,52,1,1,0,0,0,7,1,1.0,0.0,0.58446753,0.0,0.71347135,0,0.51693743
0,22,2,1,0,0,0,0,0,0.0,0.0,0.57541645,0.0,0.59312296,0,0.5170738
0,56,1,0,0,0,0,1,0,0.0,0.0,0.83086956,0.0,0.72924733,0,0.51696223
0,33,0,1,0,0,0,0,0,0.0,0.0,0.7443718,0.0,0.70783484,0,0.51692283
0,39,0,0,0,0,0,2,0,1.0,0.0,0.61532044,0.0,0.63358307,0,0.51693475
1,40,0,0,0,0,0,0,1,0.0,0.0,0.796886,0.0,0.71332586,0,0.51692903
1,37,0,0,0,0,0,3,0,0.0,0.0,0.53146005,0.0,0.5363597,0,0.516846
1,25,0,0,0,2,0,5,1,1.0,1.0,0.37905872,1.0,0.30869585,0,0.5159601
1,47,1,1,0,0,0,1,1,1.0,0.0,0.70450354,0.0,0.67688787,0,0.516922
0,47,1,0,0,0,0,1,0,1.0,0.0,0.7509017,0.0,0.72384596,0,0.51694375
0,39,0,0,0,0,0,0,1,1.0,0.0,0.82003504,0.0,0.72492504,0,0.5169412
1,45,1,1,0,0,0,4,1,0.0,0.0,0.61134267,0.0,0.63107395,0,0.51693726
1,31,0,0,0,0,0,1,0,0.0,0.0,0.61612856,1.0,0.46945792,0,0.5168546
1,43,0,1,0,0,0,4,0,0.0,0.0,0.5374999,0.0,0.60793793,0,0.51692855
1,31,0,1,0,0,0,4,0,1.0,1.0,0.44334012,1.0,0.4274233,0,0.51685363
1,30,0,0,0,0,1,1,0,0.0,0.0,0.6497874,0.0,0.62488717,0,0.516941
1,26,0,0,0,0,0,2,0,0.0,1.0,0.45099038,1.0,0.3939926,0,0.517017
0,46,1,1,0,0,0,1,0,1.0,0.0,0.6996461,0.0,0.72271734,0,0.51694244
1,31,0,1,0,0,0,0,0,0.0,0.0,0.7314825,0.0,0.6218904,0,0.51694536
1,31,0,1,0,0,0,9,0,0.0,1.0,0.29150718,1.0,0.39560598,0,0.51686686
1,21,2,1,0,0,0,0,0,0.0,1.0,0.49198413,1.0,0.41739076,0,0.5169247
0,28,0,1,0,0,0,1,0,0.0,0.0,0.57681125,1.0,0.48619354,0,0.5168574
1,49,1,1,0,0,0,3,0,1.0,0.0,0.65737414,0.0,0.6623039,0,0.5169125
0,21,2,1,0,0,0,1,0,0.0,1.0,0.33937335,1.0,0.3459965,0,0.5167464
1,24,2,1,0,0,2,0,0,1.0,0.0,0.58320236,0.0,0.5823596,0,0.5169673
1,39,0,1,0,0,0,0,1,1.0,0.0,0.7868738,0.0,0.7090997,0,0.516925
0,42,0,1,0,0,0,1,0,0.0,0.0,0.69743454,0.0,0.6791395,0,0.51692283
1,24,2,0,0,0,0,2,0,1.0,1.0,0.4467348,1.0,0.4207728,0,0.51700884
1,46,1,0,0,0,0,1,1,1.0,0.0,0.7144102,0.0,0.6598499,0,0.5169136
1,30,0,1,0,0,0,1,0,1.0,0.0,0.5986532,1.0,0.46280473,0,0.5168652
1,28,0,1,0,0,0,1,0,1.0,0.0,0.54892856,1.0,0.4486183,0,0.5169275
1,33,0,1,0,0,0,2,1,1.0,0.0,0.6054617,1.0,0.4903289,0,0.51686084
0,38,0,1,0,0,0,3,0,1.0,0.0,0.5728822,0.0,0.6252994,0,0.51694137
0,23,2,1,0,0,0,0,1,0.0,0.0,0.59303266,0.0,0.6470224,0,0.51709443
1,25,0,1,0,0,0,1,0,0.0,1.0,0.45764494,1.0,0.38313282,0,0.5170325
0,38,0,1,0,0,0,0,1,0.0,0.0,0.7721572,0.0,0.7242931,0,0.5169397
1,34,0,1,0,0,0,1,0,0.0,0.0,0.65945756,0.0,0.50216794,0,0.5168731
0,35,0,1,0,0,0,0,1,0.0,0.0,0.7475449,0.0,0.7205063,0,0.5169351
1,21,2,1,0,1,1,3,1,1.0,1.0,0.18547803,1.0,0.15307194,0,0.514687
1,25,0,1,0,0,0,0,0,1.0,0.0,0.6255344,0.0,0.59536725,0,0.5171607
1,48,1,1,0,0,0,1,1,0.0,0.0,0.7098478,0.0,0.69191825,0,0.5169287
1,29,0,1,0,0,0,0,1,0.0,0.0,0.6560159,0.0,0.6166995,0,0.51694036
1,61,1,1,0,0,0,1,1,0.0,0.0,0.76981485,0.0,0.72888136,0,0.51696193
1,30,0,0,0,0,0,0,0,0.0,0.0,0.73006403,0.0,0.61854136,0,0.51694274
1,28,0,1,0,0,0,25,0,1.0,1.0,0.086455286,1.0,0.21910954,0,0.5169847
1,68,1,0,0,0,0,0,1,0.0,0.0,0.9463718,0.0,0.9231161,0,0.5174112
1,37,0,1,0,0,0,9,0,1.0,1.0,0.33709645,0.0,0.5053938,0,0.51682955
1,46,1,1,0,0,0,0,1,0.0,0.0,0.75739753,0.0,0.72507674,0,0.51694167
0,29,0,1,0,0,0,1,0,1.0,0.0,0.5882137,0.0,0.5021672,0,0.5168775
1,37,0,1,0,0,0,7,0,0.0,1.0,0.39398432,0.0,0.5121831,0,0.5168255
1,27,0,0,0,0,0,0,0,1.0,0.0,0.68937457,0.0,0.6007487,0,0.51697934
0,45,1,1,0,0,0,9,1,0.0,0.0,0.51712984,0.0,0.71991956,0,0.51694345
1,51,1,1,0,0,0,1,1,1.0,0.0,0.7267345,0.0,0.7180841,0,0.5169386
0,39,0,1,0,0,0,0,0,0.0,0.0,0.7815554,0.0,0.72398007,0,0.51693904
1,28,0,0,0,0,0,0,0,1.0,0.0,0.7037338,0.0,0.60691166,0,0.51694745
1,22,2,1,0,0,0,3,0,1.0,1.0,0.27164733,1.0,0.33789712,0,0.51668286
1,25,0,0,0,0,0,0,1,1.0,0.0,0.59057343,0.0,0.5991976,0,0.51713336
1,24,2,1,0,0,0,3,0,0.0,1.0,0.3556894,1.0,0.41292202,0,0.5170046
1,21,2,0,0,0,0,0,0,0.0,0.0,0.5536446,1.0,0.41739076,0,0.5169247
1,29,0,0,0,0,0,2,1,0.0,1.0,0.4959849,1.0,0.4483059,0,0.51687324
1,53,1,1,0,0,0,13,0,0.0,1.0,0.44177127,0.0,0.70636255,0,0.5169296
1,48,1,1,0,0,0,4,0,0.0,0.0,0.62616634,0.0,0.643798,0,0.51692444
1,25,0,0,0,0,0,5,0,1.0,1.0,0.30965966,1.0,0.32180756,0,0.51703525
1,44,0,0,0,0,0,1,1,0.0,0.0,0.7139108,0.0,0.62375104,0,0.51694334
1,34,0,0,0,0,0,0,0,0.0,0.0,0.7696165,0.0,0.6383201,0,0.5169318
1,38,0,0,0,0,0,2,0,1.0,0.0,0.5905664,0.0,0.57228315,0,0.5168991
1,28,0,0,0,0,0,0,0,0.0,0.0,0.7037338,0.0,0.60691166,0,0.51694745
1,26,0,1,0,0,0,9,0,1.0,1.0,0.22507644,1.0,0.31397915,0,0.517027
1,25,0,1,0,0,0,0,0,0.0,0.0,0.6255344,0.0,0.59536725,0,0.5171607
1,22,2,1,0,0,0,1,0,1.0,1.0,0.36358446,1.0,0.3400435,0,0.51671946
1,37,0,0,0,0,0,7,0,1.0,1.0,0.3933881,0.0,0.5121831,0,0.5168255
1,37,0,1,0,0,0,4,0,0.0,0.0,0.5016837,0.0,0.5276556,0,0.5168357
0,48,1,0,0,0,0,1,1,0.0,0.0,0.77266604,0.0,0.72581005,0,0.5169472
1,23,2,1,0,0,0,0,0,0.0,0.0,0.6059553,0.0,0.57796526,0,0.5170456
1,28,0,0,0,0,0,3,1,1.0,1.0,0.43004245,1.0,0.4354815,0,0.51691496
1,43,0,1,0,0,0,3,0,1.0,0.0,0.5842879,0.0,0.6105772,0,0.51693183
0,50,1,0,0,0,0,0,1,1.0,0.0,0.8897525,0.0,0.7341938,0,0.5169582
1,23,2,1,0,0,0,2,1,0.0,1.0,0.33184952,1.0,0.39639688,0,0.51696414
1,24,2,1,0,0,0,7,0,1.0,1.0,0.2537552,1.0,0.3921035,0,0.5169888
1,34,0,1,0,0,0,3,1,0.0,0.0,0.58566797,1.0,0.49658632,0,0.5168587
1,27,0,1,0,0,0,0,1,0.0,0.0,0.6123949,0.0,0.6036936,0,0.516958
1,56,1,1,0,0,0,9,0,0.0,0.0,0.53296244,0.0,0.7220285,0,0.516946
1,56,1,1,0,0,0,0,0,0.0,0.0,0.8445731,0.0,0.7310332,0,0.5169532
1,25,0,1,0,0,0,4,0,1.0,1.0,0.31859797,1.0,0.3350305,0,0.51703584
0,20,2,0,0,0,0,0,0,1.0,1.0,0.4987417,1.0,0.36772597,0,0.516807
1,32,0,1,0,0,0,0,1,0.0,0.0,0.7092569,0.0,0.62795424,0,0.5169423
1,23,2,1,0,0,0,0,0,0.0,0.0,0.6059553,0.0,0.57796526,0,0.5170456
1,30,0,1,0,0,0,1,0,0.0,0.0,0.5986532,1.0,0.46280473,0,0.5168652
0,48,1,1,0,0,0,0,1,0.0,0.0,0.79713595,0.0,0.7310525,0,0.51695347
1,27,0,1,0,0,0,1,0,0.0,0.0,0.52222884,1.0,0.4354499,0,0.5169634
1,60,1,1,0,0,0,9,0,0.0,0.0,0.553302,0.0,0.72385085,0,0.5169634
1,43,0,1,1,0,0,20,0,0.0,1.0,0.27547413,1.0,0.3306886,0,0.5160826
1,23,2,1,0,0,0,0,0,0.0,0.0,0.6059553,0.0,0.57796526,0,0.5170456
0,21,2,1,0,0,0,1,0,1.0,1.0,0.33937335,1.0,0.3459965,0,0.5167464
1,29,0,1,0,0,0,6,0,1.0,1.0,0.3418957,1.0,0.38756877,0,0.51692647
1,36,0,0,0,0,0,11,1,1.0,1.0,0.33917582,0.0,0.5088006,0,0.51682305
0,21,2,1,0,0,0,0,0,1.0,0.0,0.5081465,0.0,0.58362323,0,0.5169579
1,26,0,0,0,0,0,2,0,0.0,1.0,0.45099038,1.0,0.3939926,0,0.517017
1,25,0,0,0,0,0,1,1,1.0,1.0,0.4254918,1.0,0.43884313,0,0.5170163
1,35,0,0,0,0,0,0,0,1.0,0.0,0.7772926,0.0,0.65013206,0,0.51692015
1,32,0,1,0,0,0,1,1,0.0,0.0,0.62432736,1.0,0.49184465,0,0.5168673
1,35,0,1,3,0,0,13,0,0.0,1.0,0.25977415,1.0,0.28302407,0,0.51610833
1,37,0,1,0,0,0,0,1,0.0,0.0,0.76881677,0.0,0.69211864,0,0.51692545
1,22,2,0,0,0,3,0,1,0.0,0.0,0.55636525,0.0,0.5492368,0,0.5170719
1,20,2,1,1,0,0,1,0,1.0,1.0,0.13797247,1.0,0.08575225,0,0.51546746
0,32,0,1,0,0,0,0,1,1.0,0.0,0.71801925,0.0,0.7063574,0,0.5169228
1,23,2,0,0,1,0,2,0,1.0,1.0,0.31391925,1.0,0.21756834,0,0.5126265
1,55,1,1,0,0,0,1,0,0.0,0.0,0.73257107,0.0,0.7239207,0,0.5169437
1,32,0,1,0,0,0,13,0,1.0,1.0,0.22669905,1.0,0.3976302,0,0.51684976
1,57,1,0,0,0,0,1,1,0.0,0.0,0.78570765,0.0,0.72685164,0,0.51694953
1,24,2,1,0,0,0,0,0,0.0,0.0,0.64342463,0.0,0.5594153,0,0.5170947
1,51,1,0,0,0,0,1,0,0.0,0.0,0.7551035,0.0,0.71033645,0,0.51693165
1,32,0,1,0,0,0,1,1,0.0,0.0,0.62432736,1.0,0.49184465,0,0.5168673
1,31,0,1,0,0,0,0,0,0.0,0.0,0.7314825,0.0,0.6218904,0,0.51694536
1,30,0,1,0,0,0,13,0,1.0,1.0,0.21281463,1.0,0.35501993,0,0.5169056
1,22,2,0,0,0,0,1,0,1.0,1.0,0.40873778,1.0,0.3400435,0,0.51671946
1,28,0,1,0,0,0,0,0,0.0,0.0,0.69412374,0.0,0.60691166,0,0.51694745
1,24,2,1,0,0,0,0,1,1.0,0.0,0.53606486,0.0,0.5737591,0,0.51709586
1,20,2,1,1,0,0,1,0,1.0,1.0,0.13797247,1.0,0.08575225,0,0.51546746
1,46,1,0,0,0,0,3,0,0.0,0.0,0.6430948,0.0,0.6294925,0,0.51693803
1,43,0,0,0,0,0,12,0,0.0,1.0,0.32056838,0.0,0.5969994,0,0.5169232
1,47,1,0,0,0,0,11,0,0.0,1.0,0.45002753,0.0,0.62688375,0,0.51693887
1,30,0,1,0,0,0,1,1,0.0,0.0,0.58203924,1.0,0.47205406,0,0.5168552
1,26,0,1,0,0,1,9,0,1.0,1.0,0.18535453,0.0,0.5527188,0,0.51692015
1,42,0,0,0,0,0,1,1,0.0,0.0,0.70082325,0.0,0.61908114,0,0.51694316
1,32,0,0,0,0,0,5,0,1.0,1.0,0.4090622,1.0,0.43569505,0,0.51684296
1,23,2,0,0,0,0,2,0,1.0,1.0,0.40739065,1.0,0.35626525,0,0.5168768
0,21,2,1,0,0,0,2,0,1.0,1.0,0.2983309,1.0,0.34323895,0,0.51672786
0,39,0,1,0,0,0,1,0,0.0,0.0,0.67958856,0.0,0.6391429,0,0.5169291
1,27,0,0,0,0,0,0,1,1.0,0.0,0.64899755,0.0,0.6036936,0,0.516958
1,23,2,0,0,0,1,1,1,0.0,0.0,0.51920605,1.0,0.3520558,0,0.5167331
1,38,0,1,0,0,0,0,0,0.0,0.0,0.7816398,0.0,0.6914585,0,0.5169256
1,23,2,1,0,0,0,0,1,1.0,1.0,0.49741787,0.0,0.57884145,0,0.517069
1,29,0,1,0,0,0,4,0,1.0,1.0,0.40949154,1.0,0.4035052,0,0.51691747
1,34,0,1,0,0,0,4,1,1.0,0.0,0.5533531,1.0,0.49105412,0,0.5168559
1,38,0,1,0,0,0,2,1,1.0,0.0,0.66283476,0.0,0.5956072,0,0.51692504
1,65,1,0,0,0,0,1,0,1.0,0.0,0.8391012,0.0,0.72944134,0,0.51698303
1,23,2,0,0,0,0,0,0,1.0,0.0,0.6620476,0.0,0.57796526,0,0.5170456
1,28,0,1,0,0,0,0,0,0.0,0.0,0.69412374,0.0,0.60691166,0,0.51694745
1,27,0,0,0,0,0,0,1,0.0,0.0,0.64899755,0.0,0.6036936,0,0.516958
1,33,0,0,0,0,0,0,1,0.0,0.0,0.74141335,0.0,0.63549376,0,0.51693475
1,32,0,0,0,1,0,2,0,0.0,0.0,0.60243356,0.0,0.6359308,0,0.5150837
1,32,0,0,0,0,0,1,0,1.0,0.0,0.62463343,1.0,0.4780144,0,0.5168537
1,20,2,1,1,0,1,1,0,1.0,1.0,0.29749054,1.0,0.046390176,0,0.51494837
1,19,2,1,2,0,0,2,0,1.0,1.0,0.08273345,1.0,0.057074368,0,0.51474684
1,43,0,1,0,0,0,1,1,0.0,0.0,0.740602,0.0,0.62114465,0,0.5169438
1,30,0,1,0,0,0,1,0,0.0,0.0,0.5986532,1.0,0.46280473,0,0.5168652
1,38,0,0,0,0,0,2,0,0.0,0.0,0.5905664,0.0,0.57228315,0,0.5168991
1,34,0,0,0,0,0,4,0,1.0,1.0,0.4648221,1.0,0.47434664,0,0.51684237
1,26,0,1,0,0,0,5,0,1.0,1.0,0.31358397,1.0,0.36089873,0,0.51702964
1,52,1,0,0,0,0,0,1,0.0,0.0,0.8646766,0.0,0.7277333,0,0.516949
1,43,0,1,0,0,0,0,1,0.0,0.0,0.807101,0.0,0.7202792,0,0.51693445
1,58,1,0,0,0,0,8,1,0.0,0.0,0.61461675,0.0,0.7242389,0,0.51695895
1,27,0,1,0,0,0,2,0,0.0,1.0,0.4607365,1.0,0.41160297,0,0.51697904
0,41,0,0,0,0,0,12,0,1.0,1.0,0.34419966,0.0,0.64119434,0,0.5169247
1,33,0,1,0,0,0,3,0,1.0,0.0,0.5176511,1.0,0.46557176,0,0.5168435
1,39,0,0,0,0,0,0,0,0.0,0.0,0.8032247,0.0,0.700541,0,0.5169232
1,31,0,0,1,0,0,2,1,1.0,1.0,0.34548855,1.0,0.3001632,0,0.51609266
1,20,2,0,0,0,0,0,1,1.0,1.0,0.35967863,1.0,0.41894484,0,0.516701
0,48,1,0,0,0,0,1,0,0.0,0.0,0.75906134,0.0,0.72464085,0,0.51694494
1,47,1,1,0,0,0,3,1,0.0,0.0,0.6468606,0.0,0.6559342,0,0.5169154
1,36,0,1,0,0,0,0,1,0.0,0.0,0.75831395,0.0,0.6781155,0,0.51692027
1,27,0,1,0,0,0,7,1,1.0,1.0,0.3431478,1.0,0.4027238,0,0.5169765
1,66,1,1,0,0,0,3,0,0.0,0.0,0.7256308,0.0,0.7279092,0,0.5170186
1,37,0,0,0,0,0,0,1,0.0,0.0,0.77635217,0.0,0.69211864,0,0.51692545
1,46,1,0,0,0,0,0,1,0.0,0.0,0.828953,0.0,0.72507674,0,0.51694167
0,53,1,1,0,0,0,0,0,0.0,0.0,0.82069355,0.0,0.745805,0,0.5169625
1,44,0,0,0,0,0,0,1,0.0,0.0,0.81806135,0.0,0.72167134,0,0.51693517
1,60,1,1,0,0,0,12,0,0.0,0.0,0.50261813,0.0,0.72217655,0,0.5169689
1,27,0,1,0,1,1,8,0,1.0,1.0,0.3373785,1.0,0.38255376,0,0.5155097
1,22,2,0,0,0,0,3,0,1.0,1.0,0.3143826,1.0,0.33789712,0,0.51668286
1,22,2,0,0,0,0,1,0,1.0,1.0,0.40873778,1.0,0.3400435,0,0.51671946
1,23,2,1,0,0,0,0,0,0.0,0.0,0.6059553,0.0,0.57796526,0,0.5170456
1,22,2,0,0,0,0,1,0,1.0,1.0,0.40873778,1.0,0.3400435,0,0.51671946
1,24,2,0,0,0,0,1,0,0.0,0.0,0.5065392,1.0,0.432855,0,0.5170094
1,36,0,0,0,0,0,1,0,0.0,0.0,0.65380204,0.0,0.54739916,0,0.5168689
0,54,1,1,0,0,0,0,0,0.0,0.0,0.82561755,0.0,0.7585802,0,0.516981
1,34,0,1,0,0,0,0,1,0.0,0.0,0.7359487,0.0,0.6475251,0,0.5169221
1,29,0,0,0,0,0,0,1,1.0,0.0,0.6867639,0.0,0.6166995,0,0.51694036
1,39,0,1,0,0,0,2,1,0.0,0.0,0.6720375,0.0,0.60476965,0,0.5169282
1,33,0,1,0,0,0,19,0,1.0,1.0,0.16178387,1.0,0.4010899,0,0.51684177
1,53,1,0,0,0,0,1,1,1.0,0.0,0.7563372,0.0,0.72312933,0,0.5169434
1,39,0,1,0,0,0,3,1,0.0,0.0,0.6365484,0.0,0.59926796,0,0.51692677
1,57,1,1,0,0,0,0,1,0.0,0.0,0.8317257,0.0,0.73572814,0,0.5169589
1,33,0,1,0,0,0,0,0,0.0,0.0,0.7486538,0.0,0.6301129,0,0.51693964
1,66,1,0,0,0,0,1,1,0.0,0.0,0.8428771,0.0,0.731155,0,0.517026
1,38,0,1,0,0,0,9,0,1.0,1.0,0.34417868,0.0,0.53082967,0,0.51683795
1,36,0,1,0,0,0,0,0,0.0,0.0,0.7692797,0.0,0.66382635,0,0.5169115
1,51,1,1,0,0,0,11,1,1.0,1.0,0.48684788,0.0,0.69727707,0,0.51693094
1,27,0,1,0,0,0,3,0,1.0,1.0,0.41204906,1.0,0.39932674,0,0.51698923
1,53,1,1,0,0,0,3,0,1.0,0.0,0.67310774,0.0,0.717373,0,0.5169386
1,22,2,0,0,0,0,3,0,1.0,1.0,0.3143826,1.0,0.33789712,0,0.51668286
1,67,1,1,0,0,0,0,1,1.0,0.0,0.89528894,0.0,0.9244504,0,0.51720583
1,35,0,1,0,0,0,1,1,1.0,0.0,0.67396903,0.0,0.5589526,0,0.516888
1,49,1,1,0,0,0,0,1,0.0,0.0,0.7754855,0.0,0.7261641,0,0.51694524
1,26,0,0,0,0,0,10,0,1.0,1.0,0.21869195,1.0,0.30182648,0,0.51702523
1,28,0,1,0,0,0,2,0,1.0,1.0,0.48696625,1.0,0.42083585,0,0.51693773
1,30,0,1,0,0,0,4,1,1.0,1.0,0.49018884,1.0,0.43665904,0,0.51685166
0,33,0,1,0,0,0,3,1,0.0,0.0,0.65518254,0.0,0.60724336,0,0.5169278
1,41,0,0,0,0,0,11,0,1.0,1.0,0.32787174,0.0,0.57960075,0,0.5169083
1,21,2,1,0,0,0,1,0,1.0,1.0,0.2917223,1.0,0.3256204,0,0.51650846
1,31,0,1,0,1,0,5,1,1.0,1.0,0.46196032,0.0,0.60741603,0,0.51515675
1,24,2,1,0,0,0,11,0,1.0,1.0,0.1822257,1.0,0.3744282,0,0.5169689
1,43,0,0,0,0,0,4,1,0.0,0.0,0.56751585,0.0,0.61665046,0,0.5169397
0,35,0,1,0,0,0,7,0,1.0,1.0,0.43354815,0.0,0.60430175,0,0.51692647
1,44,0,0,0,0,0,4,1,1.0,0.0,0.57600605,0.0,0.6194962,0,0.51694214
0,24,2,1,0,0,0,6,1,0.0,1.0,0.39455664,1.0,0.3986467,0,0.51695067
1,21,2,1,0,1,2,1,0,0.0,1.0,0.27117026,1.0,0.16242945,0,0.51466835
1,43,0,0,0,0,0,2,0,0.0,0.0,0.60884714,0.0,0.6136062,0,0.51693547
1,35,0,1,0,0,0,1,1,0.0,0.0,0.67396903,0.0,0.5589526,0,0.516888
1,21,2,0,0,0,0,0,1,1.0,1.0,0.45813608,1.0,0.46288943,0,0.5169467
1,43,0,1,0,0,0,9,0,1.0,1.0,0.37143975,0.0,0.5996562,0,0.5169255
1,20,2,1,0,1,0,1,0,1.0,1.0,0.14713895,1.0,0.02656424,0,0.51155627
1,26,0,0,0,0,0,1,0,0.0,0.0,0.5226793,1.0,0.4132887,0,0.51700246
0,26,0,1,0,0,0,5,0,1.0,1.0,0.3689854,1.0,0.44904345,0,0.5168858
1,51,1,0,0,0,0,0,0,0.0,0.0,0.88787293,0.0,0.7265761,0,0.5169467
0,45,1,1,0,0,0,0,1,0.0,0.0,0.77998924,0.0,0.7285745,0,0.51694953
1,49,1,1,0,0,0,1,0,1.0,0.0,0.71796703,0.0,0.6840122,0,0.51692736
1,33,0,0,0,0,0,10,1,0.0,1.0,0.32425725,1.0,0.4596148,0,0.51683354
1,33,0,1,0,0,0,3,0,1.0,0.0,0.5176511,1.0,0.46557176,0,0.5168435
1,45,1,1,0,0,0,10,0,1.0,1.0,0.449755,0.0,0.619215,0,0.5169402
1,27,0,0,0,0,0,1,0,0.0,0.0,0.5504911,1.0,0.4354499,0,0.5169634
1,23,2,1,1,0,1,3,0,0.0,1.0,0.3924595,0.0,0.80992436,0,0.51520455
0,24,2,0,0,0,4,1,1,0.0,0.0,0.5826764,1.0,0.3898483,0,0.51689136
1,29,0,1,0,0,0,3,1,0.0,1.0,0.48979568,1.0,0.4370278,0,0.5168792
0,24,2,1,0,0,0,2,0,1.0,1.0,0.46256918,1.0,0.42819142,0,0.5169631
1,48,1,1,0,0,0,6,0,0.0,0.0,0.56525564,0.0,0.63872385,0,0.51692957
1,24,2,1,0,0,0,1,0,1.0,1.0,0.4660493,1.0,0.432855,0,0.5170094
1,25,0,1,0,0,0,0,0,0.0,0.0,0.6255344,0.0,0.59536725,0,0.5171607
0,20,2,1,0,0,0,0,0,0.0,1.0,0.40458488,1.0,0.36772597,0,0.516807
1,26,0,0,0,0,0,0,1,0.0,0.0,0.62179464,0.0,0.5999199,0,0.51702434
1,29,0,1,0,0,0,5,0,1.0,1.0,0.37279016,1.0,0.39517862,0,0.5169223
1,22,2,1,0,0,0,0,1,0.0,1.0,0.45164138,0.0,0.58757025,0,0.5169827
1,54,1,0,0,0,0,11,0,1.0,0.0,0.5078655,0.0,0.71522343,0,0.51693976
1,24,2,1,0,0,1,0,0,0.0,0.0,0.5810324,0.0,0.57405365,0,0.51700836
1,23,2,0,0,0,3,0,1,0.0,0.0,0.6003504,0.0,0.5780455,0,0.51701546
1,38,0,0,0,0,0,0,0,0.0,0.0,0.7975392,0.0,0.6914585,0,0.5169256
1,28,0,0,0,0,0,4,0,1.0,1.0,0.39869952,1.0,0.39748013,0,0.5169548
1,25,0,1,0,0,0,2,1,1.0,1.0,0.39589292,1.0,0.41940325,0,0.51702833
0,43,0,0,0,0,0,0,1,0.0,0.0,0.83776724,0.0,0.72644556,0,0.5169457
1,28,0,1,0,0,0,3,1,0.0,1.0,0.46410978,1.0,0.4354815,0,0.51691496
1,27,0,1,0,0,0,5,0,1.0,1.0,0.33891946,1.0,0.3812968,0,0.5170024
1,43,0,0,0,0,0,0,1,1.0,0.0,0.81269646,0.0,0.7202792,0,0.51693445
1,55,1,0,0,0,0,0,1,0.0,0.0,0.8826279,0.0,0.7305565,0,0.51695234
1,31,0,1,0,0,0,8,0,1.0,1.0,0.31716383,1.0,0.40155423,0,0.51686376
1,20,2,1,1,0,1,1,0,1.0,1.0,0.29749054,1.0,0.046390176,0,0.51494837
1,51,1,1,1,0,0,19,0,1.0,1.0,0.32869118,1.0,0.4139908,0,0.5160007
1,25,0,1,0,0,0,2,0,1.0,1.0,0.39795423,1.0,0.36357647,0,0.5170362
1,27,0,0,0,0,0,1,0,0.0,0.0,0.5504911,1.0,0.4354499,0,0.5169634
1,46,1,1,0,0,0,4,0,0.0,0.0,0.6134683,0.0,0.6276954,0,0.51693934
0,24,2,1,0,0,0,1,0,1.0,0.0,0.50664735,1.0,0.44777745,0,0.5169654
1,27,0,1,0,0,0,3,0,1.0,1.0,0.41204906,1.0,0.39932674,0,0.51698923
1,51,1,0,0,0,0,1,1,0.0,0.0,0.7427473,0.0,0.7180841,0,0.5169386
1,51,1,1,0,0,0,15,0,1.0,1.0,0.39688718,0.0,0.67037046,0,0.5169168
1,29,0,1,0,0,0,5,0,1.0,1.0,0.37279016,1.0,0.39517862,0,0.5169223
0,22,2,0,0,0,0,1,0,0.0,1.0,0.460029,1.0,0.41079533,0,0.51700234
1,44,0,0,0,0,0,0,1,1.0,0.0,0.81806135,0.0,0.72167134,0,0.51693517
1,27,0,1,0,0,0,6,0,1.0,1.0,0.30948454,1.0,0.3725589,0,0.51700693
0,30,0,1,0,0,0,8,0,1.0,1.0,0.36018795,1.0,0.48826152,0,0.51684487
1,49,1,1,0,0,0,3,0,1.0,0.0,0.65737414,0.0,0.6623039,0,0.5169125
1,20,2,0,0,0,0,0,1,1.0,1.0,0.35967863,1.0,0.41894484,0,0.516701
0,37,0,0,0,0,0,0,1,0.0,0.0,0.8085677,0.0,0.72339153,0,0.5169378
1,31,0,0,0,0,0,10,0,1.0,1.0,0.2726897,1.0,0.3902632,0,0.5168695
1,26,0,1,0,0,0,6,1,1.0,1.0,0.33060533,1.0,0.39910287,0,0.5170157
1,35,0,1,0,0,0,8,1,0.0,1.0,0.45039344,1.0,0.49486995,0,0.5168537
1,25,0,1,0,0,0,0,0,1.0,0.0,0.6255344,0.0,0.59536725,0,0.5171607
1,59,1,1,0,0,0,0,1,0.0,0.0,0.84412444,0.0,0.75044197,0,0.5169639
0,29,0,0,0,0,0,0,1,0.0,0.0,0.7341119,0.0,0.6444995,0,0.51692474
1,19,2,1,1,0,0,1,0,1.0,1.0,0.09614539,1.0,0.06909329,0,0.51445127
1,51,1,0,0,0,0,2,0,0.0,0.0,0.7100411,0.0,0.7033186,0,0.5169267
1,23,2,1,0,0,0,1,1,0.0,1.0,0.3767922,1.0,0.4079802,0,0.51697457
1,31,0,1,0,0,0,1,1,0.0,0.0,0.60502267,1.0,0.48011106,0,0.5168556
1,40,0,1,0,0,0,1,0,0.0,0.0,0.7062494,0.0,0.6063808,0,0.5169283
1,24,2,1,0,0,0,0,1,1.0,0.0,0.53606486,0.0,0.5737591,0,0.51709586
1,23,2,0,0,0,0,0,0,0.0,0.0,0.6620476,0.0,0.57796526,0,0.5170456
1,33,0,1,0,0,0,4,0,1.0,1.0,0.4691391,1.0,0.4583187,0,0.51684123
1,47,1,1,0,0,0,12,0,1.0,1.0,0.42433,0.0,0.62647873,0,0.516939
1,33,0,1,0,0,0,14,0,1.0,1.0,0.21814328,1.0,0.41719836,0,0.51683897
1,23,2,0,0,0,1,1,1,1.0,0.0,0.51920605,1.0,0.3520558,0,0.5167331
1,47,1,1,0,0,0,17,0,0.0,1.0,0.34748304,0.0,0.6252184,0,0.51693916
1,21,2,0,0,0,0,0,0,0.0,0.0,0.5536446,1.0,0.41739076,0,0.5169247
1,20,2,1,0,0,0,0,1,1.0,1.0,0.29055333,1.0,0.41894484,0,0.516701
1,26,0,1,0,0,0,2,1,0.0,1.0,0.4319374,1.0,0.4399268,0,0.5169918
1,25,0,1,0,0,1,1,0,1.0,1.0,0.3547845,0.0,0.6003803,0,0.5169311
1,32,0,1,0,0,0,17,0,1.0,1.0,0.17554343,1.0,0.38127857,0,0.5168544
1,24,2,1,0,0,0,0,0,1.0,0.0,0.64342463,0.0,0.5594153,0,0.5170947
1,24,2,1,0,0,0,1,1,0.0,1.0,0.42833036,1.0,0.4743368,0,0.5169818
1,50,1,0,0,0,0,0,1,1.0,0.0,0.8518989,0.0,0.726557,0,0.5169465
0,51,1,0,0,0,0,0,0,0.0,0.0,0.8825198,0.0,0.73445135,0,0.5169581
1,31,0,1,0,0,0,2,0,1.0,0.0,0.5510084,1.0,0.45003378,0,0.51685184
1,20,2,1,0,0,0,1,0,1.0,1.0,0.19985974,1.0,0.06406546,0,0.516296
1,41,0,1,0,1,0,9,1,0.0,1.0,0.4733792,1.0,0.39747,0,0.5146625
1,23,2,1,0,0,0,3,0,1.0,1.0,0.31500936,1.0,0.3505119,0,0.5168646
1,36,0,1,0,0,0,9,0,1.0,1.0,0.32984334,1.0,0.48700696,0,0.5168524
1,62,1,1,0,0,0,0,1,0.0,0.0,0.8603151,0.0,0.836246,0,0.5169743
1,36,0,0,0,0,0,1,0,0.0,0.0,0.65380204,0.0,0.54739916,0,0.5168689
1,22,2,1,0,0,1,0,0,0.0,0.0,0.51047873,1.0,0.48487592,0,0.5169802
1,22,2,0,0,0,0,0,0,1.0,0.0,0.62133104,0.0,0.578328,0,0.51696116
1,43,0,1,0,0,0,1,1,1.0,0.0,0.740602,0.0,0.62114465,0,0.5169438
1,26,0,1,0,0,0,3,1,1.0,1.0,0.4026879,1.0,0.42789412,0,0.51700073
0,58,1,1,0,0,0,3,1,0.0,0.0,0.6969479,0.0,0.7300179,0,0.51704675
1,47,1,0,0,0,0,0,1,0.0,0.0,0.8353714,0.0,0.72547615,0,0.516943
1,26,0,1,0,0,0,2,0,0.0,1.0,0.43140244,1.0,0.3939926,0,0.517017
0,33,0,0,0,0,0,3,0,1.0,0.0,0.5324751,0.0,0.58709455,0,0.5169167
1,23,2,0,0,0,0,3,1,1.0,1.0,0.31198424,1.0,0.3893528,0,0.5169558
1,60,1,1,0,0,0,0,0,0.0,0.0,0.8637423,0.0,0.75355744,0,0.5169696
1,45,1,1,0,0,0,2,1,0.0,0.0,0.66212773,0.0,0.6367378,0,0.5169323
1,38,0,1,0,0,0,0,0,0.0,0.0,0.7816398,0.0,0.6914585,0,0.5169256
1,37,0,1,0,0,0,0,1,0.0,0.0,0.76881677,0.0,0.69211864,0,0.51692545
1,35,0,1,0,0,0,0,1,0.0,0.0,0.74772626,0.0,0.66290754,0,0.51691204
1,35,0,1,0,0,0,2,0,0.0,0.0,0.5988992,0.0,0.50173926,0,0.5168599
1,45,1,0,0,0,0,0,0,0.0,0.0,0.85399187,0.0,0.7237549,0,0.51693815
1,22,2,1,0,0,0,1,0,0.0,1.0,0.36358446,1.0,0.3400435,0,0.51671946
1,27,0,1,0,0,0,2,1,1.0,1.0,0.4653142,1.0,0.44666153,0,0.5169468
1,32,0,1,0,0,0,7,0,0.0,1.0,0.35349828,1.0,0.424852,0,0.5168445
0,51,1,0,0,0,0,14,0,0.0,1.0,0.46128142,0.0,0.7217033,0,0.5169593
1,39,0,1,0,0,0,3,0,1.0,0.0,0.5634768,0.0,0.57864493,0,0.51690793
0,49,1,1,0,0,0,25,0,1.0,1.0,0.27654988,0.0,0.7110364,0,0.51697224
1,35,0,1,0,0,0,2,1,0.0,0.0,0.630726,0.0,0.53346395,0,0.5168481
1,22,2,0,0,0,0,6,0,1.0,1.0,0.23170978,1.0,0.33507854,0,0.51664203
0,23,2,1,0,0,0,0,0,1.0,0.0,0.62157977,0.0,0.61141527,0,0.51709646
0,38,0,0,0,0,0,0,0,0.0,0.0,0.80561507,0.0,0.7230669,0,0.5169375
0,29,0,1,0,0,0,1,1,0.0,0.0,0.63638765,0.0,0.5299225,0,0.5168805
1,24,2,1,0,0,0,1,1,0.0,1.0,0.42833036,1.0,0.4743368,0,0.5169818
0,37,0,1,0,0,0,0,0,0.0,0.0,0.7707496,0.0,0.7217561,0,0.51693606
1,58,1,0,0,0,0,12,0,1.0,0.0,0.5376756,0.0,0.7228067,0,0.5169558
1,33,0,1,0,0,0,21,1,1.0,1.0,0.21102595,1.0,0.43948346,0,0.51682967
1,27,0,1,0,0,0,0,1,0.0,0.0,0.6123949,0.0,0.6036936,0,0.516958
1,38,0,1,0,0,0,1,1,0.0,0.0,0.7042172,0.0,0.60493374,0,0.5169285
1,58,1,0,0,0,0,1,0,1.0,0.0,0.8065557,0.0,0.72676337,0,0.516949
1,60,1,1,0,0,0,1,0,0.0,0.0,0.7586027,0.0,0.72806454,0,0.51695305
0,37,0,0,0,0,0,2,0,1.0,0.0,0.6040281,0.0,0.6223043,0,0.5169429
1,28,0,0,0,0,0,2,0,0.0,0.0,0.5008605,1.0,0.42083585,0,0.51693773
1,30,0,1,0,1,0,7,0,1.0,1.0,0.35528404,1.0,0.40467042,0,0.51540047
0,29,0,0,0,0,0,0,1,0.0,0.0,0.7341119,0.0,0.6444995,0,0.51692474
1,62,1,0,0,0,0,0,0,0.0,0.0,0.93753576,0.0,0.80688846,0,0.51697755
0,26,0,1,0,0,0,1,0,1.0,0.0,0.5424324,1.0,0.4814456,0,0.5168656
0,25,0,1,0,1,2,14,0,0.0,1.0,0.3535437,0.0,0.57315624,0,0.5153164
1,27,0,1,0,0,0,6,0,1.0,1.0,0.30948454,1.0,0.3725589,0,0.51700693
1,34,0,0,0,0,0,5,0,0.0,1.0,0.42819887,1.0,0.46947527,0,0.51684123
0,32,0,1,0,0,0,0,1,0.0,0.0,0.71801925,0.0,0.7063574,0,0.5169228
1,30,0,1,0,0,0,0,1,0.0,0.0,0.67634594,0.0,0.62057525,0,0.5169451
1,33,0,0,0,0,0,0,1,1.0,0.0,0.74141335,0.0,0.63549376,0,0.51693475
0,22,2,1,0,0,0,0,1,0.0,0.0,0.54433405,0.0,0.6065686,0,0.5170884
1,31,0,0,0,0,0,9,0,1.0,1.0,0.2923903,1.0,0.39560598,0,0.51686686
0,35,0,0,0,0,0,4,1,0.0,0.0,0.5881456,0.0,0.61856437,0,0.51694083
1,28,0,0,0,0,0,1,1,1.0,0.0,0.52717084,1.0,0.47059035,0,0.5169015
1,48,1,1,0,0,0,1,0,0.0,0.0,0.714938,0.0,0.66797435,0,0.51691276
1,30,0,1,0,0,0,1,0,0.0,0.0,0.5986532,1.0,0.46280473,0,0.5168652
1,42,0,0,0,0,0,0,1,0.0,0.0,0.8075037,0.0,0.7185585,0,0.51693374
1,24,2,1,0,0,0,0,1,0.0,0.0,0.53606486,0.0,0.5737591,0,0.51709586
1,24,2,0,0,0,0,4,1,0.0,1.0,0.33164,1.0,0.4528126,0,0.5170004
0,21,2,1,1,2,2,3,0,0.0,1.0,0.34995645,1.0,0.48914903,0,0.5125493
1,26,0,1,0,0,1,5,0,1.0,1.0,0.24853408,0.0,0.58564293,0,0.516925
1,38,0,1,0,0,0,1,0,0.0,0.0,0.69634515,0.0,0.5888022,0,0.516921
1,24,2,1,0,0,0,2,0,1.0,1.0,0.3988827,1.0,0.4207728,0,0.51700884
1,30,0,0,0,0,0,0,0,1.0,0.0,0.73006403,0.0,0.61854136,0,0.51694274
1,48,1,1,0,0,0,4,0,0.0,0.0,0.62616634,0.0,0.643798,0,0.51692444
0,24,2,1,0,0,0,0,0,0.0,0.0,0.65485585,0.0,0.6552382,0,0.51708895
1,21,2,1,0,1,0,1,0,1.0,1.0,0.20542485,1.0,0.076688945,0,0.5115635
1,38,0,1,0,0,0,0,1,0.0,0.0,0.7785844,0.0,0.7024435,0,0.5169234
0,20,2,1,0,0,0,0,0,1.0,1.0,0.40458488,1.0,0.36772597,0,0.516807
1,50,1,1,0,0,0,4,0,1.0,0.0,0.6346345,0.0,0.6742443,0,0.51691985
1,31,0,0,0,0,0,3,1,0.0,1.0,0.48053592,1.0,0.454979,0,0.5168409
1,22,2,1,1,1,0,6,0,1.0,1.0,0.25242168,1.0,0.42797893,0,0.5129191
1,26,0,0,0,0,0,0,1,0.0,0.0,0.62179464,0.0,0.5999199,0,0.51702434
1,35,0,0,0,0,0,3,1,0.0,0.0,0.5295658,0.0,0.5189076,0,0.5168317
1,19,2,1,0,0,0,0,0,1.0,1.0,0.24529594,1.0,0.035548985,0,0.5161534
1,46,1,1,0,0,0,13,0,0.0,1.0,0.40181714,0.0,0.62181294,0,0.5169407
1,31,0,1,0,0,1,2,0,1.0,1.0,0.3889851,0.0,0.6261742,0,0.51693946
1,20,2,1,0,3,0,3,0,1.0,1.0,0.115614414,1.0,0.014827967,0,0.51282835
1,22,2,1,0,0,0,0,0,1.0,0.0,0.5615213,0.0,0.578328,0,0.51696116
1,21,2,0,0,0,0,2,0,1.0,1.0,0.28696632,1.0,0.2996688,0,0.51647556
1,26,0,1,0,0,0,7,0,0.0,1.0,0.26614827,1.0,0.33915645,0,0.5170298
1,35,0,1,0,0,0,1,0,0.0,0.0,0.6700376,0.0,0.5223402,0,0.5168519
0,37,0,1,0,0,0,13,0,0.0,1.0,0.32962573,0.0,0.61495316,0,0.51693416
1,20,2,1,0,0,0,0,1,1.0,1.0,0.29055333,1.0,0.418945,0,0.516701
1,21,2,1,0,0,0,0,1,1.0,1.0,0.38853472,1.0,0.46288943,0,0.5169467
1,26,0,1,0,0,0,4,0,1.0,1.0,0.345388,1.0,0.37132758,0,0.51702833
1,31,0,0,0,0,0,1,0,1.0,0.0,0.61612856,1.0,0.46945792,0,0.5168546
1,29,0,1,0,0,0,2,0,1.0,0.0,0.51139903,1.0,0.42830873,0,0.5169047
1,30,0,0,0,0,0,2,0,0.0,0.0,0.52552736,1.0,0.43824387,0,0.5168696
0,26,0,1,0,0,0,2,1,1.0,0.0,0.5229615,1.0,0.4672845,0,0.5168501
1,30,0,0,0,0,0,1,1,1.0,0.0,0.5741587,1.0,0.47205406,0,0.5168552
1,47,1,1,0,0,0,5,0,0.0,0.0,0.5914568,0.0,0.63239497,0,0.5169357
0,59,1,0,0,0,0,1,0,0.0,0.0,0.8563942,0.0,0.73319805,0,0.5170116
0,35,0,1,0,0,0,2,0,0.0,0.0,0.58923036,0.0,0.614102,0,0.516935
0,25,0,1,0,0,0,0,1,0.0,0.0,0.5934739,0.0,0.615364,0,0.5169413
1,25,0,1,0,0,0,0,1,0.0,0.0,0.55291814,0.0,0.5991976,0,0.51713336
1,21,2,0,0,0,4,2,1,1.0,1.0,0.34780622,1.0,0.35987037,0,0.51676506
1,22,2,1,0,0,0,2,1,1.0,1.0,0.27808106,1.0,0.34407014,0,0.51677144
0,55,1,0,0,0,0,0,1,0.0,0.0,0.9159143,0.0,0.8055932,0,0.5169776
1,31,0,1,0,0,1,11,0,1.0,1.0,0.18924719,0.0,0.6130949,0,0.51694375
1,39,0,1,0,0,0,1,1,0.0,0.0,0.71278816,0.0,0.61086667,0,0.51693326
1,36,0,1,0,0,0,10,0,1.0,1.0,0.30695498,1.0,0.48494047,0,0.5168527
0,33,0,0,0,0,0,0,1,1.0,0.0,0.779987,0.0,0.7137438,0,0.5169296
1,31,0,1,0,0,1,5,0,1.0,1.0,0.28950608,0.0,0.62056446,0,0.5169427
1,42,0,0,0,0,0,0,1,0.0,0.0,0.8075037,0.0,0.7185585,0,0.51693374
1,39,0,1,0,0,0,2,1,0.0,0.0,0.6720375,0.0,0.60476965,0,0.5169282
1,21,2,1,0,0,0,2,0,1.0,1.0,0.24608284,1.0,0.2996688,0,0.51647556
0,36,0,1,0,0,0,4,0,1.0,0.0,0.52113694,0.0,0.615213,0,0.5169358
1,29,0,0,0,0,0,1,0,0.0,0.0,0.59207404,1.0,0.45651692,0,0.5168963
1,59,1,1,0,0,0,15,1,1.0,1.0,0.46440375,0.0,0.71917844,0,0.51698273
1,27,0,1,0,0,0,1,0,1.0,0.0,0.52222884,1.0,0.4354499,0,0.5169634
1,46,1,0,0,0,0,2,0,0.0,0.0,0.6812022,0.0,0.6325686,0,0.5169358
1,56,1,1,0,0,0,31,0,1.0,1.0,0.20563906,0.0,0.70824885,0,0.51697594
1,35,0,0,0,0,0,3,0,1.0,0.0,0.51592743,1.0,0.49325174,0,0.5168583
1,57,1,1,0,0,0,20,0,1.0,1.0,0.37381643,0.0,0.71861935,0,0.5169598
1,33,0,1,0,0,0,0,1,0.0,0.0,0.7230798,0.0,0.63549376,0,0.51693475
1,41,0,1,0,0,0,0,0,0.0,0.0,0.7952532,0.0,0.7110723,0,0.5169279
1,33,0,1,0,0,0,3,0,0.0,0.0,0.5176511,1.0,0.46557176,0,0.5168435
1,45,1,0,0,0,0,0,0,0.0,0.0,0.85399187,0.0,0.7237549,0,0.51693815
0,49,1,0,0,0,0,2,0,0.0,0.0,0.71506166,0.0,0.72471887,0,0.51694596
1,51,1,0,0,0,0,0,0,0.0,0.0,0.88787293,0.0,0.7265761,0,0.5169467
1,23,2,1,0,0,0,1,1,1.0,1.0,0.3767922,1.0,0.4079802,0,0.51697457
1,41,0,0,0,0,0,1,0,1.0,0.0,0.6734647,0.0,0.61088824,0,0.5169331
1,29,0,1,0,2,0,12,0,1.0,1.0,0.25158262,1.0,0.28968304,0,0.51572686
1,37,0,1,2,0,0,11,0,0.0,1.0,0.2924555,1.0,0.30523324,0,0.5160978
1,29,0,1,0,0,0,0,0,0.0,0.0,0.70693,0.0,0.61349875,0,0.5169385
1,28,0,1,0,0,0,9,0,1.0,1.0,0.25622487,1.0,0.3575995,0,0.5169781
1,22,2,1,0,0,0,2,0,0.0,1.0,0.30706942,1.0,0.33874822,0,0.5166985
1,35,0,1,0,0,0,7,0,1.0,1.0,0.37869018,1.0,0.47815347,0,0.51684237
0,24,2,1,0,0,0,2,1,0.0,1.0,0.48033255,1.0,0.43266594,0,0.5169582
0,24,2,0,0,0,0,0,0,0.0,0.0,0.6933787,0.0,0.6552382,0,0.51708895
1,37,0,0,0,0,0,4,1,1.0,0.0,0.5143684,0.0,0.5626032,0,0.51688576
1,24,2,1,0,0,0,0,0,0.0,0.0,0.64342463,0.0,0.5594153,0,0.5170947
1,56,1,1,0,0,0,24,0,0.0,1.0,0.29780734,0.0,0.71534073,0,0.5169589
1,24,2,0,0,0,0,2,1,0.0,1.0,0.3816023,1.0,0.4642793,0,0.516991
1,22,2,1,0,0,0,1,0,0.0,1.0,0.36358446,1.0,0.3400435,0,0.51671946
1,28,0,1,0,0,0,1,0,0.0,0.0,0.5489283,1.0,0.44861835,0,0.5169275
1,61,1,1,0,0,0,1,0,0.0,0.0,0.76322514,0.0,0.7285992,0,0.5169563
1,39,0,0,0,0,0,2,0,1.0,0.0,0.59467196,0.0,0.587515,0,0.5169186
1,36,0,1,0,0,0,1,0,1.0,0.0,0.67966646,0.0,0.54739916,0,0.5168689
1,37,0,0,0,0,0,3,1,0.0,0.0,0.5515083,0.0,0.5702974,0,0.5168962
1,39,0,0,0,0,0,0,1,0.0,0.0,0.79110616,0.0,0.7090997,0,0.516925
1,21,2,0,0,0,0,0,0,1.0,0.0,0.5536446,1.0,0.41739076,0,0.5169247
1,30,0,1,0,0,0,15,0,1.0,1.0,0.18582278,1.0,0.34249735,0,0.51690793
1,45,1,1,0,0,0,1,0,1.0,0.0,0.7053025,0.0,0.63079506,0,0.51693714
1,29,0,0,0,0,0,0,0,0.0,0.0,0.7164924,0.0,0.61349875,0,0.5169385
1,39,0,0,0,0,0,0,1,0.0,0.0,0.79110616,0.0,0.7090997,0,0.516925
1,25,0,1,1,0,0,4,1,0.0,1.0,0.20255262,1.0,0.2785979,0,0.51599526
1,25,0,0,0,0,0,1,0,0.0,1.0,0.49082685,1.0,0.38313282,0,0.5170325
1,29,0,1,0,2,0,7,0,1.0,1.0,0.3234635,1.0,0.30552953,0,0.515692
1,24,2,1,0,0,0,1,0,1.0,1.0,0.4660493,1.0,0.432855,0,0.5170094
1,31,0,1,1,0,0,7,1,1.0,1.0,0.26902956,1.0,0.29719102,0,0.5160946
0,41,0,0,0,0,0,0,0,0.0,0.0,0.8188964,0.0,0.72513354,0,0.5169416
1,57,1,1,0,0,0,0,0,0.0,0.0,0.8488375,0.0,0.7334551,0,0.5169566
1,48,1,0,0,0,0,0,0,1.0,0.0,0.87167156,0.0,0.7253641,0,0.5169423
1,23,2,1,0,3,1,6,0,1.0,1.0,0.24112052,1.0,0.16923308,0,0.51484823
1,32,0,0,0,0,0,9,1,1.0,1.0,0.33059877,1.0,0.44490623,0,0.51683307
0,42,0,0,0,0,0,0,0,0.0,0.0,0.82407683,0.0,0.7255795,0,0.51694286
1,27,0,1,0,0,1,2,0,1.0,1.0,0.34610587,0.0,0.61006856,0,0.5169417
1,42,0,1,0,0,0,1,1,0.0,0.0,0.7338238,0.0,0.61908114,0,0.51694316
0,55,1,0,0,0,0,6,0,0.0,0.0,0.6702218,0.0,0.725487,0,0.51696974
1,22,2,1,0,0,0,1,1,1.0,1.0,0.31928003,1.0,0.34798592,0,0.51679516
1,43,0,0,0,0,0,2,0,0.0,0.0,0.60884714,0.0,0.6136062,0,0.51693547
0,37,0,0,0,0,0,0,0,0.0,0.0,0.8007959,0.0,0.7217561,0,0.51693606
1,33,0,0,0,0,0,0,1,1.0,0.0,0.74141335,0.0,0.63549376,0,0.51693475
1,41,0,0,0,0,0,1,0,0.0,0.0,0.6734647,0.0,0.61088824,0,0.5169331
0,24,2,1,0,0,0,0,1,1.0,0.0,0.6332426,0.0,0.68816143,0,0.5170898
0,22,2,0,0,0,0,0,1,0.0,0.0,0.69459426,0.0,0.6065686,0,0.5170884
1,32,0,0,2,0,1,15,0,1.0,1.0,0.36352468,1.0,0.22597235,0,0.51605016
0,45,1,0,0,0,0,1,0,0.0,0.0,0.73821986,0.0,0.72097313,0,0.5169402
1,28,0,1,0,0,0,0,1,1.0,0.0,0.6356871,0.0,0.6111258,0,0.5169396
1,25,0,1,2,3,0,8,0,0.0,1.0,0.3476364,1.0,0.4845218,0,0.51351863
1,37,0,1,0,0,0,0,1,0.0,0.0,0.76881677,0.0,0.69211864,0,0.51692545
1,30,0,1,0,2,0,21,0,1.0,1.0,0.17472816,1.0,0.27251464,0,0.5157022
1,25,0,1,0,0,0,0,0,1.0,0.0,0.6255344,0.0,0.59536725,0,0.5171607
1,34,0,1,1,0,0,21,1,1.0,1.0,0.20625806,1.0,0.29978722,0,0.5160985
1,24,2,0,0,0,0,0,1,0.0,0.0,0.59946656,0.0,0.5737591,0,0.51709586
0,34,0,0,0,0,0,1,1,0.0,0.0,0.6885873,0.0,0.61919653,0,0.5169427
1,23,2,0,0,0,0,0,0,0.0,0.0,0.6620476,0.0,0.57796526,0,0.5170456
1,64,1,1,0,0,0,0,1,0.0,0.0,0.87378913,0.0,0.89585835,0,0.516968
1,31,0,1,0,0,0,7,0,1.0,1.0,0.34462106,1.0,0.407506,0,0.51686066
1,22,2,1,0,0,0,0,1,0.0,1.0,0.45164138,0.0,0.58757025,0,0.5169827
0,27,0,1,0,0,0,1,0,1.0,0.0,0.5640209,1.0,0.47860563,0,0.51685095
1,34,0,1,0,0,0,3,0,0.0,0.0,0.52694666,1.0,0.48026615,0,0.5168425
0,40,0,1,0,0,0,3,0,0.0,0.0,0.58636546,0.0,0.6388664,0,0.5169291
1,50,1,1,0,0,0,0,0,0.0,0.0,0.80961525,0.0,0.7261236,0,0.51694506
1,58,1,1,0,0,0,16,0,1.0,1.0,0.43186897,0.0,0.7207867,0,0.51696116
1,32,0,0,0,0,0,3,0,0.0,1.0,0.48939246,1.0,0.45051503,0,0.51684374
1,45,1,0,0,0,0,2,0,0.0,0.0,0.675864,0.0,0.6264869,0,0.51694065
0,44,0,0,0,0,0,3,0,1.0,0.0,0.58999145,0.0,0.6912744,0,0.5169274
1,30,0,1,0,0,0,4,1,1.0,1.0,0.49018884,1.0,0.43665904,0,0.51685166
1,43,0,0,0,0,0,8,0,0.0,1.0,0.40571952,0.0,0.60087454,0,0.5169262
1,38,0,1,0,0,0,15,0,0.0,1.0,0.23286992,0.0,0.51675576,0,0.51682425
1,23,2,1,0,0,0,2,1,1.0,1.0,0.3318491,1.0,0.39639676,0,0.51696414
1,48,1,1,0,0,0,1,0,1.0,0.0,0.714938,0.0,0.66797435,0,0.51691276
1,48,1,1,0,0,0,11,1,1.0,1.0,0.47121972,0.0,0.64959365,0,0.51691914
1,29,0,1,0,0,0,2,1,0.0,0.0,0.51958525,1.0,0.4483059,0,0.51687324
1,30,0,0,0,0,0,5,0,1.0,1.0,0.3881116,1.0,0.40548235,0,0.51688755
1,47,1,0,0,0,0,0,1,0.0,0.0,0.8353714,0.0,0.72547615,0,0.516943
1,27,0,1,0,0,0,2,0,0.0,1.0,0.4607365,1.0,0.41160297,0,0.51697904
0,37,0,0,0,0,0,0,1,0.0,0.0,0.8085677,0.0,0.72339153,0,0.5169378
1,29,0,1,0,0,0,8,0,1.0,1.0,0.29262394,1.0,0.3736626,0,0.5169332
1,28,0,0,0,0,0,3,0,0.0,1.0,0.4429282,1.0,0.4071334,0,0.51694715
0,37,0,1,0,0,0,0,0,0.0,0.0,0.7707496,0.0,0.7217561,0,0.51693606
1,23,2,1,0,0,0,0,0,0.0,0.0,0.6059553,0.0,0.57796526,0,0.5170456
1,39,0,0,0,0,0,5,0,0.0,1.0,0.46886545,0.0,0.5673777,0,0.51689047
1,22,2,0,0,0,0,2,1,1.0,1.0,0.2899747,1.0,0.34407014,0,0.51677144
1,31,0,1,0,1,0,1,1,0.0,0.0,0.61034817,0.0,0.6587107,0,0.5149497
1,22,2,1,0,0,0,1,1,1.0,1.0,0.31928003,1.0,0.34798592,0,0.51679516
1,29,0,1,0,0,0,6,0,1.0,1.0,0.3418957,1.0,0.38756877,0,0.51692647
1,23,2,1,0,0,0,4,0,1.0,1.0,0.28598803,1.0,0.34632552,0,0.51685643
1,52,1,0,0,0,0,0,0,0.0,0.0,0.8925813,0.0,0.72714853,0,0.5169484
1,36,0,0,0,0,0,4,0,1.0,1.0,0.48124146,0.0,0.5032324,0,0.51684034
1,27,0,1,0,0,0,5,0,1.0,1.0,0.33891946,1.0,0.3812968,0,0.5170024
1,61,1,0,0,0,0,1,0,1.0,0.0,0.823408,0.0,0.7285992,0,0.5169563
1,54,1,1,0,0,0,28,0,1.0,1.0,0.23013395,0.0,0.7103785,0,0.5169456
1,37,0,0,0,0,0,1,0,1.0,0.0,0.6587093,0.0,0.57151204,0,0.51690036
0,27,0,1,0,0,0,0,1,1.0,0.0,0.6413679,0.0,0.6238171,0,0.51694596
1,36,0,0,0,0,0,5,1,1.0,1.0,0.4713927,0.0,0.5293875,0,0.51683754
1,25,0,1,0,0,0,3,0,1.0,1.0,0.35386646,1.0,0.34860063,0,0.51703644
1,21,2,1,0,0,0,0,0,0.0,1.0,0.49198413,1.0,0.41739076,0,0.5169247
1,32,0,1,0,0,0,3,1,0.0,0.0,0.5582161,1.0,0.46853966,0,0.51684165
1,27,0,1,0,0,0,0,0,1.0,0.0,0.6760974,0.0,0.6007487,0,0.51697934
1,21,2,1,0,1,0,2,1,1.0,1.0,0.20041126,1.0,0.06891143,0,0.5113127
1,31,0,1,0,0,0,0,1,0.0,0.0,0.6942283,0.0,0.6237181,0,0.5169455
1,24,2,1,0,0,0,1,0,0.0,1.0,0.4660493,1.0,0.432855,0,0.5170094
1,46,1,1,0,0,0,1,1,0.0,0.0,0.6988585,0.0,0.6598499,0,0.5169136
0,70,1,1,0,0,0,1,0,0.0,0.0,0.8503779,0.0,0.9451154,0,0.51875705
1,41,0,0,0,0,0,2,1,0.0,0.0,0.6317277,0.0,0.6141053,0,0.51693666
1,28,0,0,0,0,0,5,1,1.0,1.0,0.3633002,1.0,0.42015046,0,0.51692414
1,34,0,0,0,1,0,15,0,0.0,1.0,0.31568617,0.0,0.57667834,0,0.5151677
1,38,0,1,0,0,0,0,1,1.0,0.0,0.7785844,0.0,0.7024435,0,0.5169234
0,25,0,1,0,0,0,1,1,0.0,0.0,0.5215131,1.0,0.49200207,0,0.5168829
1,21,2,1,0,0,0,1,0,0.0,1.0,0.2917223,1.0,0.3256204,0,0.51650846
1,31,0,1,0,1,0,3,0,0.0,1.0,0.4642262,0.0,0.57630086,0,0.51520693
1,29,0,0,0,0,0,4,0,0.0,1.0,0.41135335,1.0,0.4035052,0,0.51691747
1,35,0,1,0,0,0,1,1,0.0,0.0,0.67396903,0.0,0.5589526,0,0.516888
0,31,0,1,0,0,0,4,0,0.0,1.0,0.4766776,0.0,0.52384806,0,0.5168447
1,20,2,1,0,1,0,1,0,1.0,1.0,0.14713895,1.0,0.02656424,0,0.51155627
1,36,0,1,0,0,0,2,1,0.0,0.0,0.6414733,0.0,0.55934334,0,0.5168842
1,59,1,1,0,0,0,2,1,0.0,0.0,0.73463,0.0,0.7273165,0,0.51695496
1,32,0,1,0,0,0,0,1,0.0,0.0,0.7092569,0.0,0.62795424,0,0.5169423
1,55,1,0,0,0,0,0,1,1.0,0.0,0.8826279,0.0,0.7305565,0,0.51695234
0,36,0,1,0,0,0,1,1,0.0,0.0,0.75108194,0.0,0.6267679,0,0.51694113
1,43,0,1,0,0,0,0,1,1.0,0.0,0.807101,0.0,0.7202792,0,0.51693445
1,51,1,0,0,0,0,3,0,0.0,0.0,0.6713679,0.0,0.69769204,0,0.5169286
1,26,0,1,0,0,0,1,1,1.0,1.0,0.46613002,1.0,0.4607339,0,0.51697886
1,59,1,1,0,0,0,9,0,1.0,0.0,0.5495095,0.0,0.72410303,0,0.5169574
0,28,0,1,0,0,0,0,0,0.0,0.0,0.6854883,0.0,0.6271138,0,0.51694345
1,60,1,0,0,0,0,18,1,1.0,1.0,0.44560826,0.0,0.7159612,0,0.5170034
0,34,0,0,0,0,0,3,1,0.0,0.0,0.6070303,0.0,0.61502695,0,0.51693606
1,22,2,1,0,0,0,0,0,1.0,0.0,0.5615213,0.0,0.578328,0,0.51696116
1,38,0,1,0,0,0,3,0,1.0,0.0,0.5569186,0.0,0.5610906,0,0.51688397
1,52,1,0,0,0,0,2,0,1.0,0.0,0.7184252,0.0,0.71378267,0,0.51693535
0,27,0,1,0,1,0,10,1,1.0,1.0,0.34946537,0.0,0.5662493,0,0.51521575
0,36,0,0,0,0,0,4,0,1.0,0.0,0.5132419,0.0,0.615213,0,0.5169358
0,23,2,1,0,0,0,2,0,1.0,1.0,0.41747558,1.0,0.446981,0,0.51699764
1,31,0,1,0,0,0,0,0,0.0,0.0,0.7314825,0.0,0.6218904,0,0.51694536
0,26,0,1,0,0,0,5,0,1.0,1.0,0.3689854,1.0,0.44904345,0,0.5168858
1,26,0,1,0,0,0,2,1,0.0,1.0,0.4319374,1.0,0.4399268,0,0.5169918
1,32,0,1,0,0,0,1,0,1.0,0.0,0.6357393,1.0,0.4780144,0,0.5168537
1,31,0,0,0,0,0,2,1,1.0,0.0,0.53118896,1.0,0.4648643,0,0.51684475
1,32,0,1,2,1,0,9,0,0.0,1.0,0.4536146,1.0,0.37558866,0,0.5140411
1,41,0,0,0,0,0,1,1,1.0,0.0,0.6943455,0.0,0.6169436,0,0.51694167
1,31,0,1,0,0,0,3,1,1.0,0.0,0.53982365,1.0,0.454979,0,0.5168409
1,28,0,1,0,0,0,1,0,0.0,0.0,0.54892856,1.0,0.4486183,0,0.5169275
1,41,0,1,1,0,0,18,0,1.0,1.0,0.2795714,1.0,0.32772738,0,0.51608604
1,39,0,1,0,0,0,19,1,1.0,1.0,0.2795031,0.0,0.5713184,0,0.5168952
1,26,0,1,0,0,0,9,1,1.0,1.0,0.2734781,1.0,0.36685616,0,0.5170219
1,25,0,1,0,1,1,2,0,1.0,1.0,0.39098507,1.0,0.256042,0,0.51560897
1,22,2,1,0,0,0,1,0,1.0,1.0,0.36358422,1.0,0.3400435,0,0.51671946
1,25,0,1,0,0,0,4,0,1.0,1.0,0.3185982,1.0,0.3350305,0,0.51703584
1,28,0,1,0,0,0,4,0,1.0,1.0,0.39392018,1.0,0.39748013,0,0.5169548
1,41,0,0,0,0,0,14,0,1.0,1.0,0.2748636,0.0,0.57597226,0,0.5169028
1,30,0,1,0,0,0,0,1,1.0,0.0,0.67634654,0.0,0.62057525,0,0.5169451
1,47,1,0,0,0,0,1,0,0.0,0.0,0.73228955,0.0,0.65260124,0,0.5169163
1,41,0,1,0,0,0,1,0,0.0,0.0,0.7104469,0.0,0.61088824,0,0.5169331
1,57,1,1,0,0,0,11,0,0.0,0.0,0.50466484,0.0,0.7227142,0,0.51695055
1,33,0,1,0,0,0,7,1,1.0,1.0,0.45392227,1.0,0.46714282,0,0.5168367
1,51,1,1,0,0,0,1,0,0.0,0.0,0.72383535,0.0,0.71033645,0,0.51693165
0,39,0,0,0,0,0,0,1,0.0,0.0,0.82003516,0.0,0.72492504,0,0.5169412
1,36,0,1,0,0,0,0,0,0.0,0.0,0.76927996,0.0,0.66382635,0,0.5169115
1,67,1,1,0,0,0,3,0,0.0,0.0,0.7321013,0.0,0.7328454,0,0.51705337
1,67,1,1,0,0,0,0,0,0.0,0.0,0.8995489,0.0,0.92329705,0,0.5170922
0,26,0,1,0,0,0,1,0,0.0,0.0,0.54243267,1.0,0.4814456,0,0.5168656
1,46,1,1,0,0,0,0,1,0.0,0.0,0.75739753,0.0,0.72507674,0,0.51694167
1,25,0,1,0,0,0,0,1,0.0,0.0,0.55291766,0.0,0.5991976,0,0.51713336
1,27,0,0,0,0,0,0,0,0.0,0.0,0.68937427,0.0,0.6007487,0,0.51697934
0,36,0,1,2,0,0,4,1,1.0,1.0,0.48503762,1.0,0.3710714,0,0.51607496
0,38,0,1,0,1,0,8,1,1.0,1.0,0.49812692,1.0,0.1465928,0,0.51452833
1,23,2,1,0,0,0,0,1,1.0,1.0,0.49741882,0.0,0.57884145,0,0.517069
1,29,0,1,0,0,0,0,0,0.0,0.0,0.7069294,0.0,0.61349875,0,0.5169385
1,43,0,1,0,0,0,2,1,0.0,0.0,0.70240176,0.0,0.6192986,0,0.5169428
1,24,2,1,0,0,0,1,0,0.0,1.0,0.46604955,1.0,0.432855,0,0.5170094
1,21,2,1,0,0,0,0,1,1.0,1.0,0.38853502,1.0,0.46288943,0,0.5169467
1,24,2,1,0,1,0,3,0,1.0,1.0,0.24083793,1.0,0.2687322,0,0.51318586
1,45,1,1,0,0,0,15,0,1.0,1.0,0.36480647,0.0,0.6177159,0,0.5169388
1,43,0,0,0,0,0,2,0,0.0,0.0,0.60884726,0.0,0.6136062,0,0.51693547
0,20,2,1,1,0,0,1,0,0.0,1.0,0.22149634,1.0,0.207896,0,0.51577735
0,34,0,1,0,0,0,1,0,0.0,0.0,0.6394761,0.0,0.61239386,0,0.5169339
1,26,0,1,0,0,0,0,0,0.0,0.0,0.6528331,0.0,0.5995356,0,0.51708233
1,34,0,0,0,0,0,1,1,0.0,0.0,0.6316793,0.0,0.5319484,0,0.51685846
1,24,2,1,0,0,0,1,1,0.0,1.0,0.42833078,1.0,0.4743364,0,0.5169818
0,25,0,0,0,0,0,0,0,0.0,0.0,0.6660919,0.0,0.61227864,0,0.5169497
1,44,0,0,0,0,0,6,0,0.0,1.0,0.4630261,0.0,0.60943127,0,0.51692975
1,52,1,1,0,0,0,0,0,0.0,0.0,0.8222539,0.0,0.72714853,0,0.5169484
1,37,0,1,0,0,0,2,0,1.0,0.0,0.61274755,0.0,0.5496219,0,0.51686645
1,21,2,1,1,0,0,1,0,1.0,1.0,0.18039382,1.0,0.18961573,0,0.5157643
1,36,0,1,0,0,0,0,1,1.0,0.0,0.7583141,0.0,0.6781155,0,0.51692027
1,57,1,1,0,0,0,12,0,1.0,1.0,0.4878658,0.0,0.7223737,0,0.51695126
1,23,2,1,0,0,0,3,0,1.0,1.0,0.31500894,1.0,0.3505119,0,0.5168646
1,27,0,0,0,0,0,2,0,1.0,1.0,0.4794165,1.0,0.41160297,0,0.51697904
1,31,0,1,0,0,0,3,1,1.0,0.0,0.5398239,1.0,0.454979,0,0.5168409
1,34,0,1,0,0,0,2,0,1.0,0.0,0.58900625,1.0,0.4880221,0,0.5168555
1,36,0,0,0,0,0,6,0,0.0,1.0,0.4122718,1.0,0.49478453,0,0.516856
1,25,0,0,0,0,0,0,0,0.0,0.0,0.6496202,0.0,0.59536725,0,0.5171607
1,24,2,1,1,0,0,6,0,1.0,1.0,0.21085608,1.0,0.05588764,0,0.5158525
1,24,2,1,2,1,0,10,1,0.0,1.0,0.36399794,1.0,0.49015272,0,0.51299757
1,29,0,1,0,0,0,0,0,1.0,0.0,0.7069294,0.0,0.61349875,0,0.5169385
1,22,2,1,0,0,0,0,0,1.0,0.0,0.56152093,0.0,0.578328,0,0.51696116
1,29,0,0,0,0,0,0,1,0.0,0.0,0.686764,0.0,0.6166995,0,0.51694036
1,27,0,1,0,0,1,9,0,1.0,1.0,0.19207257,0.0,0.58118546,0,0.5169271
1,28,0,1,0,0,0,2,1,1.0,1.0,0.49441952,1.0,0.4470148,0,0.5169087
1,27,0,1,0,0,0,1,0,0.0,0.0,0.52222854,1.0,0.4354499,0,0.5169634
0,27,0,1,0,0,0,1,1,1.0,0.0,0.5884638,1.0,0.48463327,0,0.51685876
1,51,1,0,0,0,0,0,1,0.0,0.0,0.8579993,0.0,0.7270621,0,0.516948
0,22,2,0,0,0,0,3,0,1.0,1.0,0.36531538,1.0,0.3950472,0,0.5169876
1,34,0,1,1,0,0,11,0,1.0,1.0,0.28947753,1.0,0.3081572,0,0.5160901
1,39,0,1,0,0,0,4,0,0.0,0.0,0.51592505,0.0,0.57229865,0,0.51689774
1,38,0,1,0,0,0,0,0,0.0,0.0,0.7816398,0.0,0.6914585,0,0.5169256
0,62,1,0,0,0,0,0,1,0.0,0.0,0.951513,0.0,0.9172002,0,0.5176084
0,41,0,1,0,0,0,0,1,0.0,0.0,0.7920548,0.0,0.7257556,0,0.5169435
1,54,1,1,0,0,0,9,1,0.0,0.0,0.5462357,0.0,0.7204381,0,0.51694494
1,42,0,1,0,0,0,4,1,0.0,0.0,0.62576795,0.0,0.6133373,0,0.5169344
1,25,0,1,0,0,0,0,1,1.0,0.0,0.55291766,0.0,0.5991976,0,0.51713336
1,28,0,0,0,0,0,2,0,0.0,0.0,0.5008605,1.0,0.42083585,0,0.51693773
1,24,2,1,0,0,0,0,0,0.0,0.0,0.6434245,0.0,0.5594153,0,0.5170947
0,32,0,0,0,0,0,1,1,1.0,0.0,0.6599467,0.0,0.60714906,0,0.5169287
1,58,1,0,0,0,0,1,0,0.0,0.0,0.80655575,0.0,0.72676337,0,0.516949
1,24,2,1,0,0,0,5,0,0.0,1.0,0.29769146,1.0,0.40155184,0,0.5169961
0,30,0,1,0,0,0,1,0,0.0,0.0,0.6006372,0.0,0.52922124,0,0.51687396
1,58,1,1,0,0,0,0,0,1.0,0.0,0.85207385,0.0,0.7369237,0,0.5169589
1,49,1,0,0,0,0,1,1,0.0,0.0,0.7307732,0.0,0.7037531,0,0.5169267
1,27,0,1,0,0,0,1,1,0.0,0.0,0.5011557,1.0,0.4697482,0,0.5169375
0,21,2,1,1,0,0,4,0,1.0,1.0,0.22452754,1.0,0.09709227,0,0.51613426
1,50,1,0,0,0,0,1,0,0.0,0.0,0.7474886,0.0,0.69883686,0,0.51692766
1,36,0,1,0,0,0,9,1,0.0,1.0,0.4341936,0.0,0.5132458,0,0.5168238
1,21,2,0,0,0,0,1,0,0.0,1.0,0.33274347,1.0,0.3256204,0,0.51650846
1,72,1,0,0,0,0,3,0,0.0,0.0,0.8402736,0.0,0.88764316,0,0.51789516
1,34,0,1,2,0,0,8,0,1.0,1.0,0.29319632,1.0,0.29503626,0,0.5160994
0,35,0,1,0,0,0,13,0,0.0,1.0,0.32130146,0.0,0.59969,0,0.5169243
1,28,0,1,0,0,0,13,0,1.0,1.0,0.1967457,1.0,0.32301408,0,0.5169848
0,24,2,1,0,0,0,4,0,1.0,1.0,0.39371663,1.0,0.40851092,0,0.5169595
1,21,2,1,0,2,0,3,0,1.0,1.0,0.1472885,1.0,0.031630993,0,0.5110918
1,31,0,1,0,0,0,5,0,0.0,1.0,0.40559393,1.0,0.4199983,0,0.5168553
1,20,2,1,0,0,2,0,0,0.0,1.0,0.37049806,1.0,0.42051697,0,0.5167977
1,40,0,0,0,0,0,6,0,0.0,1.0,0.44312102,0.0,0.57780457,0,0.51690596
1,32,0,1,1,3,0,24,0,1.0,1.0,0.39835608,1.0,0.27358258,0,0.51362354
1,28,0,0,0,0,0,4,0,1.0,1.0,0.39869946,1.0,0.39748013,0,0.5169548
1,55,1,0,0,0,0,0,1,0.0,0.0,0.88262796,0.0,0.7305565,0,0.51695234
1,21,2,0,0,0,0,3,0,1.0,1.0,0.25412703,1.0,0.27343225,0,0.5164601
1,49,1,0,0,0,0,4,0,0.0,0.0,0.6243404,0.0,0.6569701,0,0.5169148
1,33,0,1,0,0,0,2,1,0.0,0.0,0.6054612,1.0,0.4903289,0,0.51686084
1,22,2,1,0,0,0,1,0,1.0,1.0,0.36358422,1.0,0.3400435,0,0.51671946
0,22,2,1,0,0,0,0,1,1.0,0.0,0.5443338,0.0,0.6065686,0,0.5170884
1,31,0,1,0,0,0,0,0,1.0,0.0,0.73148215,0.0,0.6218904,0,0.51694536
1,32,0,1,0,0,0,2,0,1.0,0.0,0.5641517,1.0,0.46221322,0,0.5168464
1,60,1,0,0,0,0,2,1,0.0,0.0,0.77422404,0.0,0.72772855,0,0.516959
1,29,0,0,0,0,0,8,1,1.0,1.0,0.3088482,1.0,0.406192,0,0.5168964
0,27,0,1,0,0,0,2,0,1.0,1.0,0.4945805,1.0,0.46509135,0,0.5168462
1,25,0,1,0,1,2,5,0,1.0,1.0,0.3344522,1.0,0.26781106,0,0.5156594
1,46,1,1,0,0,0,0,1,0.0,0.0,0.75739753,0.0,0.72507674,0,0.51694167
0,24,2,0,0,2,0,7,1,0.0,1.0,0.28201586,1.0,0.3719116,0,0.51454455
0,52,1,0,0,0,0,0,1,0.0,0.0,0.90026045,0.0,0.7443297,0,0.516961
0,31,0,0,0,0,0,3,0,1.0,0.0,0.5112064,0.0,0.5310204,0,0.5168494
1,33,0,1,0,0,0,18,0,1.0,1.0,0.17181033,1.0,0.40446103,0,0.5168412
1,38,0,1,0,0,0,14,0,0.0,1.0,0.24802876,0.0,0.5187347,0,0.51682585
1,29,0,1,0,0,0,6,0,1.0,1.0,0.34189594,1.0,0.38756877,0,0.51692647
1,27,0,1,0,0,0,5,0,1.0,1.0,0.33891958,1.0,0.3812968,0,0.5170024
1,21,2,1,1,0,0,1,0,1.0,1.0,0.18039382,1.0,0.18961573,0,0.5157643
1,34,0,0,0,0,0,0,1,1.0,0.0,0.7508816,0.0,0.6475251,0,0.5169221
0,44,0,0,0,0,0,0,1,1.0,0.0,0.84250546,0.0,0.7268172,0,0.5169469
1,56,1,1,0,0,0,2,0,0.0,0.0,0.7104872,0.0,0.72435045,0,0.5169453
1,30,0,1,0,0,0,8,0,1.0,1.0,0.3076136,1.0,0.38505727,0,0.5168965
1,28,0,1,0,0,0,2,1,1.0,1.0,0.49441952,1.0,0.4470148,0,0.5169087
1,30,0,1,0,0,0,9,0,1.0,1.0,0.28283447,1.0,0.37838238,0,0.516899
0,45,1,0,0,1,0,7,0,1.0,1.0,0.47260225,1.0,0.16141796,0,0.51441425
1,31,0,0,0,0,0,4,0,1.0,1.0,0.43551373,1.0,0.4274233,0,0.51685363
1,35,0,1,0,0,0,0,0,0.0,0.0,0.7630063,0.0,0.65013206,0,0.51692015
1,22,2,0,0,1,1,1,0,1.0,1.0,0.34524667,1.0,0.18279958,0,0.51500195
1,27,0,1,0,0,0,1,0,0.0,0.0,0.52222854,1.0,0.4354499,0,0.5169634
1,19,2,1,3,0,0,2,0,1.0,1.0,0.08184171,1.0,0.07714194,0,0.5148315
1,21,2,1,0,0,0,0,1,0.0,1.0,0.38853502,1.0,0.46288943,0,0.5169467
1,28,0,0,0,0,0,0,1,1.0,0.0,0.6696029,0.0,0.6111258,0,0.5169396
1,53,1,0,0,0,0,1,0,0.0,0.0,0.77090436,0.0,0.7209157,0,0.51694024
1,29,0,1,0,0,0,0,1,0.0,0.0,0.65601575,0.0,0.6166995,0,0.51694036
1,49,1,0,0,0,0,8,0,0.0,0.0,0.5228891,0.0,0.6457597,0,0.5169227
0,24,2,1,0,0,0,0,0,0.0,0.0,0.65485597,0.0,0.6552382,0,0.51708895
1,31,0,1,0,0,0,8,0,1.0,1.0,0.3171633,1.0,0.40155423,0,0.51686376
1,44,0,0,0,0,0,0,1,0.0,0.0,0.8180614,0.0,0.72167134,0,0.51693517
1,21,2,1,0,0,0,0,0,1.0,1.0,0.49198413,1.0,0.41739076,0,0.5169247
0,27,0,1,0,0,0,0,1,0.0,0.0,0.641368,0.0,0.6238171,0,0.51694596
1,34,0,1,0,0,0,12,0,1.0,1.0,0.2565369,1.0,0.4456796,0,0.5168351
1,41,0,1,0,0,0,19,0,0.0,1.0,0.1973468,0.0,0.5710404,0,0.5168956
1,35,0,1,0,0,0,13,0,0.0,1.0,0.24611801,1.0,0.46311522,0,0.51683486
1,57,1,0,0,0,0,0,1,0.0,0.0,0.89639324,0.0,0.73572814,0,0.5169589
1,47,1,1,0,0,0,3,0,1.0,0.0,0.64913934,0.0,0.6371641,0,0.51693135
1,41,0,1,0,0,0,0,1,0.0,0.0,0.7975242,0.0,0.7162757,0,0.5169315
0,21,2,1,0,0,0,0,0,1.0,0.0,0.5081463,0.0,0.58362323,0,0.5169579
1,45,1,1,0,0,0,11,0,0.0,1.0,0.4313801,0.0,0.61885035,0,0.5169398
1,24,2,0,0,0,1,9,1,1.0,1.0,0.41247576,1.0,0.35282403,0,0.516741
1,30,0,0,0,0,0,3,0,0.0,1.0,0.46848667,1.0,0.42359847,0,0.5168766
1,21,2,1,0,0,0,0,0,1.0,1.0,0.49198413,1.0,0.4173907,0,0.5169247
0,33,0,0,0,0,0,0,1,0.0,0.0,0.779987,0.0,0.7137438,0,0.5169296
1,38,0,1,0,0,0,2,0,0.0,0.0,0.6188203,0.0,0.57228315,0,0.5168991
1,32,0,0,0,0,0,0,1,0.0,0.0,0.7310517,0.0,0.62795424,0,0.5169423
1,34,0,0,0,0,0,0,0,0.0,0.0,0.76961637,0.0,0.6383201,0,0.5169318
1,30,0,1,0,2,2,13,0,1.0,1.0,0.33504516,0.0,0.56698513,0,0.5153196
0,24,2,1,0,0,0,0,0,1.0,0.0,0.65485597,0.0,0.6552382,0,0.51708895
1,24,2,1,0,0,0,0,0,1.0,0.0,0.6434245,0.0,0.5594153,0,0.5170947
1,20,2,1,0,0,0,0,0,0.0,1.0,0.3833179,1.0,0.4461878,0,0.5166849
1,35,0,1,0,0,0,0,1,0.0,0.0,0.7477261,0.0,0.66290754,0,0.51691204
1,41,0,1,0,0,0,1,1,0.0,0.0,0.726936,0.0,0.6169436,0,0.51694167
1,23,2,1,0,0,1,0,0,0.0,0.0,0.54799926,0.0,0.5438975,0,0.51707214
1,35,0,0,0,0,0,0,0,0.0,0.0,0.77729243,0.0,0.65013206,0,0.51692015
1,36,0,1,0,0,0,0,0,0.0,0.0,0.76927996,0.0,0.66382635,0,0.5169115
0,34,0,1,0,0,0,0,1,1.0,0.0,0.73829603,0.0,0.7179507,0,0.5169334
0,50,1,0,0,0,0,7,1,1.0,0.0,0.6012515,0.0,0.7247844,0,0.5169539
1,44,0,0,0,0,0,0,1,0.0,0.0,0.8180614,0.0,0.72167134,0,0.51693517
1,33,0,0,0,0,0,3,0,1.0,1.0,0.49889022,1.0,0.46557176,0,0.5168435
1,24,2,1,0,0,0,0,0,0.0,0.0,0.6434245,0.0,0.5594153,0,0.5170947
0,32,0,1,0,0,0,0,0,0.0,0.0,0.735991,0.0,0.69778454,0,0.5169245
1,29,0,0,0,0,0,10,0,1.0,1.0,0.25178313,1.0,0.35923725,0,0.51693934
0,21,2,1,0,0,1,0,1,1.0,1.0,0.31151396,0.0,0.5393225,0,0.51705456
1,50,1,1,1,0,0,5,0,0.0,1.0,0.46860427,0.0,0.561067,0,0.51600903
1,21,2,1,0,0,1,0,0,1.0,1.0,0.45427585,1.0,0.4176914,0,0.5168714
1,30,0,1,0,0,0,3,1,1.0,0.0,0.5163735,1.0,0.44353002,0,0.51685077
1,25,0,1,0,0,1,1,1,1.0,1.0,0.31376266,0.0,0.6072032,0,0.51693875
0,38,0,0,0,0,0,2,0,1.0,0.0,0.6099575,0.0,0.62695324,0,0.51694024
1,30,0,0,0,0,0,0,0,0.0,0.0,0.73006386,0.0,0.61854136,0,0.51694274
1,21,2,1,1,0,1,2,0,0.0,1.0,0.34012634,0.0,0.6867542,0,0.5154143
1,34,0,1,0,1,0,27,1,0.0,1.0,0.2149325,0.0,0.5402185,0,0.5152375
1,56,1,0,0,0,0,0,1,0.0,0.0,0.88925225,0.0,0.73236847,0,0.51695496
0,32,0,1,0,0,0,0,1,1.0,0.0,0.71801907,0.0,0.7063574,0,0.5169228
1,29,0,1,0,0,0,0,0,1.0,0.0,0.7069294,0.0,0.61349875,0,0.5169385
1,34,0,1,0,0,0,22,0,1.0,1.0,0.13739008,1.0,0.41783023,0,0.5168356
0,31,0,1,0,0,0,0,0,0.0,0.0,0.7264502,0.0,0.6816948,0,0.5169238
1,25,0,1,0,0,0,8,0,1.0,1.0,0.22502816,1.0,0.28304583,0,0.5170329
1,53,1,0,0,0,0,8,1,0.0,0.0,0.5697113,0.0,0.718025,0,0.51694155
1,21,2,1,0,1,0,2,0,1.0,1.0,0.17088759,1.0,0.054590523,0,0.51131
1,24,2,1,1,0,0,4,0,1.0,1.0,0.21924824,1.0,0.05756527,0,0.5158584
0,49,1,0,0,0,0,2,1,1.0,0.0,0.7392952,0.0,0.72576153,0,0.51694834
1,49,1,1,0,0,0,7,0,1.0,0.0,0.54389167,0.0,0.6477704,0,0.516921
1,30,0,1,4,1,0,11,0,0.0,1.0,0.4343319,0.0,0.6083831,0,0.5134682
1,26,0,1,0,0,0,2,0,1.0,1.0,0.43140304,1.0,0.3939926,0,0.517017
1,21,2,1,0,0,0,2,0,1.0,1.0,0.24608266,1.0,0.2996688,0,0.51647556
1,30,0,1,0,0,0,2,0,0.0,0.0,0.53429955,1.0,0.43824387,0,0.5168696
1,29,0,1,1,0,0,8,0,1.0,1.0,0.25217664,1.0,0.26729232,0,0.5160861
1,22,2,0,0,0,0,1,0,0.0,1.0,0.4087373,1.0,0.3400435,0,0.51671946
1,62,1,1,0,0,0,5,0,0.0,0.0,0.64663,0.0,0.7254882,0,0.5169714
0,53,1,0,0,0,0,0,1,0.0,0.0,0.9053785,0.0,0.75630057,0,0.5169763
0,27,0,1,1,0,0,1,0,0.0,1.0,0.40825468,1.0,0.29181266,0,0.5161005
1,22,2,1,0,1,0,1,1,0.0,1.0,0.2977757,1.0,0.21805114,0,0.5126143
1,25,0,1,0,0,0,1,1,1.0,1.0,0.4281879,1.0,0.43884313,0,0.5170163
1,31,0,1,0,0,0,5,0,1.0,1.0,0.40559393,1.0,0.4199983,0,0.5168553
1,37,0,1,0,0,0,12,0,1.0,1.0,0.27582282,1.0,0.49861223,0,0.51684123
1,32,0,1,0,0,1,8,0,0.0,1.0,0.2368154,0.0,0.620896,0,0.5169418
1,26,0,0,0,0,0,4,0,1.0,1.0,0.36302644,1.0,0.3713277,0,0.51702833
1,43,0,1,0,0,0,0,0,1.0,0.0,0.80320495,0.0,0.71717393,0,0.51693237
1,51,1,1,0,0,0,7,1,1.0,0.0,0.5781158,0.0,0.7032845,0,0.5169277
0,28,0,1,0,0,0,2,0,0.0,0.0,0.5105287,1.0,0.47349328,0,0.5168445
1,30,0,1,0,0,0,1,0,0.0,0.0,0.598653,1.0,0.46280473,0,0.5168652
1,27,0,1,1,2,0,11,0,0.0,1.0,0.3820169,1.0,0.47175747,0,0.51355594
0,45,1,1,0,0,0,3,0,0.0,0.0,0.6401111,0.0,0.717782,0,0.5169386
1,38,0,1,0,0,0,0,0,0.0,0.0,0.7816398,0.0,0.6914585,0,0.5169256
0,45,1,0,0,0,0,0,1,0.0,0.0,0.8647516,0.0,0.7285745,0,0.51694953
1,20,2,0,0,0,0,1,1,1.0,1.0,0.17063165,1.0,0.10009438,0,0.5163144
1,57,1,1,0,0,0,18,0,0.0,1.0,0.39965987,0.0,0.71979845,0,0.51695704
1,35,0,1,0,0,0,7,0,0.0,1.0,0.37868994,1.0,0.47815347,0,0.51684237
1,29,0,1,0,0,0,1,0,0.0,0.0,0.5737323,1.0,0.45651692,0,0.5168963
1,35,0,1,0,0,0,2,0,0.0,0.0,0.5988993,0.0,0.50173926,0,0.5168599
0,50,1,1,0,0,0,4,0,0.0,0.0,0.63414043,0.0,0.72487974,0,0.5169477
1,26,0,1,0,0,0,5,0,1.0,1.0,0.31358397,1.0,0.36089873,0,0.51702964
1,45,1,1,0,0,0,0,1,0.0,0.0,0.75089514,0.0,0.72460204,0,0.5169404
0,24,2,0,0,0,0,0,1,0.0,0.0,0.74985707,0.0,0.68816143,0,0.5170898
1,29,0,0,0,0,0,1,0,0.0,0.0,0.5920743,1.0,0.45651692,0,0.5168963
1,31,0,1,0,0,0,2,0,0.0,0.0,0.5510082,1.0,0.45003378,0,0.51685184
1,21,2,1,0,0,0,0,1,1.0,1.0,0.38853502,1.0,0.46288943,0,0.5169467
0,23,2,1,0,0,0,0,0,1.0,0.0,0.62158,0.0,0.61141515,0,0.51709646
0,38,0,0,0,0,0,0,1,0.0,0.0,0.81479776,0.0,0.7242931,0,0.5169397
1,27,0,0,0,0,0,0,0,0.0,0.0,0.68937427,0.0,0.6007487,0,0.51697934
0,23,2,0,0,0,4,5,0,1.0,0.0,0.52675414,1.0,0.3632105,0,0.51672614
0,30,0,1,0,0,0,0,1,1.0,0.0,0.6928898,0.0,0.67018974,0,0.5169132
1,30,0,1,0,0,0,0,0,0.0,0.0,0.72003025,0.0,0.61854136,0,0.51694274
0,45,1,1,0,0,0,6,0,1.0,0.0,0.5679984,0.0,0.7152628,0,0.5169378
0,47,1,0,0,0,0,0,1,0.0,0.0,0.87610185,0.0,0.7301028,0,0.5169519
1,24,2,1,0,0,1,6,0,1.0,1.0,0.25564212,1.0,0.3480749,0,0.5167451
1,58,1,0,0,0,0,0,1,0.0,0.0,0.903436,0.0,0.7410346,0,0.51696056
1,30,0,1,0,0,0,2,1,1.0,0.0,0.545186,1.0,0.4542597,0,0.5168509
1,27,0,1,0,0,0,0,0,1.0,0.0,0.67609763,0.0,0.6007487,0,0.51697934
1,44,0,1,0,0,0,0,0,0.0,0.0,0.8073547,0.0,0.71930325,0,0.51693416
1,30,0,0,0,0,0,3,0,1.0,1.0,0.46848643,1.0,0.42359853,0,0.5168766
1,23,2,1,0,1,0,2,0,0.0,1.0,0.24355716,1.0,0.21756834,0,0.5126265
1,21,2,1,0,1,0,1,1,1.0,1.0,0.23775667,1.0,0.10055673,0,0.51170486
1,26,0,1,0,0,0,3,0,1.0,1.0,0.38420177,1.0,0.38188958,0,0.51702523
1,52,1,1,0,0,0,7,0,1.0,0.0,0.5592781,0.0,0.70128036,0,0.5169284
1,31,0,1,0,0,0,3,0,0.0,1.0,0.48965323,1.0,0.43662608,0,0.5168524
1,48,1,1,1,0,0,10,0,1.0,1.0,0.38641256,1.0,0.4091401,0,0.51602405
1,21,2,0,0,0,0,0,0,1.0,0.0,0.55364436,1.0,0.41739076,0,0.5169247
1,39,0,1,0,0,0,3,0,1.0,0.0,0.56347716,0.0,0.57864493,0,0.51690793
0,22,2,0,0,0,0,2,1,1.0,1.0,0.42403567,1.0,0.44260764,0,0.5170128
0,22,2,1,0,0,0,2,0,0.0,1.0,0.36662585,1.0,0.40089637,0,0.5169934
1,27,0,1,0,0,0,6,0,0.0,1.0,0.30948484,1.0,0.3725589,0,0.51700693
0,25,0,0,0,0,0,0,1,0.0,0.0,0.6649226,0.0,0.615364,0,0.5169413
1,26,0,1,0,0,0,0,0,1.0,0.0,0.6528331,0.0,0.5995356,0,0.51708233
1,40,0,0,0,0,0,0,1,0.0,0.0,0.79688597,0.0,0.71332586,0,0.51692903
1,21,2,1,0,0,0,0,0,0.0,1.0,0.49198413,1.0,0.41739076,0,0.5169247
1,21,2,1,0,0,0,2,0,1.0,1.0,0.24608266,1.0,0.2996688,0,0.51647556
1,59,1,1,0,0,0,3,0,0.0,0.0,0.6946462,0.0,0.7261977,0,0.51695186
1,24,2,1,0,0,0,1,1,1.0,1.0,0.42833102,1.0,0.4743368,0,0.5169818
1,53,1,1,0,0,0,2,0,0.0,0.0,0.7012795,0.0,0.7190009,0,0.5169393
1,63,1,1,0,0,0,9,0,1.0,0.0,0.56460726,0.0,0.72092557,0,0.5169968
1,39,0,0,0,0,0,0,1,0.0,0.0,0.7911059,0.0,0.70909977,0,0.516925
0,48,1,1,0,0,0,9,0,0.0,0.0,0.5156819,0.0,0.72196484,0,0.51694584
0,19,2,1,0,0,0,1,0,1.0,1.0,0.12939072,1.0,0.006954968,0,0.5159515
1,26,0,1,0,0,0,5,0,1.0,1.0,0.31358397,1.0,0.36089873,0,0.51702964
0,20,2,0,0,0,0,0,0,0.0,1.0,0.49874115,1.0,0.36772597,0,0.516807
1,46,1,1,0,0,0,0,0,0.0,0.0,0.7892709,0.0,0.7244227,0,0.5169399
1,44,0,1,0,0,0,3,1,0.0,0.0,0.67191064,0.0,0.6204792,0,0.516943
1,52,1,0,0,0,0,2,0,0.0,0.0,0.7184254,0.0,0.71378267,0,0.51693535
1,25,0,0,0,0,0,0,0,0.0,0.0,0.6496202,0.0,0.59536725,0,0.5171607
1,56,1,1,0,0,0,22,0,1.0,1.0,0.33534193,0.0,0.7171325,0,0.5169547
1,20,2,1,0,1,1,2,0,1.0,1.0,0.19463652,1.0,0.09262437,0,0.515233
1,26,0,1,0,0,0,4,1,0.0,1.0,0.37597746,1.0,0.41804516,0,0.51700723
0,26,0,1,0,0,0,1,0,0.0,0.0,0.54243267,1.0,0.4814456,0,0.5168656
1,37,0,0,0,0,0,0,0,0.0,0.0,0.7910281,0.0,0.6787324,0,0.51692086
1,45,1,1,0,0,0,0,1,0.0,0.0,0.75089514,0.0,0.72460204,0,0.5169404
1,57,1,0,0,0,0,0,0,0.0,0.0,0.91678417,0.0,0.7334551,0,0.5169566
1,64,1,1,0,0,0,13,0,1.0,0.0,0.5125749,0.0,0.7174641,0,0.51704067
1,44,0,1,0,0,0,0,1,0.0,0.0,0.81147426,0.0,0.72167134,0,0.51693517
1,53,1,1,0,0,0,0,1,0.0,0.0,0.80271155,0.0,0.72852504,0,0.5169495
1,20,2,1,0,0,1,0,0,1.0,1.0,0.36079735,0.0,0.53201395,0,0.51686066
0,48,1,0,0,0,0,17,0,0.0,1.0,0.38530713,0.0,0.71874493,0,0.51695085
1,50,1,0,0,0,0,1,0,0.0,0.0,0.7474886,0.0,0.69883686,0,0.51692766
1,39,0,0,0,0,0,16,0,1.0,1.0,0.23562014,0.0,0.53984535,0,0.5168484
1,38,0,1,0,0,0,1,0,1.0,0.0,0.6963457,0.0,0.5888022,0,0.516921
1,26,0,1,0,0,0,1,1,0.0,1.0,0.46613002,1.0,0.46073377,0,0.51697886
0,38,0,1,0,0,0,6,0,1.0,1.0,0.48154956,0.0,0.62272066,0,0.51694137
1,30,0,1,0,0,0,2,0,0.0,0.0,0.53429955,1.0,0.43824387,0,0.5168696
1,43,0,1,0,0,0,0,0,0.0,0.0,0.8032049,0.0,0.71717393,0,0.51693237
1,41,0,1,0,0,0,8,0,1.0,1.0,0.38931638,0.0,0.58429,0,0.51691324
0,60,1,0,0,0,0,0,0,0.0,0.0,0.93661714,0.0,0.91774285,0,0.51712495
1,22,2,1,0,0,0,0,0,0.0,0.0,0.56152093,0.0,0.578328,0,0.51696116
1,59,1,0,0,0,0,3,1,0.0,0.0,0.7341906,0.0,0.7266272,0,0.5169564
1,30,0,1,0,0,0,5,0,1.0,1.0,0.38971758,1.0,0.40548235,0,0.51688755
1,35,0,1,0,4,17,12,0,0.0,1.0,0.406942,0.0,0.82106656,0,0.51490736
1,27,0,1,0,0,0,6,1,1.0,1.0,0.36270696,1.0,0.4102046,0,0.5169729
1,21,2,0,0,0,0,1,0,1.0,1.0,0.33274347,1.0,0.3256204,0,0.51650846
1,24,2,1,0,2,1,8,0,1.0,1.0,0.2508623,1.0,0.17422575,0,0.5150609
1,37,0,1,0,0,0,22,0,1.0,1.0,0.15035915,1.0,0.48185724,0,0.5168458
1,59,1,0,0,0,0,0,1,0.0,0.0,0.90971583,0.0,0.75044197,0,0.5169639
1,58,1,0,0,0,0,1,1,0.0,0.0,0.79431355,0.0,0.72756535,0,0.5169514
1,33,0,1,0,0,0,17,0,1.0,1.0,0.1808784,1.0,0.40733224,0,0.5168407
1,25,0,0,0,0,0,0,0,0.0,0.0,0.6496202,0.0,0.59536725,0,0.5171607
1,26,0,1,0,1,0,5,0,0.0,1.0,0.30871165,1.0,0.32054955,0,0.5158002
0,67,1,0,0,0,0,0,1,0.0,0.0,0.9624869,0.0,0.9172207,0,0.51835144
1,52,1,1,0,0,0,2,0,0.0,0.0,0.69868296,0.0,0.71378267,0,0.51693535
1,21,2,1,0,0,0,1,0,1.0,1.0,0.29172212,1.0,0.3256204,0,0.51650846
1,41,0,0,0,0,0,1,0,0.0,0.0,0.6734644,0.0,0.61088824,0,0.5169331
0,28,0,1,0,0,0,0,0,0.0,0.0,0.6854877,0.0,0.6271138,0,0.51694345
1,54,1,0,0,0,0,1,0,1.0,0.0,0.7778207,0.0,0.72275573,0,0.5169423
1,21,2,1,0,0,0,1,0,0.0,1.0,0.29172212,1.0,0.3256204,0,0.51650846
1,24,2,1,0,0,1,0,0,0.0,0.0,0.581032,0.0,0.57405365,0,0.51700836
1,44,0,0,0,0,0,0,1,0.0,0.0,0.8180614,0.0,0.72167134,0,0.51693517
1,23,2,1,0,0,0,0,1,0.0,1.0,0.49741882,0.0,0.57884145,0,0.517069
1,27,0,0,0,0,0,2,0,1.0,1.0,0.4794165,1.0,0.41160297,0,0.51697904
1,21,2,0,0,0,0,1,0,1.0,1.0,0.3327434,1.0,0.32562017,0,0.51650846
0,53,1,0,0,0,0,0,0,0.0,0.0,0.89512247,0.0,0.745805,0,0.5169625
0,42,0,1,0,0,0,8,0,1.0,1.0,0.44539297,0.0,0.65290576,0,0.5169153
1,23,2,1,0,0,0,0,0,0.0,0.0,0.6059552,0.0,0.57796526,0,0.5170456
1,41,0,1,0,0,0,2,1,0.0,0.0,0.68745077,0.0,0.6141053,0,0.51693666
1,56,1,1,0,0,0,1,1,0.0,0.0,0.75204426,0.0,0.72591984,0,0.51694775
0,24,2,0,0,1,0,3,1,1.0,1.0,0.40427774,1.0,0.3884403,0,0.5154733
0,27,0,1,0,0,0,0,0,0.0,0.0,0.6668891,0.0,0.62239563,0,0.5169457
1,30,0,1,0,0,0,14,0,1.0,1.0,0.19861901,1.0,0.34880477,0,0.51690686
0,58,1,0,0,0,0,0,1,0.0,0.0,0.936934,0.0,0.9080931,0,0.51701444
1,45,1,1,0,0,0,6,0,1.0,0.0,0.54879117,0.0,0.6215372,0,0.51694185
1,31,0,1,3,0,0,6,0,1.0,1.0,0.2537322,1.0,0.27057266,0,0.51611024
1,49,1,1,0,0,0,0,1,1.0,0.0,0.7754855,0.0,0.7261641,0,0.51694524
1,30,0,0,0,0,0,0,1,1.0,0.0,0.7037904,0.0,0.62057525,0,0.5169451
1,24,2,1,0,0,0,0,0,1.0,0.0,0.6434245,0.0,0.5594153,0,0.5170947
1,24,2,1,0,5,0,12,1,1.0,1.0,0.18282437,1.0,0.048558116,0,0.5107487
1,56,1,0,0,0,0,9,1,1.0,0.0,0.57350856,0.0,0.723215,0,0.5169505
1,22,2,1,0,0,0,0,0,0.0,0.0,0.56152093,0.0,0.578328,0,0.51696116
1,65,1,1,0,0,0,2,1,1.0,0.0,0.76293993,0.0,0.72741854,0,0.5170091
1,60,1,1,0,0,0,2,0,0.0,0.0,0.7308783,0.0,0.7272611,0,0.5169539
1,66,1,1,0,0,0,3,0,0.0,0.0,0.7256305,0.0,0.7279092,0,0.5170186
1,43,0,1,0,0,0,4,0,1.0,0.0,0.5374999,0.0,0.60793793,0,0.51692855
1,21,2,1,0,0,0,0,1,0.0,1.0,0.38853502,1.0,0.46288943,0,0.5169467
1,26,0,0,0,0,0,1,0,1.0,0.0,0.5226793,1.0,0.4132887,0,0.51700246
1,28,0,1,0,0,0,1,0,0.0,0.0,0.548929,1.0,0.4486183,0,0.5169275
1,30,0,1,0,0,0,3,0,0.0,1.0,0.4739462,1.0,0.42359853,0,0.5168766
1,44,0,0,0,0,0,0,1,0.0,0.0,0.8180614,0.0,0.72167134,0,0.51693517
1,25,0,1,0,0,0,0,0,0.0,0.0,0.62553465,0.0,0.59536725,0,0.5171607
1,31,0,1,0,0,0,0,0,0.0,0.0,0.73148215,0.0,0.6218904,0,0.51694536
1,24,2,1,0,0,0,1,0,0.0,1.0,0.46604955,1.0,0.432855,0,0.5170094
1,31,0,1,0,0,0,9,1,1.0,1.0,0.37280107,1.0,0.4286675,0,0.5168399
1,34,0,1,0,0,0,0,0,1.0,0.0,0.75608844,0.0,0.6383201,0,0.5169318
1,24,2,1,0,0,0,1,0,0.0,1.0,0.46604955,1.0,0.432855,0,0.5170094
1,27,0,1,2,1,0,5,0,1.0,1.0,0.37627077,1.0,0.2397523,0,0.5135944
0,23,2,0,0,0,0,3,0,0.0,1.0,0.41718572,1.0,0.43992585,0,0.5170022
0,40,0,0,0,0,0,0,1,0.0,0.0,0.82452756,0.0,0.7253822,0,0.5169423
1,40,0,0,0,0,0,4,0,0.0,0.0,0.5078182,0.0,0.58513534,0,0.5169154
1,20,2,1,0,1,0,2,0,1.0,1.0,0.12567759,1.0,0.022097707,0,0.51194006
1,31,0,1,0,0,0,0,0,0.0,0.0,0.73148215,0.0,0.6218904,0,0.51694536
1,68,1,1,0,0,0,2,0,0.0,0.0,0.7713988,0.0,0.7450917,0,0.5170761
1,48,1,1,0,0,0,0,1,0.0,0.0,0.7696932,0.0,0.72582173,0,0.5169441
1,48,1,0,0,0,0,0,0,0.0,0.0,0.87167144,0.0,0.7253641,0,0.5169423
1,36,0,1,0,0,0,4,1,1.0,0.0,0.5747328,0.0,0.5362369,0,0.51684594
1,31,0,1,0,0,0,0,1,0.0,0.0,0.6942287,0.0,0.6237181,0,0.5169455
1,39,0,0,0,0,0,0,1,0.0,0.0,0.79110587,0.0,0.7090997,0,0.516925
1,27,0,1,0,0,0,0,0,0.0,0.0,0.67609763,0.0,0.6007487,0,0.51697934
1,46,1,1,0,0,0,13,0,1.0,1.0,0.40181643,0.0,0.62181294,0,0.5169407
1,40,0,1,0,0,0,2,0,0.0,0.0,0.62853813,0.0,0.5974125,0,0.51692575
0,25,0,1,0,0,0,0,0,0.0,0.0,0.6189007,0.0,0.61227864,0,0.5169497
1,26,0,0,0,0,0,1,1,0.0,1.0,0.46367997,1.0,0.46073377,0,0.51697886
0,30,0,1,0,0,0,4,0,0.0,1.0,0.46370178,1.0,0.49744594,0,0.5168662
1,22,2,1,0,1,0,3,0,1.0,1.0,0.1821925,1.0,0.10437417,0,0.51185185
0,36,0,1,0,0,0,1,1,0.0,0.0,0.75108194,0.0,0.6267679,0,0.51694113
1,35,0,1,0,0,0,5,1,1.0,0.0,0.5340576,0.0,0.50452185,0,0.5168323
1,46,1,0,0,0,0,2,1,0.0,0.0,0.6740136,0.0,0.64817,0,0.516921
1,23,2,1,0,0,0,0,0,1.0,0.0,0.6059553,0.0,0.57796514,0,0.5170456
1,42,0,1,0,0,0,1,0,0.0,0.0,0.7146907,0.0,0.6142814,0,0.51693743
1,54,1,1,0,0,0,2,1,0.0,0.0,0.71161485,0.0,0.7234846,0,0.5169445
1,22,2,1,0,0,0,1,0,1.0,1.0,0.36358422,1.0,0.3400435,0,0.51671946
1,32,0,1,0,0,0,3,0,1.0,0.0,0.504107,1.0,0.45051503,0,0.51684374
1,56,1,1,0,0,0,3,1,1.0,0.0,0.69952035,0.0,0.7249606,0,0.5169479
1,23,2,0,0,0,0,0,0,0.0,0.0,0.66204715,0.0,0.57796526,0,0.5170456
1,50,1,0,0,0,0,8,0,0.0,0.0,0.5308715,0.0,0.6607447,0,0.5169134
1,47,1,0,0,0,0,2,1,0.0,0.0,0.6800573,0.0,0.663432,0,0.5169123
1,27,0,0,0,0,0,0,0,1.0,0.0,0.68937427,0.0,0.6007487,0,0.51697934
1,44,0,0,0,0,0,1,1,1.0,0.0,0.71391046,0.0,0.62375104,0,0.51694334
1,41,0,0,0,0,0,0,0,0.0,0.0,0.8121947,0.0,0.7110723,0,0.5169279
1,26,0,1,0,0,2,6,0,0.0,1.0,0.22401428,0.0,0.5903902,0,0.51693153
1,36,0,1,0,0,0,19,1,1.0,1.0,0.26012015,1.0,0.4980399,0,0.5168346
1,41,0,0,0,0,0,2,0,0.0,0.0,0.60189015,0.0,0.60437423,0,0.51692796
1,27,0,1,0,0,0,4,0,0.0,1.0,0.37146813,1.0,0.38992786,0,0.5169967
0,45,1,0,0,0,0,5,1,0.0,0.0,0.62646335,0.0,0.7211447,0,0.51694316
1,22,2,0,0,0,0,1,0,1.0,1.0,0.4087373,1.0,0.3400435,0,0.51671946
0,31,0,1,0,0,0,0,1,0.0,0.0,0.7069676,0.0,0.693243,0,0.5169255
1,54,1,1,0,0,0,12,1,1.0,1.0,0.48689145,0.0,0.7194101,0,0.5169455
1,23,2,1,0,0,0,0,0,0.0,0.0,0.6059552,0.0,0.57796526,0,0.5170456
1,29,0,1,0,0,0,0,1,0.0,0.0,0.65601575,0.0,0.6166995,0,0.51694036
1,25,0,1,0,0,1,7,1,1.0,1.0,0.19659823,0.0,0.56381357,0,0.51692057
1,27,0,1,0,0,0,0,1,0.0,0.0,0.6123948,0.0,0.6036936,0,0.516958
1,50,1,1,0,0,0,5,0,1.0,0.0,0.6055657,0.0,0.66981494,0,0.51691544
0,22,2,1,0,0,0,0,0,0.0,0.0,0.57541656,0.0,0.59312296,0,0.5170738
1,37,0,1,0,0,0,1,0,0.0,0.0,0.68960744,0.0,0.57151204,0,0.51690036
1,34,0,1,0,0,0,2,0,0.0,0.0,0.58900625,1.0,0.4880221,0,0.5168555
1,49,1,0,0,0,0,1,0,0.0,0.0,0.7417251,0.0,0.6840122,0,0.51692736
1,30,0,1,0,0,0,6,0,0.0,1.0,0.35817707,1.0,0.39812076,0,0.5168909
1,66,1,1,0,0,0,8,0,1.0,0.0,0.6120552,0.0,0.7259418,0,0.5170621
1,53,1,1,0,0,0,0,1,1.0,0.0,0.80271155,0.0,0.72852504,0,0.5169495
1,37,0,1,0,0,0,17,1,0.0,1.0,0.2951553,0.0,0.5271656,0,0.5168321
1,34,0,0,0,0,0,11,0,0.0,1.0,0.28037292,1.0,0.44845593,0,0.5168355
1,23,2,1,0,0,0,0,1,1.0,1.0,0.49741882,0.0,0.57884145,0,0.517069
1,23,2,1,0,0,0,2,0,1.0,1.0,0.35478354,1.0,0.35626525,0,0.5168768
0,39,0,0,0,1,0,11,0,1.0,1.0,0.35769773,1.0,0.23290229,0,0.51459026
1,42,0,1,0,0,0,0,1,1.0,0.0,0.802361,0.0,0.7185585,0,0.51693374
1,25,0,1,0,0,0,5,0,1.0,1.0,0.28893048,1.0,0.32180756,0,0.51703525
1,35,0,1,0,0,0,4,1,0.0,0.0,0.5645051,0.0,0.51025057,0,0.5168273
1,24,2,0,0,0,0,3,0,0.0,1.0,0.3977816,1.0,0.41292202,0,0.5170046
1,24,2,1,0,0,0,0,1,1.0,0.0,0.5360646,0.0,0.5737591,0,0.51709586
1,23,2,1,0,0,0,2,1,1.0,1.0,0.33184952,1.0,0.39639688,0,0.51696414
1,25,0,0,0,0,0,0,1,0.0,0.0,0.59057367,0.0,0.5991976,0,0.51713336
0,57,1,0,0,0,0,0,1,0.0,0.0,0.93110126,0.0,0.889015,0,0.516976
1,26,0,1,0,1,0,3,1,0.0,1.0,0.43815267,1.0,0.3247174,0,0.51564205
1,54,1,1,0,0,0,0,0,0.0,0.0,0.834648,0.0,0.72861826,0,0.5169497
1,45,1,0,0,0,0,2,0,0.0,0.0,0.675864,0.0,0.6264869,0,0.51694065
1,36,0,1,0,0,0,13,0,1.0,1.0,0.25198644,1.0,0.47955257,0,0.5168459
0,43,0,0,0,0,0,0,0,1.0,0.0,0.829144,0.0,0.72597206,0,0.5169441
1,25,0,1,0,0,0,3,0,1.0,1.0,0.35386658,1.0,0.34860063,0,0.51703644
1,61,1,0,0,0,0,1,1,0.0,0.0,0.81604177,0.0,0.72888136,0,0.51696193
1,53,1,1,0,0,0,18,0,0.0,1.0,0.36743194,0.0,0.7038481,0,0.5169287
1,38,0,1,0,0,0,0,0,1.0,0.0,0.7816398,0.0,0.6914585,0,0.5169256
1,34,0,1,0,0,0,0,0,1.0,0.0,0.75608844,0.0,0.6383201,0,0.5169318
0,38,0,1,0,0,0,0,1,0.0,0.0,0.7721573,0.0,0.7242931,0,0.5169397
1,32,0,1,0,0,0,4,0,1.0,1.0,0.45837098,1.0,0.44225788,0,0.51684284
1,27,0,1,0,0,0,10,0,1.0,1.0,0.22393721,1.0,0.33313674,0,0.5170137
