sex,age,age_cat,race,juv_fel_count,juv_misd_count,juv_other_count,priors_count,c_charge_degree,two_year_recid,AL_prediction,GL_prediction,GD_prediction,GD_prediction_proba
1,-0.5734744424820458,0,1,-0.14184477811109508,-0.18740123133420553,-0.21804976793145753,0.3128670257160903,0,0.0,1.0,1.0,1,0.22755742
1,-0.7416982760925156,0,1,-0.14184477811109508,-0.18740123133420553,-0.21804976793145753,-0.5063789719303254,0,0.0,1.0,0.0,1,0.45892167
1,0.18353280876506822,0,1,-0.14184477811109508,-0.18740123133420553,-0.21804976793145753,1.132113023362506,0,0.0,1.0,1.0,1,0.06298958
1,-0.7416982760925156,0,1,-0.14184477811109508,-0.18740123133420553,-0.21804976793145753,-0.30156747251872146,0,1.0,1.0,0.0,1,0.282531
1,-0.40525060887157605,0,1,8.297480824309027,-0.18740123133420553,-0.21804976793145753,1.7465475215973179,0,1.0,1.0,1.0,1,0.022440251
1,-0.23702677526110624,0,1,1.9679866224939355,-0.18740123133420553,-0.21804976793145753,-0.30156747251872146,1,1.0,1.0,1.0,1,0.24770586
0,-0.9099221097029854,2,1,-0.14184477811109508,-0.18740123133420553,-0.21804976793145753,-0.30156747251872146,0,1.0,1.0,1.0,1,0.12297796
0,-1.1622578601186901,2,1,-0.14184477811109508,-0.18740123133420553,-0.21804976793145753,-0.7111904713419294,1,0.0,0.0,1.0,1,0.31116498
1,1.865771144869766,1,0,-0.14184477811109508,-0.18740123133420553,-0.21804976793145753,-0.5063789719303254,0,0.0,0.0,0.0,0,0.9653257
1,-0.5734744424820458,0,1,-0.14184477811109508,-0.18740123133420553,-0.21804976793145753,-0.7111904713419294,1,1.0,0.0,0.0,0,0.9443092
0,-1.246369776923925,2,1,-0.14184477811109508,-0.18740123133420553,1.7756270709247335,-0.7111904713419294,1,1.0,1.0,1.0,1,0.29385257
1,-0.32113869206634116,0,0,-0.14184477811109508,-0.18740123133420553,-0.21804976793145753,0.9273015239509022,1,0.0,1.0,1.0,1,0.0553517
1,-0.7416982760925156,0,0,-0.14184477811109508,-0.18740123133420553,-0.21804976793145753,-0.7111904713419294,1,0.0,0.0,0.0,0,0.944584
1,1.0246519768174172,1,1,-0.14184477811109508,-0.18740123133420553,-0.21804976793145753,0.3128670257160903,0,0.0,0.0,0.0,1,0.29203334
1,0.7723162264017125,0,0,-0.14184477811109508,-0.18740123133420553,-0.21804976793145753,0.10805552630448638,1,0.0,0.0,0.0,1,0.28154093
1,-0.48936252567681093,0,0,-0.14184477811109508,-0.18740123133420553,-0.21804976793145753,-0.7111904713419294,1,0.0,0.0,0.0,0,0.9440798
1,-0.6575863592872807,0,1,-0.14184477811109508,-0.18740123133420553,-0.21804976793145753,0.10805552630448638,0,1.0,1.0,1.0,1,0.24577306
1,-0.5734744424820458,0,1,-0.14184477811109508,-0.18740123133420553,-0.21804976793145753,-0.7111904713419294,1,0.0,0.0,0.0,0,0.9443092
1,-0.9940340265082203,2,1,-0.14184477811109508,-0.18740123133420553,-0.21804976793145753,-0.30156747251872146,0,1.0,1.0,1.0,1,0.118050694
1,0.015308975154598439,0,1,-0.14184477811109508,-0.18740123133420553,-0.21804976793145753,0.5176785251276942,0,1.0,1.0,1.0,1,0.14979187
1,-0.40525060887157605,0,0,-0.14184477811109508,-0.18740123133420553,-0.21804976793145753,-0.7111904713419294,1,0.0,0.0,0.0,0,0.9438044
1,-0.5734744424820458,0,1,-0.14184477811109508,-0.18740123133420553,-0.21804976793145753,-0.7111904713419294,1,0.0,0.0,0.0,0,0.9443092
1,-0.5734744424820458,0,1,-0.14184477811109508,-0.18740123133420553,-0.21804976793145753,-0.5063789719303254,1,1.0,0.0,0.0,0,0.9116477
0,-0.6575863592872807,0,0,-0.14184477811109508,-0.18740123133420553,-0.21804976793145753,-0.30156747251872146,0,0.0,0.0,0.0,1,0.28488362
1,-0.23702677526110624,0,1,-0.14184477811109508,-0.18740123133420553,-0.21804976793145753,0.9273015239509022,0,1.0,1.0,1.0,1,0.063926116
0,-0.9099221097029854,2,1,-0.14184477811109508,-0.18740123133420553,-0.21804976793145753,-0.7111904713419294,0,1.0,0.0,0.0,1,0.31881714
1,-0.5734744424820458,0,0,-0.14184477811109508,-0.18740123133420553,-0.21804976793145753,0.9273015239509022,0,1.0,1.0,1.0,1,0.06150893
0,0.351756642375538,0,1,-0.14184477811109508,-0.18740123133420553,-0.21804976793145753,-0.09675597310711755,0,1.0,0.0,0.0,1,0.26818535
1,-1.0781459433134553,2,0,-0.14184477811109508,-0.18740123133420553,1.7756270709247335,-0.5063789719303254,0,0.0,0.0,1.0,1,0.25447235
1,0.351756642375538,0,0,-0.14184477811109508,-0.18740123133420553,-0.21804976793145753,-0.5063789719303254,0,0.0,0.0,0.0,0,0.6725638
1,-0.48936252567681093,0,1,-0.14184477811109508,-0.18740123133420553,-0.21804976793145753,-0.7111904713419294,0,0.0,0.0,0.0,0,0.77968013
0,0.8564281432069474,1,0,-0.14184477811109508,-0.18740123133420553,-0.21804976793145753,-0.7111904713419294,1,0.0,0.0,0.0,0,0.98557395
0,-0.7416982760925156,0,1,-0.14184477811109508,-0.18740123133420553,-0.21804976793145753,-0.5063789719303254,1,0.0,0.0,0.0,0,0.9114067
0,0.8564281432069474,1,0,-0.14184477811109508,-0.18740123133420553,-0.21804976793145753,-0.5063789719303254,1,0.0,0.0,0.0,0,0.9814555
1,1.4452115608435916,1,0,-0.14184477811109508,-0.18740123133420553,-0.21804976793145753,-0.5063789719303254,0,0.0,0.0,0.0,0,0.9565559
1,1.3610996440383567,1,1,-0.14184477811109508,-0.18740123133420553,-0.21804976793145753,-0.5063789719303254,0,0.0,0.0,0.0,0,0.9549421
0,-0.48936252567681093,0,0,-0.14184477811109508,-0.18740123133420553,-0.21804976793145753,-0.5063789719303254,0,1.0,0.0,0.0,0,0.54374945
1,-0.32113869206634116,0,1,-0.14184477811109508,-0.18740123133420553,-0.21804976793145753,1.9513590210089218,1,1.0,1.0,1.0,1,0.058548074
1,1.0246519768174172,1,0,-0.14184477811109508,-0.18740123133420553,-0.21804976793145753,-0.7111904713419294,1,0.0,0.0,0.0,0,0.98640406
1,-1.1622578601186901,2,0,-0.14184477811109508,-0.18740123133420553,-0.21804976793145753,-0.7111904713419294,0,0.0,0.0,0.0,1,0.2700092
1,0.6882043095964776,0,1,-0.14184477811109508,-0.18740123133420553,-0.21804976793145753,0.7224900245392981,0,0.0,1.0,1.0,1,0.124796055
1,-1.1622578601186901,2,0,-0.14184477811109508,-0.18740123133420553,-0.21804976793145753,-0.5063789719303254,0,0.0,1.0,1.0,1,0.19897224
1,-1.246369776923925,2,1,1.9679866224939355,-0.18740123133420553,-0.21804976793145753,-0.5063789719303254,0,1.0,1.0,1.0,1,0.08426873
0,0.6040923927912427,0,0,-0.14184477811109508,-0.18740123133420553,-0.21804976793145753,-0.09675597310711755,0,0.0,0.0,0.0,1,0.27955878
0,0.6040923927912427,0,1,-0.14184477811109508,-0.18740123133420553,-0.21804976793145753,-0.30156747251872146,1,0.0,0.0,0.0,0,0.8037466
0,-0.23702677526110624,0,1,-0.14184477811109508,-0.18740123133420553,-0.21804976793145753,-0.7111904713419294,0,0.0,0.0,0.0,0,0.7726683
1,0.09942089195983334,0,0,-0.14184477811109508,-0.18740123133420553,-0.21804976793145753,1.132113023362506,1,1.0,1.0,1.0,1,0.057158034
1,2.3704426457011754,1,1,-0.14184477811109508,-0.18740123133420553,-0.21804976793145753,-0.5063789719303254,0,0.0,0.0,0.0,0,0.97422326
0,-0.5734744424820458,0,1,-0.14184477811109508,-0.18740123133420553,-0.21804976793145753,-0.09675597310711755,0,1.0,1.0,1.0,1,0.25387743
1,1.6975473112592963,1,0,-0.14184477811109508,-0.18740123133420553,-0.21804976793145753,-0.7111904713419294,0,0.0,0.0,0.0,0,0.9653306
1,-0.9099221097029854,2,0,-0.14184477811109508,-0.18740123133420553,3.7693039097809242,-0.5063789719303254,0,0.0,0.0,0.0,1,0.26698586
1,2.2863307288959405,1,1,-0.14184477811109508,-0.18740123133420553,-0.21804976793145753,2.3609820198321296,0,0.0,1.0,1.0,1,0.085645795
1,-0.40525060887157605,0,1,-0.14184477811109508,-0.18740123133420553,-0.21804976793145753,-0.7111904713419294,0,0.0,0.0,0.0,0,0.77729255
0,2.2022188120907056,1,1,-0.14184477811109508,-0.18740123133420553,-0.21804976793145753,-0.5063789719303254,0,1.0,0.0,0.0,0,0.9716855
0,-0.23702677526110624,0,1,-0.14184477811109508,-0.18740123133420553,-0.21804976793145753,-0.5063789719303254,0,0.0,0.0,0.0,0,0.6136932
1,-0.06880294165063645,0,1,-0.14184477811109508,-0.18740123133420553,-0.21804976793145753,0.9273015239509022,1,0.0,1.0,1.0,1,0.057327285
1,-0.9940340265082203,2,1,-0.14184477811109508,-0.18740123133420553,-0.21804976793145753,-0.5063789719303254,1,1.0,1.0,1.0,1,0.27660453
1,0.6882043095964776,0,1,-0.14184477811109508,-0.18740123133420553,-0.21804976793145753,-0.5063789719303254,0,1.0,0.0,0.0,0,0.6759801
0,-0.5734744424820458,0,0,-0.14184477811109508,-0.18740123133420553,-0.21804976793145753,-0.7111904713419294,0,1.0,0.0,0.0,0,0.7821234
1,-0.6575863592872807,0,1,-0.14184477811109508,-0.18740123133420553,-0.21804976793145753,1.9513590210089218,1,1.0,1.0,1.0,1,0.058717176
1,-0.48936252567681093,0,1,-0.14184477811109508,-0.18740123133420553,-0.21804976793145753,0.10805552630448638,0,1.0,1.0,1.0,1,0.24628222
1,-1.246369776923925,2,0,-0.14184477811109508,-0.18740123133420553,-0.21804976793145753,-0.7111904713419294,1,1.0,1.0,1.0,1,0.29406592
1,-0.7416982760925156,0,1,-0.14184477811109508,-0.18740123133420553,-0.21804976793145753,0.5176785251276942,1,0.0,1.0,1.0,1,0.0734461
1,1.3610996440383567,1,0,-0.14184477811109508,-0.18740123133420553,-0.21804976793145753,-0.09675597310711755,0,0.0,0.0,0.0,0,0.91966355
1,0.4358685591807729,0,1,-0.14184477811109508,-0.18740123133420553,-0.21804976793145753,-0.7111904713419294,1,0.0,0.0,0.0,0,0.9430329
0,-0.7416982760925156,0,1,-0.14184477811109508,-0.18740123133420553,-0.21804976793145753,1.132113023362506,1,1.0,1.0,1.0,1,0.054066435
1,2.033994978480236,1,1,-0.14184477811109508,-0.18740123133420553,-0.21804976793145753,0.3128670257160903,1,0.0,0.0,0.0,0,0.5666683
0,-0.23702677526110624,0,0,-0.14184477811109508,-0.18740123133420553,-0.21804976793145753,-0.5063789719303254,1,1.0,0.0,0.0,0,0.9113038
1,0.2676447255703031,0,1,-0.14184477811109508,-0.18740123133420553,-0.21804976793145753,0.7224900245392981,0,1.0,1.0,1.0,1,0.089897804
1,-0.8258101928977505,0,1,-0.14184477811109508,-0.18740123133420553,-0.21804976793145753,-0.7111904713419294,1,1.0,0.0,0.0,0,0.9446145
1,4.0526809818058736,1,1,-0.14184477811109508,-0.18740123133420553,-0.21804976793145753,-0.7111904713419294,1,0.0,0.0,0.0,0,0.9883586
1,-0.7416982760925156,0,1,-0.14184477811109508,-0.18740123133420553,-0.21804976793145753,0.9273015239509022,0,1.0,1.0,1.0,1,0.06082663
1,-1.33048169372916,2,1,-0.14184477811109508,-0.18740123133420553,-0.21804976793145753,-0.5063789719303254,0,1.0,1.0,1.0,1,0.17651525
1,-0.06880294165063645,0,0,-0.14184477811109508,-0.18740123133420553,1.7756270709247335,0.3128670257160903,0,1.0,0.0,1.0,1,0.2555836
1,2.3704426457011754,1,0,-0.14184477811109508,-0.18740123133420553,-0.21804976793145753,-0.5063789719303254,0,0.0,0.0,0.0,0,0.97422326
0,-0.48936252567681093,0,0,-0.14184477811109508,1.873440968124573,-0.21804976793145753,1.33692452277411,0,1.0,1.0,1.0,1,0.06446315
0,-0.7416982760925156,0,1,-0.14184477811109508,-0.18740123133420553,-0.21804976793145753,-0.7111904713419294,1,0.0,0.0,0.0,0,0.944584
0,-0.6575863592872807,0,1,-0.14184477811109508,-0.18740123133420553,-0.21804976793145753,-0.7111904713419294,1,1.0,0.0,0.0,0,0.9444804
1,-0.9099221097029854,2,1,-0.14184477811109508,-0.18740123133420553,3.7693039097809242,-0.5063789719303254,1,1.0,1.0,1.0,1,0.28797913
1,0.8564281432069474,1,1,-0.14184477811109508,-0.18740123133420553,-0.21804976793145753,-0.7111904713419294,1,1.0,0.0,0.0,0,0.98557395
1,-0.48936252567681093,0,1,-0.14184477811109508,-0.18740123133420553,-0.21804976793145753,-0.30156747251872146,0,1.0,0.0,0.0,1,0.29080325
0,1.3610996440383567,1,0,-0.14184477811109508,-0.18740123133420553,-0.21804976793145753,0.3128670257160903,0,0.0,0.0,0.0,1,0.34487495
1,0.18353280876506822,0,1,-0.14184477811109508,-0.18740123133420553,-0.21804976793145753,-0.5063789719303254,0,1.0,0.0,0.0,0,0.6657005
1,-0.8258101928977505,0,1,-0.14184477811109508,-0.18740123133420553,-0.21804976793145753,-0.7111904713419294,1,0.0,0.0,0.0,0,0.9446145
1,1.108763893622652,1,0,-0.14184477811109508,-0.18740123133420553,-0.21804976793145753,-0.7111904713419294,1,1.0,0.0,0.0,0,0.98671615
1,-0.9940340265082203,2,1,-0.14184477811109508,-0.18740123133420553,-0.21804976793145753,0.5176785251276942,0,1.0,1.0,1.0,1,0.07340757
0,-0.9940340265082203,2,1,-0.14184477811109508,-0.18740123133420553,-0.21804976793145753,-0.30156747251872146,0,1.0,1.0,1.0,1,0.118050694
1,-0.48936252567681093,0,0,-0.14184477811109508,-0.18740123133420553,-0.21804976793145753,-0.5063789719303254,0,1.0,0.0,0.0,0,0.54374945
1,-0.9940340265082203,2,0,-0.14184477811109508,-0.18740123133420553,-0.21804976793145753,-0.7111904713419294,1,0.0,0.0,0.0,1,0.34405994
1,-0.15291485845587136,0,0,-0.14184477811109508,-0.18740123133420553,-0.21804976793145753,-0.7111904713419294,0,0.0,0.0,0.0,0,0.7705175
1,-0.8258101928977505,0,0,-0.14184477811109508,-0.18740123133420553,-0.21804976793145753,0.7224900245392981,1,1.0,1.0,1.0,1,0.053691015
1,1.6975473112592963,1,0,-0.14184477811109508,-0.18740123133420553,-0.21804976793145753,-0.7111904713419294,1,1.0,0.0,0.0,0,0.98789084
1,-0.48936252567681093,0,0,-0.14184477811109508,-0.18740123133420553,1.7756270709247335,1.541736022185714,0,1.0,1.0,1.0,1,0.08480433
1,-0.5734744424820458,0,1,-0.14184477811109508,-0.18740123133420553,-0.21804976793145753,-0.09675597310711755,0,0.0,1.0,1.0,1,0.25387743
1,-0.9099221097029854,2,1,-0.14184477811109508,-0.18740123133420553,-0.21804976793145753,-0.7111904713419294,1,0.0,0.0,0.0,1,0.36064714
1,2.033994978480236,1,1,-0.14184477811109508,-0.18740123133420553,-0.21804976793145753,3.794662515713357,0,1.0,1.0,1.0,1,0.065838285
0,1.5293234776488265,1,0,-0.14184477811109508,-0.18740123133420553,-0.21804976793145753,-0.5063789719303254,1,0.0,0.0,0.0,0,0.9872715
1,-0.15291485845587136,0,1,-0.14184477811109508,-0.18740123133420553,-0.21804976793145753,0.10805552630448638,0,1.0,1.0,0.0,1,0.24940972
1,-0.7416982760925156,0,1,-0.14184477811109508,1.873440968124573,-0.21804976793145753,0.5176785251276942,1,0.0,1.0,1.0,1,0.08942655
0,-1.0781459433134553,2,1,-0.14184477811109508,-0.18740123133420553,-0.21804976793145753,-0.30156747251872146,0,0.0,1.0,1.0,1,0.113719895
1,0.015308975154598439,0,1,-0.14184477811109508,-0.18740123133420553,-0.21804976793145753,-0.7111904713419294,0,0.0,0.0,0.0,0,0.76649976
1,-1.1622578601186901,2,0,-0.14184477811109508,-0.18740123133420553,-0.21804976793145753,-0.5063789719303254,0,0.0,1.0,1.0,1,0.19897224
1,-0.9940340265082203,2,0,-0.14184477811109508,-0.18740123133420553,-0.21804976793145753,-0.30156747251872146,0,0.0,1.0,1.0,1,0.118050694
1,-0.8258101928977505,0,1,-0.14184477811109508,-0.18740123133420553,-0.21804976793145753,0.3128670257160903,0,0.0,1.0,1.0,1,0.22336559
1,-0.06880294165063645,0,1,-0.14184477811109508,-0.18740123133420553,-0.21804976793145753,-0.5063789719303254,0,0.0,0.0,0.0,0,0.6428711
1,0.2676447255703031,0,1,1.9679866224939355,1.873440968124573,-0.21804976793145753,1.132113023362506,0,1.0,1.0,1.0,1,0.064519994
1,0.09942089195983334,0,1,-0.14184477811109508,-0.18740123133420553,-0.21804976793145753,-0.30156747251872146,0,0.0,0.0,1.0,1,0.36547795
1,-0.9099221097029854,2,1,-0.14184477811109508,-0.18740123133420553,-0.21804976793145753,-0.09675597310711755,0,1.0,1.0,1.0,1,0.08826883
0,-0.9940340265082203,2,1,-0.14184477811109508,-0.18740123133420553,-0.21804976793145753,-0.7111904713419294,1,0.0,0.0,0.0,1,0.34405994
1,-0.8258101928977505,0,0,-0.14184477811109508,-0.18740123133420553,-0.21804976793145753,-0.5063789719303254,0,0.0,0.0,0.0,1,0.43188187
1,-0.06880294165063645,0,1,-0.14184477811109508,-0.18740123133420553,-0.21804976793145753,-0.30156747251872146,1,1.0,0.0,0.0,0,0.84712887
1,0.9405400600121823,1,1,-0.14184477811109508,-0.18740123133420553,-0.21804976793145753,-0.7111904713419294,0,1.0,0.0,0.0,0,0.9494996
1,1.0246519768174172,1,1,-0.14184477811109508,-0.18740123133420553,-0.21804976793145753,0.5176785251276942,0,0.0,0.0,0.0,1,0.18843651
1,0.8564281432069474,1,0,-0.14184477811109508,-0.18740123133420553,-0.21804976793145753,-0.5063789719303254,1,0.0,0.0,0.0,0,0.9814555
1,-0.40525060887157605,0,1,-0.14184477811109508,-0.18740123133420553,-0.21804976793145753,-0.7111904713419294,0,0.0,0.0,0.0,0,0.77729255
1,-0.32113869206634116,0,1,-0.14184477811109508,-0.18740123133420553,-0.21804976793145753,-0.7111904713419294,0,1.0,0.0,0.0,0,0.77492505
1,-0.48936252567681093,0,1,-0.14184477811109508,-0.18740123133420553,-0.21804976793145753,0.7224900245392981,0,1.0,1.0,1.0,1,0.06873073
1,-0.9099221097029854,2,0,-0.14184477811109508,-0.18740123133420553,1.7756270709247335,-0.5063789719303254,0,0.0,0.0,1.0,1,0.2557887
1,1.4452115608435916,1,0,-0.14184477811109508,-0.18740123133420553,-0.21804976793145753,-0.7111904713419294,0,0.0,0.0,0.0,0,0.96022356
1,-0.9940340265082203,2,1,-0.14184477811109508,-0.18740123133420553,-0.21804976793145753,-0.09675597310711755,0,1.0,1.0,1.0,1,0.08670359
1,0.6882043095964776,0,1,-0.14184477811109508,-0.18740123133420553,-0.21804976793145753,-0.30156747251872146,0,1.0,0.0,1.0,1,0.43442923
1,-0.9940340265082203,2,1,-0.14184477811109508,-0.18740123133420553,1.7756270709247335,-0.5063789719303254,0,0.0,1.0,1.0,1,0.2551579
1,-1.1622578601186901,2,1,-0.14184477811109508,-0.18740123133420553,1.7756270709247335,-0.5063789719303254,0,1.0,1.0,1.0,1,0.253741
1,0.09942089195983334,0,0,-0.14184477811109508,-0.18740123133420553,-0.21804976793145753,0.3128670257160903,0,1.0,1.0,1.0,1,0.23892635
0,-0.8258101928977505,0,1,-0.14184477811109508,-0.18740123133420553,-0.21804976793145753,-0.7111904713419294,1,1.0,0.0,0.0,0,0.9446145
1,-0.48936252567681093,0,1,-0.14184477811109508,-0.18740123133420553,-0.21804976793145753,-0.7111904713419294,0,0.0,0.0,0.0,0,0.77968013
1,-0.8258101928977505,0,1,-0.14184477811109508,-0.18740123133420553,-0.21804976793145753,-0.7111904713419294,0,0.0,0.0,0.0,0,0.7888186
1,-0.48936252567681093,0,1,-0.14184477811109508,-0.18740123133420553,-0.21804976793145753,-0.7111904713419294,1,1.0,0.0,0.0,0,0.9440798
1,1.6134353944540614,1,1,-0.14184477811109508,-0.18740123133420553,-0.21804976793145753,-0.30156747251872146,1,0.0,0.0,0.0,0,0.9855369
1,0.7723162264017125,0,1,-0.14184477811109508,-0.18740123133420553,-0.21804976793145753,-0.7111904713419294,0,0.0,0.0,0.0,0,0.7509475
1,1.4452115608435916,1,1,-0.14184477811109508,-0.18740123133420553,-0.21804976793145753,0.5176785251276942,1,1.0,0.0,0.0,1,0.28763512
0,-0.15291485845587136,0,1,-0.14184477811109508,-0.18740123133420553,-0.21804976793145753,-0.7111904713419294,0,0.0,0.0,0.0,0,0.7705175
1,-1.33048169372916,2,0,-0.14184477811109508,-0.18740123133420553,-0.21804976793145753,-0.7111904713419294,1,1.0,1.0,1.0,1,0.26707682
0,-0.5734744424820458,0,1,-0.14184477811109508,-0.18740123133420553,-0.21804976793145753,-0.09675597310711755,0,0.0,1.0,1.0,1,0.25387743
1,0.9405400600121823,1,1,-0.14184477811109508,-0.18740123133420553,-0.21804976793145753,-0.7111904713419294,0,0.0,0.0,0.0,0,0.9494996
1,-0.6575863592872807,0,0,-0.14184477811109508,-0.18740123133420553,-0.21804976793145753,0.3128670257160903,0,0.0,1.0,1.0,1,0.2262053
1,-1.1622578601186901,2,0,-0.14184477811109508,-0.18740123133420553,-0.21804976793145753,-0.5063789719303254,0,0.0,1.0,1.0,1,0.19897224
1,-1.1622578601186901,2,1,1.9679866224939355,3.9342831675833514,3.7693039097809242,-0.09675597310711755,0,1.0,1.0,1.0,1,0.25265142
1,-0.15291485845587136,0,1,-0.14184477811109508,-0.18740123133420553,-0.21804976793145753,-0.7111904713419294,1,0.0,0.0,0.0,0,0.94286335
1,-0.32113869206634116,0,0,-0.14184477811109508,-0.18740123133420553,-0.21804976793145753,0.3128670257160903,0,1.0,1.0,1.0,1,0.23154573
0,1.192875810427887,1,0,-0.14184477811109508,-0.18740123133420553,-0.21804976793145753,-0.7111904713419294,0,0.0,0.0,0.0,0,0.95492345
0,-0.48936252567681093,0,1,-0.14184477811109508,-0.18740123133420553,-0.21804976793145753,-0.5063789719303254,1,0.0,0.0,0.0,0,0.9115766
1,-0.7416982760925156,0,0,-0.14184477811109508,-0.18740123133420553,-0.21804976793145753,-0.5063789719303254,1,0.0,1.0,0.0,0,0.9114067
1,-0.06880294165063645,0,1,-0.14184477811109508,-0.18740123133420553,-0.21804976793145753,-0.30156747251872146,1,0.0,0.0,0.0,0,0.84712887
1,0.09942089195983334,0,1,-0.14184477811109508,-0.18740123133420553,-0.21804976793145753,-0.5063789719303254,1,1.0,0.0,0.0,0,0.91104704
1,-0.23702677526110624,0,1,-0.14184477811109508,-0.18740123133420553,-0.21804976793145753,0.10805552630448638,0,0.0,1.0,0.0,1,0.24830915
0,-1.0781459433134553,2,1,-0.14184477811109508,-0.18740123133420553,1.7756270709247335,-0.7111904713419294,0,1.0,1.0,0.0,1,0.26393256
1,0.2676447255703031,0,1,-0.14184477811109508,-0.18740123133420553,-0.21804976793145753,-0.7111904713419294,1,0.0,0.0,0.0,0,0.94249773
1,-0.23702677526110624,0,1,-0.14184477811109508,-0.18740123133420553,-0.21804976793145753,-0.30156747251872146,1,0.0,0.0,0.0,0,0.83950514
1,1.192875810427887,1,0,-0.14184477811109508,-0.18740123133420553,-0.21804976793145753,-0.7111904713419294,0,0.0,0.0,0.0,0,0.95492345
1,-0.7416982760925156,0,1,-0.14184477811109508,-0.18740123133420553,-0.21804976793145753,-0.5063789719303254,1,1.0,0.0,0.0,0,0.9114067
1,2.2022188120907056,1,1,-0.14184477811109508,-0.18740123133420553,-0.21804976793145753,-0.7111904713419294,1,0.0,0.0,0.0,0,0.9882178
0,0.4358685591807729,0,1,-0.14184477811109508,-0.18740123133420553,-0.21804976793145753,-0.7111904713419294,0,0.0,0.0,0.0,0,0.75765604
1,-0.06880294165063645,0,1,-0.14184477811109508,-0.18740123133420553,-0.21804976793145753,0.7224900245392981,0,1.0,1.0,1.0,1,0.07767993
0,-0.06880294165063645,0,0,-0.14184477811109508,-0.18740123133420553,-0.21804976793145753,-0.5063789719303254,0,0.0,0.0,0.0,0,0.6428711
1,-1.0781459433134553,2,1,-0.14184477811109508,-0.18740123133420553,1.7756270709247335,-0.5063789719303254,1,1.0,1.0,1.0,1,0.26239908
1,-0.9099221097029854,2,1,-0.14184477811109508,-0.18740123133420553,-0.21804976793145753,-0.30156747251872146,1,1.0,1.0,1.0,1,0.09429994
1,-0.9940340265082203,2,1,-0.14184477811109508,-0.18740123133420553,-0.21804976793145753,-0.7111904713419294,1,0.0,1.0,0.0,1,0.34405994
1,1.865771144869766,1,1,-0.14184477811109508,-0.18740123133420553,-0.21804976793145753,-0.7111904713419294,0,0.0,0.0,0.0,0,0.9684359
1,1.0246519768174172,1,0,-0.14184477811109508,-0.18740123133420553,-0.21804976793145753,0.3128670257160903,1,0.0,0.0,0.0,1,0.31923744
1,-0.40525060887157605,0,1,-0.14184477811109508,-0.18740123133420553,-0.21804976793145753,-0.09675597310711755,0,1.0,1.0,1.0,1,0.2555403
1,-0.15291485845587136,0,1,4.077818023098966,-0.18740123133420553,-0.21804976793145753,0.9273015239509022,0,1.0,1.0,1.0,1,0.06526929
1,-0.6575863592872807,0,0,-0.14184477811109508,-0.18740123133420553,-0.21804976793145753,-0.30156747251872146,0,0.0,0.0,0.0,1,0.28488362
0,0.015308975154598439,0,1,-0.14184477811109508,-0.18740123133420553,-0.21804976793145753,-0.7111904713419294,1,0.0,0.0,0.0,0,0.9423793
1,0.8564281432069474,1,1,-0.14184477811109508,-0.18740123133420553,-0.21804976793145753,-0.09675597310711755,0,0.0,0.0,0.0,0,0.58181965
1,-0.32113869206634116,0,0,-0.14184477811109508,-0.18740123133420553,-0.21804976793145753,-0.09675597310711755,1,0.0,0.0,0.0,1,0.29878482
1,-1.246369776923925,2,0,-0.14184477811109508,-0.18740123133420553,3.7693039097809242,-0.5063789719303254,0,1.0,0.0,1.0,1,0.26651224
1,1.192875810427887,1,1,-0.14184477811109508,-0.18740123133420553,-0.21804976793145753,-0.30156747251872146,0,0.0,0.0,0.0,0,0.9458525
0,-0.7416982760925156,0,1,-0.14184477811109508,-0.18740123133420553,-0.21804976793145753,-0.5063789719303254,0,0.0,0.0,0.0,1,0.45892167
1,-0.7416982760925156,0,1,-0.14184477811109508,-0.18740123133420553,-0.21804976793145753,-0.5063789719303254,1,1.0,0.0,0.0,0,0.9114067
1,2.3704426457011754,1,1,-0.14184477811109508,-0.18740123133420553,-0.21804976793145753,-0.5063789719303254,0,0.0,0.0,0.0,0,0.97422326
1,-0.8258101928977505,0,1,-0.14184477811109508,-0.18740123133420553,-0.21804976793145753,1.132113023362506,0,1.0,1.0,1.0,1,0.060939167
1,2.8751141465325847,1,1,-0.14184477811109508,-0.18740123133420553,-0.21804976793145753,-0.7111904713419294,1,0.0,0.0,0.0,0,0.98834527
0,2.538666479311645,1,1,-0.14184477811109508,-0.18740123133420553,-0.21804976793145753,-0.7111904713419294,0,0.0,0.0,0.0,0,0.9771345
0,-0.32113869206634116,0,1,-0.14184477811109508,-0.18740123133420553,-0.21804976793145753,-0.7111904713419294,1,1.0,0.0,0.0,0,0.9434975
1,1.108763893622652,1,0,-0.14184477811109508,-0.18740123133420553,-0.21804976793145753,-0.5063789719303254,0,1.0,0.0,0.0,0,0.95039725
1,1.4452115608435916,1,0,-0.14184477811109508,-0.18740123133420553,-0.21804976793145753,-0.30156747251872146,1,0.0,0.0,0.0,0,0.98397684
0,1.108763893622652,1,1,-0.14184477811109508,-0.18740123133420553,-0.21804976793145753,-0.7111904713419294,1,0.0,0.0,0.0,0,0.98671615
1,2.2022188120907056,1,1,-0.14184477811109508,-0.18740123133420553,-0.21804976793145753,3.3850395168901493,1,1.0,1.0,1.0,1,0.06340632
1,-0.8258101928977505,0,1,-0.14184477811109508,-0.18740123133420553,1.7756270709247335,0.3128670257160903,0,1.0,1.0,1.0,1,0.25481912
0,0.6882043095964776,0,1,-0.14184477811109508,-0.18740123133420553,-0.21804976793145753,-0.30156747251872146,1,0.0,0.0,0.0,0,0.79617274
1,-1.1622578601186901,2,1,-0.14184477811109508,-0.18740123133420553,-0.21804976793145753,-0.5063789719303254,0,0.0,1.0,1.0,1,0.19897224
0,-0.5734744424820458,0,0,-0.14184477811109508,-0.18740123133420553,-0.21804976793145753,-0.7111904713419294,0,0.0,0.0,0.0,0,0.7821234
1,-0.7416982760925156,0,1,-0.14184477811109508,-0.18740123133420553,-0.21804976793145753,0.10805552630448638,0,0.0,1.0,1.0,1,0.24555215
1,1.4452115608435916,1,1,-0.14184477811109508,-0.18740123133420553,-0.21804976793145753,3.3850395168901493,0,0.0,1.0,1.0,1,0.06566264
1,-0.40525060887157605,0,1,-0.14184477811109508,-0.18740123133420553,-0.21804976793145753,-0.09675597310711755,1,0.0,0.0,0.0,1,0.29809448
0,0.015308975154598439,0,1,-0.14184477811109508,-0.18740123133420553,-0.21804976793145753,1.7465475215973179,1,0.0,1.0,1.0,1,0.05804754
1,-1.246369776923925,2,1,1.9679866224939355,1.873440968124573,1.7756270709247335,0.10805552630448638,0,1.0,1.0,1.0,1,0.13395172
1,-0.15291485845587136,0,0,-0.14184477811109508,-0.18740123133420553,-0.21804976793145753,0.3128670257160903,0,1.0,1.0,1.0,1,0.23431623
0,-0.32113869206634116,0,1,-0.14184477811109508,-0.18740123133420553,-0.21804976793145753,-0.7111904713419294,0,1.0,0.0,0.0,0,0.77492505
1,1.192875810427887,1,1,-0.14184477811109508,-0.18740123133420553,-0.21804976793145753,-0.5063789719303254,1,0.0,0.0,0.0,0,0.98546743
1,-0.7416982760925156,0,1,1.9679866224939355,3.9342831675833514,-0.21804976793145753,1.132113023362506,0,1.0,1.0,1.0,1,0.06724853
1,-0.7416982760925156,0,1,-0.14184477811109508,-0.18740123133420553,-0.21804976793145753,-0.30156747251872146,0,1.0,1.0,0.0,1,0.282531
1,1.2769877272331218,1,0,-0.14184477811109508,-0.18740123133420553,-0.21804976793145753,-0.5063789719303254,0,0.0,0.0,0.0,0,0.95339954
1,-1.0781459433134553,2,1,-0.14184477811109508,-0.18740123133420553,-0.21804976793145753,-0.09675597310711755,0,0.0,1.0,1.0,1,0.08538695
1,-1.1622578601186901,2,1,-0.14184477811109508,-0.18740123133420553,-0.21804976793145753,-0.7111904713419294,1,1.0,1.0,1.0,1,0.31116498
1,-1.1622578601186901,2,0,-0.14184477811109508,-0.18740123133420553,1.7756270709247335,-0.5063789719303254,1,0.0,0.0,1.0,1,0.26163128
0,-0.32113869206634116,0,0,-0.14184477811109508,-0.18740123133420553,-0.21804976793145753,-0.5063789719303254,1,1.0,0.0,0.0,0,0.9113522
1,0.351756642375538,0,0,-0.14184477811109508,-0.18740123133420553,-0.21804976793145753,-0.7111904713419294,0,0.0,0.0,0.0,0,0.7593358
1,-0.48936252567681093,0,1,-0.14184477811109508,-0.18740123133420553,-0.21804976793145753,-0.7111904713419294,1,0.0,0.0,0.0,0,0.9440798
1,-0.7416982760925156,0,1,-0.14184477811109508,-0.18740123133420553,-0.21804976793145753,0.10805552630448638,0,0.0,1.0,1.0,1,0.24555215
1,-0.48936252567681093,0,0,-0.14184477811109508,-0.18740123133420553,-0.21804976793145753,-0.30156747251872146,1,1.0,0.0,0.0,0,0.80101216
1,1.5293234776488265,1,0,-0.14184477811109508,-0.18740123133420553,-0.21804976793145753,-0.7111904713419294,1,0.0,0.0,0.0,0,0.9876807
1,1.5293234776488265,1,1,-0.14184477811109508,-0.18740123133420553,-0.21804976793145753,1.132113023362506,0,1.0,1.0,0.0,1,0.13112977
1,-0.48936252567681093,0,0,-0.14184477811109508,-0.18740123133420553,-0.21804976793145753,-0.7111904713419294,1,0.0,0.0,0.0,0,0.9440798
0,2.2863307288959405,1,0,-0.14184477811109508,-0.18740123133420553,-0.21804976793145753,-0.30156747251872146,0,1.0,0.0,0.0,0,0.97068477
0,-0.32113869206634116,0,1,-0.14184477811109508,-0.18740123133420553,-0.21804976793145753,-0.5063789719303254,1,1.0,0.0,0.0,0,0.9113522
1,-0.06880294165063645,0,1,4.077818023098966,1.873440968124573,5.762980748637116,3.589851016301753,0,1.0,1.0,1.0,1,0.09019983
1,-0.5734744424820458,0,0,-0.14184477811109508,-0.18740123133420553,-0.21804976793145753,-0.5063789719303254,1,0.0,0.0,0.0,0,0.9116477
1,0.2676447255703031,0,1,-0.14184477811109508,-0.18740123133420553,-0.21804976793145753,0.10805552630448638,1,0.0,0.0,1.0,1,0.26682523
1,-1.1622578601186901,2,1,-0.14184477811109508,-0.18740123133420553,1.7756270709247335,-0.7111904713419294,0,0.0,0.0,0.0,1,0.26320738
1,-0.7416982760925156,0,1,-0.14184477811109508,-0.18740123133420553,-0.21804976793145753,-0.7111904713419294,1,1.0,0.0,0.0,0,0.944584
1,-1.0781459433134553,2,1,-0.14184477811109508,-0.18740123133420553,-0.21804976793145753,-0.7111904713419294,0,1.0,0.0,0.0,1,0.28919974
1,-0.7416982760925156,0,0,-0.14184477811109508,-0.18740123133420553,-0.21804976793145753,-0.09675597310711755,0,1.0,1.0,1.0,1,0.25248557
1,-0.5734744424820458,0,0,-0.14184477811109508,-0.18740123133420553,-0.21804976793145753,-0.7111904713419294,0,1.0,0.0,0.0,0,0.7821234
0,-1.1622578601186901,2,0,-0.14184477811109508,-0.18740123133420553,-0.21804976793145753,-0.5063789719303254,0,0.0,1.0,1.0,1,0.19897224
1,1.2769877272331218,1,0,-0.14184477811109508,-0.18740123133420553,-0.21804976793145753,-0.5063789719303254,0,0.0,0.0,0.0,0,0.95339954
1,2.2022188120907056,1,0,-0.14184477811109508,-0.18740123133420553,-0.21804976793145753,-0.7111904713419294,1,0.0,0.0,0.0,0,0.9882178
1,1.2769877272331218,1,1,-0.14184477811109508,-0.18740123133420553,-0.21804976793145753,-0.09675597310711755,1,0.0,0.0,0.0,0,0.9461829
1,0.5199804759860078,0,1,-0.14184477811109508,-0.18740123133420553,-0.21804976793145753,0.10805552630448638,0,0.0,0.0,0.0,1,0.25655577
1,2.2863307288959405,1,0,-0.14184477811109508,-0.18740123133420553,-0.21804976793145753,-0.09675597310711755,1,0.0,0.0,0.0,0,0.98539263
0,1.192875810427887,1,0,-0.14184477811109508,-0.18740123133420553,-0.21804976793145753,-0.7111904713419294,0,0.0,0.0,0.0,0,0.95492345
1,2.3704426457011754,1,0,-0.14184477811109508,-0.18740123133420553,-0.21804976793145753,-0.30156747251872146,0,0.0,0.0,0.0,0,0.97222316
1,0.18353280876506822,0,1,-0.14184477811109508,-0.18740123133420553,-0.21804976793145753,0.10805552630448638,0,0.0,1.0,0.0,1,0.2530374
1,-1.246369776923925,2,0,-0.14184477811109508,-0.18740123133420553,-0.21804976793145753,-0.7111904713419294,1,0.0,1.0,1.0,1,0.29406592
1,0.8564281432069474,1,0,-0.14184477811109508,-0.18740123133420553,-0.21804976793145753,-0.5063789719303254,1,0.0,0.0,0.0,0,0.9814555
1,-0.06880294165063645,0,0,-0.14184477811109508,-0.18740123133420553,-0.21804976793145753,-0.5063789719303254,0,0.0,0.0,0.0,0,0.6428711
1,-0.48936252567681093,0,1,-0.14184477811109508,-0.18740123133420553,-0.21804976793145753,1.541736022185714,0,1.0,1.0,1.0,1,0.06159477
1,0.351756642375538,0,1,-0.14184477811109508,-0.18740123133420553,-0.21804976793145753,-0.7111904713419294,1,0.0,0.0,0.0,0,0.9427167
1,0.8564281432069474,1,1,-0.14184477811109508,-0.18740123133420553,-0.21804976793145753,2.7706050186553375,0,1.0,1.0,1.0,1,0.0656753
1,0.4358685591807729,0,1,-0.14184477811109508,-0.18740123133420553,-0.21804976793145753,-0.5063789719303254,0,0.0,0.0,0.0,0,0.6744552
1,-0.7416982760925156,0,1,-0.14184477811109508,-0.18740123133420553,-0.21804976793145753,-0.7111904713419294,1,0.0,0.0,0.0,0,0.944584
1,1.865771144869766,1,0,-0.14184477811109508,-0.18740123133420553,-0.21804976793145753,3.589851016301753,1,1.0,1.0,1.0,1,0.061943166
1,1.865771144869766,1,1,-0.14184477811109508,-0.18740123133420553,-0.21804976793145753,3.1802280174785453,0,0.0,1.0,1.0,1,0.06726219
1,-0.40525060887157605,0,0,-0.14184477811109508,-0.18740123133420553,-0.21804976793145753,-0.7111904713419294,1,0.0,0.0,0.0,0,0.9438044
0,-0.06880294165063645,0,0,-0.14184477811109508,-0.18740123133420553,-0.21804976793145753,-0.5063789719303254,0,1.0,0.0,0.0,0,0.6428711
1,-1.1622578601186901,2,1,-0.14184477811109508,-0.18740123133420553,3.7693039097809242,-0.5063789719303254,0,1.0,1.0,1.0,1,0.26663473
1,-0.9940340265082203,2,0,-0.14184477811109508,-0.18740123133420553,-0.21804976793145753,0.10805552630448638,1,1.0,1.0,1.0,1,0.07271526
1,-0.06880294165063645,0,1,-0.14184477811109508,12.177651965418466,1.7756270709247335,3.1802280174785453,1,0.0,1.0,1.0,1,0.09286935
1,2.8751141465325847,1,1,-0.14184477811109508,-0.18740123133420553,-0.21804976793145753,-0.09675597310711755,0,0.0,0.0,0.0,0,0.9763713
1,-0.8258101928977505,0,1,-0.14184477811109508,-0.18740123133420553,-0.21804976793145753,0.7224900245392981,0,0.0,1.0,1.0,1,0.064017944
1,0.6882043095964776,0,0,-0.14184477811109508,-0.18740123133420553,-0.21804976793145753,0.9273015239509022,0,1.0,1.0,1.0,1,0.0781826
0,-1.0781459433134553,2,1,-0.14184477811109508,-0.18740123133420553,-0.21804976793145753,-0.5063789719303254,0,0.0,1.0,1.0,1,0.212017
1,-0.5734744424820458,0,1,-0.14184477811109508,-0.18740123133420553,-0.21804976793145753,0.5176785251276942,0,0.0,1.0,1.0,1,0.09790509
1,-0.32113869206634116,0,1,-0.14184477811109508,-0.18740123133420553,-0.21804976793145753,1.132113023362506,1,1.0,1.0,1.0,1,0.055651635
1,1.192875810427887,1,1,-0.14184477811109508,-0.18740123133420553,-0.21804976793145753,-0.7111904713419294,1,0.0,0.0,0.0,0,0.98697865
1,0.015308975154598439,0,0,-0.14184477811109508,-0.18740123133420553,-0.21804976793145753,-0.09675597310711755,1,1.0,0.0,0.0,1,0.30192214
1,0.5199804759860078,0,1,-0.14184477811109508,-0.18740123133420553,-0.21804976793145753,-0.7111904713419294,0,0.0,0.0,0.0,0,0.755988
1,2.706890312922115,1,0,-0.14184477811109508,-0.18740123133420553,-0.21804976793145753,-0.7111904713419294,1,0.0,0.0,0.0,0,0.98832625
1,-0.32113869206634116,0,1,-0.14184477811109508,-0.18740123133420553,-0.21804976793145753,1.33692452277411,0,1.0,1.0,1.0,1,0.06103318
1,-0.48936252567681093,0,1,1.9679866224939355,3.9342831675833514,-0.21804976793145753,0.5176785251276942,0,1.0,1.0,1.0,1,0.07384104
1,-0.06880294165063645,0,0,-0.14184477811109508,-0.18740123133420553,-0.21804976793145753,0.3128670257160903,1,0.0,0.0,0.0,1,0.24085546
1,-0.06880294165063645,0,1,-0.14184477811109508,-0.18740123133420553,-0.21804976793145753,-0.09675597310711755,0,0.0,0.0,1.0,1,0.2593017
1,1.4452115608435916,1,0,-0.14184477811109508,-0.18740123133420553,-0.21804976793145753,2.5657935192437336,0,1.0,1.0,1.0,1,0.06870845
1,-0.9099221097029854,2,0,-0.14184477811109508,-0.18740123133420553,-0.21804976793145753,-0.30156747251872146,1,0.0,1.0,1.0,1,0.09429994
1,-1.1622578601186901,2,1,-0.14184477811109508,-0.18740123133420553,1.7756270709247335,-0.5063789719303254,0,0.0,1.0,1.0,1,0.253741
1,-0.9099221097029854,2,0,-0.14184477811109508,-0.18740123133420553,-0.21804976793145753,-0.7111904713419294,0,0.0,0.0,0.0,1,0.31881714
1,-1.1622578601186901,2,1,-0.14184477811109508,-0.18740123133420553,3.7693039097809242,-0.5063789719303254,0,0.0,1.0,1.0,1,0.26663473
1,0.6882043095964776,0,1,-0.14184477811109508,-0.18740123133420553,-0.21804976793145753,-0.7111904713419294,1,0.0,0.0,0.0,0,0.9426817
1,-0.7416982760925156,0,1,-0.14184477811109508,-0.18740123133420553,-0.21804976793145753,-0.7111904713419294,1,0.0,0.0,0.0,0,0.944584
1,-0.9940340265082203,2,1,-0.14184477811109508,-0.18740123133420553,1.7756270709247335,0.3128670257160903,0,1.0,1.0,1.0,1,0.19265828
1,-0.40525060887157605,0,0,-0.14184477811109508,-0.18740123133420553,-0.21804976793145753,1.132113023362506,1,1.0,1.0,1.0,1,0.055345222
1,-1.1622578601186901,2,1,-0.14184477811109508,-0.18740123133420553,-0.21804976793145753,-0.7111904713419294,0,1.0,1.0,0.0,1,0.2700092
1,-0.9099221097029854,2,1,-0.14184477811109508,1.873440968124573,-0.21804976793145753,0.10805552630448638,0,1.0,1.0,1.0,1,0.082969636
1,1.108763893622652,1,1,-0.14184477811109508,-0.18740123133420553,-0.21804976793145753,-0.5063789719303254,1,0.0,0.0,0.0,0,0.9847318
1,-0.8258101928977505,0,1,-0.14184477811109508,1.873440968124573,-0.21804976793145753,3.589851016301753,0,1.0,1.0,1.0,1,0.060641203
1,1.949883061675001,1,1,-0.14184477811109508,-0.18740123133420553,-0.21804976793145753,-0.5063789719303254,1,0.0,0.0,0.0,0,0.9881293
1,0.18353280876506822,0,1,-0.14184477811109508,-0.18740123133420553,-0.21804976793145753,-0.5063789719303254,0,0.0,0.0,0.0,0,0.6657005
1,0.18353280876506822,0,0,-0.14184477811109508,-0.18740123133420553,-0.21804976793145753,-0.30156747251872146,0,1.0,0.0,1.0,1,0.38074353
1,-0.32113869206634116,0,1,-0.14184477811109508,-0.18740123133420553,-0.21804976793145753,-0.5063789719303254,1,0.0,0.0,0.0,0,0.9113522
1,-1.1622578601186901,2,0,-0.14184477811109508,-0.18740123133420553,-0.21804976793145753,-0.7111904713419294,0,1.0,0.0,0.0,1,0.2700092
0,1.7816592280645311,1,1,-0.14184477811109508,-0.18740123133420553,-0.21804976793145753,-0.5063789719303254,0,1.0,0.0,0.0,0,0.9635571
1,-1.246369776923925,2,1,-0.14184477811109508,-0.18740123133420553,3.7693039097809242,-0.7111904713419294,0,1.0,1.0,1.0,1,0.27145833
0,-0.9940340265082203,2,1,-0.14184477811109508,-0.18740123133420553,-0.21804976793145753,-0.5063789719303254,0,0.0,0.0,1.0,1,0.22639939
0,-0.23702677526110624,0,0,-0.14184477811109508,-0.18740123133420553,1.7756270709247335,0.10805552630448638,0,0.0,0.0,0.0,1,0.26391917
1,-0.6575863592872807,0,1,-0.14184477811109508,-0.18740123133420553,-0.21804976793145753,-0.09675597310711755,1,1.0,1.0,0.0,1,0.29783556
1,-0.15291485845587136,0,1,-0.14184477811109508,-0.18740123133420553,-0.21804976793145753,-0.09675597310711755,1,0.0,0.0,0.0,1,0.30027625
1,-0.23702677526110624,0,1,-0.14184477811109508,1.873440968124573,-0.21804976793145753,2.1561705204205257,0,0.0,1.0,1.0,1,0.06349222
1,-0.8258101928977505,0,1,-0.14184477811109508,-0.18740123133420553,-0.21804976793145753,-0.5063789719303254,1,0.0,1.0,0.0,0,0.9109008
1,-0.9099221097029854,2,1,-0.14184477811109508,-0.18740123133420553,-0.21804976793145753,-0.5063789719303254,0,1.0,1.0,1.0,1,0.24815786
1,-0.6575863592872807,0,1,-0.14184477811109508,-0.18740123133420553,-0.21804976793145753,-0.5063789719303254,0,0.0,0.0,0.0,1,0.48630658
0,1.4452115608435916,1,0,-0.14184477811109508,-0.18740123133420553,-0.21804976793145753,0.5176785251276942,0,0.0,0.0,0.0,1,0.25804168
1,-1.0781459433134553,2,1,-0.14184477811109508,-0.18740123133420553,-0.21804976793145753,-0.7111904713419294,0,1.0,0.0,0.0,1,0.28919974
0,-0.40525060887157605,0,1,-0.14184477811109508,-0.18740123133420553,-0.21804976793145753,-0.5063789719303254,0,0.0,0.0,0.0,0,0.57172126
1,-0.48936252567681093,0,0,-0.14184477811109508,-0.18740123133420553,-0.21804976793145753,0.10805552630448638,1,1.0,0.0,1.0,1,0.25279585
1,-0.23702677526110624,0,1,-0.14184477811109508,-0.18740123133420553,-0.21804976793145753,-0.5063789719303254,1,1.0,0.0,0.0,0,0.9113038
1,0.18353280876506822,0,0,1.9679866224939355,12.177651965418466,-0.21804976793145753,1.9513590210089218,0,0.0,1.0,1.0,1,0.074859224
1,1.3610996440383567,1,0,-0.14184477811109508,-0.18740123133420553,-0.21804976793145753,0.5176785251276942,1,1.0,0.0,0.0,1,0.2688938
1,-0.9099221097029854,2,1,-0.14184477811109508,-0.18740123133420553,-0.21804976793145753,-0.7111904713419294,1,0.0,0.0,0.0,1,0.36064714
1,1.949883061675001,1,0,-0.14184477811109508,-0.18740123133420553,-0.21804976793145753,-0.09675597310711755,0,1.0,0.0,0.0,0,0.95720065
1,-0.48936252567681093,0,1,-0.14184477811109508,-0.18740123133420553,-0.21804976793145753,0.3128670257160903,0,0.0,1.0,1.0,1,0.22888604
1,3.548009480974464,1,0,-0.14184477811109508,-0.18740123133420553,-0.21804976793145753,-0.5063789719303254,1,0.0,0.0,0.0,0,0.98850316
1,0.351756642375538,0,0,-0.14184477811109508,-0.18740123133420553,-0.21804976793145753,-0.30156747251872146,0,1.0,0.0,1.0,1,0.4043942
1,-0.6575863592872807,0,0,-0.14184477811109508,1.873440968124573,5.762980748637116,0.5176785251276942,0,0.0,0.0,0.0,1,0.27190495
1,-0.8258101928977505,0,1,-0.14184477811109508,-0.18740123133420553,-0.21804976793145753,-0.7111904713419294,1,1.0,0.0,0.0,0,0.9446145
1,0.2676447255703031,0,0,-0.14184477811109508,-0.18740123133420553,-0.21804976793145753,-0.30156747251872146,1,0.0,0.0,0.0,0,0.8334565
0,-0.40525060887157605,0,1,-0.14184477811109508,-0.18740123133420553,-0.21804976793145753,-0.30156747251872146,0,0.0,0.0,0.0,1,0.2966138
1,-1.1622578601186901,2,1,-0.14184477811109508,-0.18740123133420553,-0.21804976793145753,-0.5063789719303254,0,0.0,1.0,1.0,1,0.19897224
1,-0.7416982760925156,0,0,-0.14184477811109508,-0.18740123133420553,-0.21804976793145753,0.7224900245392981,0,1.0,1.0,1.0,1,0.0650177
1,0.6882043095964776,0,1,-0.14184477811109508,-0.18740123133420553,-0.21804976793145753,-0.5063789719303254,0,0.0,0.0,0.0,0,0.6759801
1,-0.23702677526110624,0,1,-0.14184477811109508,-0.18740123133420553,-0.21804976793145753,-0.5063789719303254,0,0.0,0.0,0.0,0,0.6136932
1,-0.48936252567681093,0,1,-0.14184477811109508,-0.18740123133420553,-0.21804976793145753,-0.7111904713419294,0,1.0,0.0,0.0,0,0.77968013
1,-0.9099221097029854,2,1,-0.14184477811109508,-0.18740123133420553,-0.21804976793145753,-0.5063789719303254,1,1.0,1.0,1.0,1,0.29445124
1,-0.8258101928977505,0,1,-0.14184477811109508,-0.18740123133420553,-0.21804976793145753,-0.7111904713419294,0,0.0,0.0,0.0,0,0.7888186
1,-0.23702677526110624,0,0,-0.14184477811109508,-0.18740123133420553,-0.21804976793145753,-0.7111904713419294,1,1.0,0.0,0.0,0,0.9431765
1,-1.246369776923925,2,0,-0.14184477811109508,-0.18740123133420553,-0.21804976793145753,-0.7111904713419294,1,0.0,1.0,1.0,1,0.29406592
1,-0.9940340265082203,2,1,-0.14184477811109508,-0.18740123133420553,1.7756270709247335,1.33692452277411,0,1.0,1.0,1.0,1,0.07522049
1,-0.9940340265082203,2,1,-0.14184477811109508,-0.18740123133420553,-0.21804976793145753,-0.09675597310711755,0,0.0,1.0,1.0,1,0.08670359
1,0.6882043095964776,0,0,-0.14184477811109508,-0.18740123133420553,-0.21804976793145753,-0.7111904713419294,0,0.0,0.0,0.0,0,0.7526005
1,-1.0781459433134553,2,1,-0.14184477811109508,-0.18740123133420553,1.7756270709247335,-0.5063789719303254,0,1.0,1.0,1.0,1,0.25447235
0,0.18353280876506822,0,1,-0.14184477811109508,-0.18740123133420553,-0.21804976793145753,-0.7111904713419294,0,0.0,0.0,0.0,0,0.762801
1,-0.06880294165063645,0,1,-0.14184477811109508,-0.18740123133420553,-0.21804976793145753,-0.5063789719303254,0,0.0,0.0,0.0,0,0.6428711
1,-0.40525060887157605,0,0,-0.14184477811109508,-0.18740123133420553,-0.21804976793145753,-0.30156747251872146,0,0.0,0.0,0.0,1,0.2966138
1,-0.7416982760925156,0,1,1.9679866224939355,1.873440968124573,-0.21804976793145753,1.33692452277411,0,1.0,1.0,1.0,1,0.065337725
0,1.3610996440383567,1,1,-0.14184477811109508,-0.18740123133420553,-0.21804976793145753,-0.5063789719303254,1,0.0,0.0,0.0,0,0.9865643
1,1.5293234776488265,1,0,-0.14184477811109508,-0.18740123133420553,-0.21804976793145753,-0.5063789719303254,1,0.0,0.0,0.0,0,0.9872715
1,-0.32113869206634116,0,1,-0.14184477811109508,-0.18740123133420553,-0.21804976793145753,0.10805552630448638,0,0.0,1.0,1.0,1,0.24719624
1,-1.1622578601186901,2,1,-0.14184477811109508,-0.18740123133420553,-0.21804976793145753,-0.5063789719303254,0,1.0,1.0,1.0,1,0.19897224
1,0.18353280876506822,0,1,-0.14184477811109508,-0.18740123133420553,-0.21804976793145753,-0.09675597310711755,0,1.0,0.0,0.0,1,0.26324153
1,1.5293234776488265,1,0,-0.14184477811109508,-0.18740123133420553,-0.21804976793145753,-0.09675597310711755,0,1.0,0.0,0.0,0,0.9412753
1,1.2769877272331218,1,0,-0.14184477811109508,-0.18740123133420553,-0.21804976793145753,-0.7111904713419294,1,0.0,0.0,0.0,0,0.9872004
1,-0.06880294165063645,0,1,-0.14184477811109508,-0.18740123133420553,-0.21804976793145753,3.794662515713357,0,0.0,1.0,1.0,1,0.057302907
1,-0.48936252567681093,0,1,-0.14184477811109508,-0.18740123133420553,-0.21804976793145753,0.10805552630448638,0,0.0,1.0,1.0,1,0.24628222
1,-0.6575863592872807,0,1,-0.14184477811109508,-0.18740123133420553,1.7756270709247335,0.9273015239509022,0,1.0,1.0,1.0,1,0.24653006
1,-0.7416982760925156,0,0,-0.14184477811109508,-0.18740123133420553,-0.21804976793145753,-0.09675597310711755,0,1.0,1.0,1.0,1,0.25248557
1,-0.9099221097029854,2,0,-0.14184477811109508,-0.18740123133420553,-0.21804976793145753,-0.09675597310711755,0,1.0,1.0,1.0,1,0.08826883
1,1.3610996440383567,1,0,-0.14184477811109508,-0.18740123133420553,-0.21804976793145753,-0.7111904713419294,1,0.0,0.0,0.0,0,0.9873881
1,-0.15291485845587136,0,1,-0.14184477811109508,-0.18740123133420553,-0.21804976793145753,2.5657935192437336,1,1.0,1.0,1.0,1,0.057829246
0,0.4358685591807729,0,1,-0.14184477811109508,-0.18740123133420553,-0.21804976793145753,-0.30156747251872146,1,0.0,0.0,0.0,0,0.8187569
0,1.5293234776488265,1,1,-0.14184477811109508,-0.18740123133420553,-0.21804976793145753,1.33692452277411,0,1.0,1.0,0.0,1,0.1120826
1,-0.15291485845587136,0,1,-0.14184477811109508,-0.18740123133420553,3.7693039097809242,1.132113023362506,1,1.0,1.0,1.0,1,0.2564523
1,-1.1622578601186901,2,1,-0.14184477811109508,-0.18740123133420553,-0.21804976793145753,-0.7111904713419294,0,1.0,1.0,0.0,1,0.2700092
1,-0.9940340265082203,2,1,-0.14184477811109508,1.873440968124573,3.7693039097809242,-0.30156747251872146,0,1.0,1.0,1.0,1,0.26211017
1,-0.8258101928977505,0,1,-0.14184477811109508,-0.18740123133420553,-0.21804976793145753,-0.30156747251872146,0,0.0,1.0,1.0,1,0.28038466
1,1.2769877272331218,1,0,-0.14184477811109508,-0.18740123133420553,-0.21804976793145753,-0.5063789719303254,0,0.0,0.0,0.0,0,0.95339954
1,-0.8258101928977505,0,1,-0.14184477811109508,-0.18740123133420553,-0.21804976793145753,-0.5063789719303254,1,1.0,1.0,0.0,0,0.9109008
1,1.949883061675001,1,0,-0.14184477811109508,-0.18740123133420553,-0.21804976793145753,-0.7111904713419294,1,0.0,0.0,0.0,0,0.9880998
1,1.108763893622652,1,1,-0.14184477811109508,-0.18740123133420553,-0.21804976793145753,0.10805552630448638,0,0.0,0.0,0.0,1,0.44236943
1,-0.9099221097029854,2,1,-0.14184477811109508,-0.18740123133420553,-0.21804976793145753,-0.30156747251872146,0,1.0,1.0,1.0,1,0.12297796
1,-0.9940340265082203,2,1,-0.14184477811109508,-0.18740123133420553,-0.21804976793145753,-0.7111904713419294,0,0.0,0.0,0.0,1,0.304851
1,-0.5734744424820458,0,1,-0.14184477811109508,-0.18740123133420553,-0.21804976793145753,0.3128670257160903,0,1.0,1.0,1.0,1,0.22755742
1,-0.32113869206634116,0,1,-0.14184477811109508,1.873440968124573,-0.21804976793145753,3.1802280174785453,0,1.0,1.0,1.0,1,0.061155763
1,2.1181068952854707,1,1,-0.14184477811109508,-0.18740123133420553,-0.21804976793145753,-0.5063789719303254,1,0.0,0.0,0.0,0,0.9882852
1,2.2022188120907056,1,1,-0.14184477811109508,-0.18740123133420553,-0.21804976793145753,4.409097013948169,0,0.0,1.0,1.0,1,0.06499067
1,-0.8258101928977505,0,1,-0.14184477811109508,-0.18740123133420553,3.7693039097809242,0.9273015239509022,0,1.0,1.0,1.0,1,0.2562971
1,-0.9099221097029854,2,0,-0.14184477811109508,-0.18740123133420553,-0.21804976793145753,-0.7111904713419294,0,0.0,0.0,0.0,1,0.31881714
1,-0.7416982760925156,0,1,-0.14184477811109508,-0.18740123133420553,-0.21804976793145753,0.10805552630448638,0,1.0,1.0,1.0,1,0.24555215
0,-0.15291485845587136,0,0,-0.14184477811109508,-0.18740123133420553,-0.21804976793145753,0.3128670257160903,1,1.0,1.0,1.0,1,0.23804693
1,-1.0781459433134553,2,0,-0.14184477811109508,-0.18740123133420553,-0.21804976793145753,-0.5063789719303254,0,0.0,1.0,1.0,1,0.212017
1,-0.8258101928977505,0,0,-0.14184477811109508,-0.18740123133420553,-0.21804976793145753,-0.30156747251872146,0,1.0,1.0,1.0,1,0.28038466
1,-0.48936252567681093,0,1,-0.14184477811109508,-0.18740123133420553,-0.21804976793145753,-0.7111904713419294,1,1.0,0.0,0.0,0,0.9440798
1,-0.9099221097029854,2,1,-0.14184477811109508,-0.18740123133420553,1.7756270709247335,-0.5063789719303254,0,1.0,1.0,1.0,1,0.2557887
1,2.1181068952854707,1,1,-0.14184477811109508,-0.18740123133420553,-0.21804976793145753,2.3609820198321296,0,1.0,1.0,1.0,1,0.08157376
0,0.015308975154598439,0,1,-0.14184477811109508,-0.18740123133420553,-0.21804976793145753,0.10805552630448638,0,0.0,1.0,0.0,1,0.2514162
0,0.2676447255703031,0,1,-0.14184477811109508,-0.18740123133420553,-0.21804976793145753,0.7224900245392981,0,1.0,1.0,1.0,1,0.089897804
0,1.2769877272331218,1,0,-0.14184477811109508,-0.18740123133420553,-0.21804976793145753,-0.5063789719303254,1,0.0,0.0,0.0,0,0.9860757
1,1.0246519768174172,1,0,-0.14184477811109508,-0.18740123133420553,-0.21804976793145753,-0.30156747251872146,0,1.0,0.0,0.0,0,0.93587947
1,-0.40525060887157605,0,0,-0.14184477811109508,1.873440968124573,-0.21804976793145753,0.10805552630448638,1,1.0,1.0,1.0,1,0.25448242
0,0.351756642375538,0,1,-0.14184477811109508,-0.18740123133420553,3.7693039097809242,1.33692452277411,0,1.0,1.0,1.0,1,0.2552991
0,0.6882043095964776,0,0,-0.14184477811109508,-0.18740123133420553,-0.21804976793145753,-0.7111904713419294,0,0.0,0.0,0.0,0,0.7526005
1,0.4358685591807729,0,1,1.9679866224939355,-0.18740123133420553,-0.21804976793145753,2.3609820198321296,0,0.0,1.0,1.0,1,0.059805073
1,-1.246369776923925,2,1,-0.14184477811109508,-0.18740123133420553,-0.21804976793145753,-0.7111904713419294,1,1.0,1.0,1.0,1,0.29406592
1,-1.0781459433134553,2,1,-0.14184477811109508,-0.18740123133420553,-0.21804976793145753,-0.7111904713419294,1,1.0,1.0,0.0,1,0.32856756
0,-1.246369776923925,2,1,1.9679866224939355,-0.18740123133420553,-0.21804976793145753,-0.5063789719303254,0,1.0,1.0,1.0,1,0.08426873
1,1.3610996440383567,1,0,-0.14184477811109508,-0.18740123133420553,-0.21804976793145753,-0.09675597310711755,1,1.0,0.0,0.0,0,0.95846957
1,-0.48936252567681093,0,0,-0.14184477811109508,-0.18740123133420553,-0.21804976793145753,-0.30156747251872146,0,1.0,0.0,0.0,1,0.29080325
1,2.3704426457011754,1,1,-0.14184477811109508,-0.18740123133420553,-0.21804976793145753,-0.30156747251872146,1,0.0,0.0,0.0,0,0.9879225
1,-0.32113869206634116,0,1,-0.14184477811109508,-0.18740123133420553,-0.21804976793145753,-0.09675597310711755,0,0.0,1.0,1.0,1,0.2564388
1,0.18353280876506822,0,1,-0.14184477811109508,-0.18740123133420553,-0.21804976793145753,0.9273015239509022,0,0.0,1.0,1.0,1,0.06917435
1,-0.9099221097029854,2,1,-0.14184477811109508,-0.18740123133420553,-0.21804976793145753,-0.7111904713419294,1,1.0,0.0,0.0,1,0.36064714
1,-0.7416982760925156,0,1,-0.14184477811109508,-0.18740123133420553,-0.21804976793145753,-0.30156747251872146,0,0.0,1.0,0.0,1,0.282531
1,-0.40525060887157605,0,1,-0.14184477811109508,-0.18740123133420553,-0.21804976793145753,-0.5063789719303254,0,0.0,0.0,0.0,0,0.57172126
1,-0.9940340265082203,2,0,-0.14184477811109508,-0.18740123133420553,1.7756270709247335,1.33692452277411,0,0.0,1.0,1.0,1,0.07522049
1,-0.15291485845587136,0,1,-0.14184477811109508,-0.18740123133420553,-0.21804976793145753,-0.30156747251872146,0,1.0,0.0,0.0,1,0.31845942
1,-0.48936252567681093,0,1,-0.14184477811109508,-0.18740123133420553,-0.21804976793145753,-0.5063789719303254,1,0.0,0.0,0.0,0,0.9115766
1,-0.9099221097029854,2,1,-0.14184477811109508,-0.18740123133420553,3.7693039097809242,-0.30156747251872146,0,1.0,1.0,1.0,1,0.26367113
1,-0.9940340265082203,2,1,-0.14184477811109508,-0.18740123133420553,-0.21804976793145753,0.5176785251276942,0,1.0,1.0,1.0,1,0.07340757
1,0.6040923927912427,0,1,-0.14184477811109508,-0.18740123133420553,-0.21804976793145753,-0.7111904713419294,0,1.0,0.0,0.0,0,0.7543107
1,-0.9940340265082203,2,1,1.9679866224939355,-0.18740123133420553,-0.21804976793145753,-0.30156747251872146,0,1.0,1.0,1.0,1,0.079746485
1,-1.0781459433134553,2,1,-0.14184477811109508,-0.18740123133420553,1.7756270709247335,-0.7111904713419294,1,1.0,1.0,1.0,1,0.29380268
1,1.108763893622652,1,0,-0.14184477811109508,-0.18740123133420553,-0.21804976793145753,-0.09675597310711755,0,1.0,0.0,0.0,0,0.80454123
1,0.18353280876506822,0,0,-0.14184477811109508,-0.18740123133420553,-0.21804976793145753,1.541736022185714,0,1.0,1.0,1.0,1,0.060777895
0,0.18353280876506822,0,1,-0.14184477811109508,-0.18740123133420553,-0.21804976793145753,-0.7111904713419294,1,0.0,0.0,0.0,0,0.9423276
1,-0.7416982760925156,0,0,-0.14184477811109508,-0.18740123133420553,-0.21804976793145753,-0.5063789719303254,0,0.0,0.0,0.0,1,0.45892167
0,0.015308975154598439,0,0,-0.14184477811109508,-0.18740123133420553,-0.21804976793145753,-0.7111904713419294,0,1.0,0.0,0.0,0,0.76649976
1,0.351756642375538,0,1,-0.14184477811109508,-0.18740123133420553,-0.21804976793145753,3.589851016301753,0,1.0,1.0,1.0,1,0.057402987
0,-0.40525060887157605,0,1,-0.14184477811109508,-0.18740123133420553,-0.21804976793145753,-0.7111904713419294,1,1.0,0.0,0.0,0,0.9438044
1,-0.8258101928977505,0,1,-0.14184477811109508,-0.18740123133420553,-0.21804976793145753,0.10805552630448638,0,1.0,1.0,1.0,1,0.2453547
1,-0.40525060887157605,0,1,-0.14184477811109508,-0.18740123133420553,-0.21804976793145753,-0.7111904713419294,0,0.0,0.0,0.0,0,0.77729255
1,0.2676447255703031,0,1,-0.14184477811109508,-0.18740123133420553,-0.21804976793145753,-0.5063789719303254,1,0.0,0.0,0.0,0,0.9090108
1,-0.48936252567681093,0,1,-0.14184477811109508,-0.18740123133420553,-0.21804976793145753,0.3128670257160903,0,0.0,1.0,1.0,1,0.22888604
1,-0.48936252567681093,0,1,-0.14184477811109508,-0.18740123133420553,-0.21804976793145753,-0.5063789719303254,0,1.0,0.0,0.0,0,0.54374945
1,-1.246369776923925,2,0,-0.14184477811109508,-0.18740123133420553,3.7693039097809242,-0.7111904713419294,0,0.0,0.0,1.0,1,0.27145833
1,0.9405400600121823,1,1,-0.14184477811109508,-0.18740123133420553,1.7756270709247335,2.3609820198321296,0,1.0,1.0,1.0,1,0.06577131
0,-0.7416982760925156,0,1,-0.14184477811109508,-0.18740123133420553,-0.21804976793145753,-0.5063789719303254,1,0.0,0.0,0.0,0,0.9114067
1,0.9405400600121823,1,0,-0.14184477811109508,-0.18740123133420553,-0.21804976793145753,1.541736022185714,0,1.0,1.0,1.0,1,0.07941588
1,1.2769877272331218,1,0,-0.14184477811109508,-0.18740123133420553,-0.21804976793145753,1.33692452277411,0,0.0,1.0,0.0,1,0.100325316
1,-0.8258101928977505,0,1,-0.14184477811109508,-0.18740123133420553,-0.21804976793145753,-0.7111904713419294,0,1.0,0.0,0.0,0,0.7888186
0,0.6882043095964776,0,0,-0.14184477811109508,-0.18740123133420553,-0.21804976793145753,-0.09675597310711755,1,1.0,0.0,1.0,1,0.3697115
1,-0.48936252567681093,0,1,-0.14184477811109508,-0.18740123133420553,-0.21804976793145753,-0.5063789719303254,1,0.0,0.0,0.0,0,0.9115766
0,-0.23702677526110624,0,1,-0.14184477811109508,-0.18740123133420553,-0.21804976793145753,0.3128670257160903,0,0.0,1.0,1.0,1,0.23290986
0,0.7723162264017125,0,1,-0.14184477811109508,-0.18740123133420553,-0.21804976793145753,-0.7111904713419294,1,0.0,0.0,0.0,0,0.9421524
0,-0.15291485845587136,0,1,-0.14184477811109508,-0.18740123133420553,-0.21804976793145753,0.7224900245392981,0,1.0,1.0,1.0,1,0.07553283
1,-0.7416982760925156,0,1,-0.14184477811109508,-0.18740123133420553,-0.21804976793145753,1.33692452277411,0,1.0,1.0,1.0,1,0.061589297
1,-0.9940340265082203,2,1,-0.14184477811109508,1.873440968124573,-0.21804976793145753,0.10805552630448638,0,1.0,1.0,1.0,1,0.0821129
1,-0.48936252567681093,0,1,-0.14184477811109508,-0.18740123133420553,1.7756270709247335,-0.30156747251872146,1,0.0,1.0,0.0,0,0.85123044
1,-0.48936252567681093,0,1,-0.14184477811109508,-0.18740123133420553,-0.21804976793145753,0.10805552630448638,0,0.0,1.0,1.0,1,0.24628222
0,-0.15291485845587136,0,1,-0.14184477811109508,-0.18740123133420553,-0.21804976793145753,0.3128670257160903,0,1.0,1.0,1.0,1,0.23431623
1,1.0246519768174172,1,0,-0.14184477811109508,-0.18740123133420553,-0.21804976793145753,-0.09675597310711755,0,0.0,0.0,0.0,0,0.72664803
1,2.1181068952854707,1,1,-0.14184477811109508,-0.18740123133420553,-0.21804976793145753,3.1802280174785453,0,1.0,1.0,1.0,1,0.06829373
0,-0.23702677526110624,0,1,-0.14184477811109508,-0.18740123133420553,-0.21804976793145753,-0.09675597310711755,1,0.0,0.0,0.0,1,0.29952747
1,-0.7416982760925156,0,0,-0.14184477811109508,-0.18740123133420553,-0.21804976793145753,-0.7111904713419294,1,1.0,0.0,0.0,0,0.944584
1,1.949883061675001,1,0,-0.14184477811109508,-0.18740123133420553,-0.21804976793145753,-0.30156747251872146,0,0.0,0.0,0.0,0,0.9634809
1,-1.0781459433134553,2,1,-0.14184477811109508,-0.18740123133420553,-0.21804976793145753,-0.5063789719303254,0,1.0,1.0,1.0,1,0.212017
1,-0.06880294165063645,0,1,-0.14184477811109508,-0.18740123133420553,-0.21804976793145753,-0.7111904713419294,0,1.0,0.0,0.0,0,0.76846427
1,-0.7416982760925156,0,1,1.9679866224939355,-0.18740123133420553,-0.21804976793145753,-0.09675597310711755,0,1.0,1.0,1.0,1,0.17803545
1,0.6882043095964776,0,1,-0.14184477811109508,-0.18740123133420553,-0.21804976793145753,-0.7111904713419294,0,1.0,0.0,0.0,0,0.7526005
1,-1.1622578601186901,2,1,-0.14184477811109508,-0.18740123133420553,-0.21804976793145753,-0.7111904713419294,0,0.0,1.0,0.0,1,0.2700092
0,-0.6575863592872807,0,1,-0.14184477811109508,-0.18740123133420553,-0.21804976793145753,-0.5063789719303254,1,0.0,0.0,0.0,0,0.91161674
1,0.18353280876506822,0,1,-0.14184477811109508,-0.18740123133420553,-0.21804976793145753,-0.09675597310711755,1,1.0,0.0,0.0,1,0.3074267
1,-0.06880294165063645,0,1,-0.14184477811109508,-0.18740123133420553,-0.21804976793145753,-0.09675597310711755,1,0.0,0.0,0.0,1,0.30104458
1,0.8564281432069474,1,1,1.9679866224939355,-0.18740123133420553,-0.21804976793145753,1.7465475215973179,1,1.0,1.0,1.0,1,0.061495032
1,0.5199804759860078,0,1,-0.14184477811109508,-0.18740123133420553,-0.21804976793145753,5.637966010417792,0,1.0,1.0,1.0,1,0.053357985
1,-0.40525060887157605,0,0,-0.14184477811109508,-0.18740123133420553,-0.21804976793145753,1.132113023362506,0,1.0,1.0,1.0,1,0.060985047
1,0.015308975154598439,0,1,-0.14184477811109508,-0.18740123133420553,-0.21804976793145753,-0.30156747251872146,1,0.0,0.0,0.0,0,0.8469377
1,-0.32113869206634116,0,0,-0.14184477811109508,-0.18740123133420553,-0.21804976793145753,-0.7111904713419294,0,0.0,0.0,0.0,0,0.77492505
1,0.2676447255703031,0,1,-0.14184477811109508,-0.18740123133420553,-0.21804976793145753,0.9273015239509022,1,1.0,1.0,1.0,1,0.060248446
1,-1.0781459433134553,2,1,-0.14184477811109508,-0.18740123133420553,-0.21804976793145753,-0.7111904713419294,0,0.0,0.0,0.0,1,0.28919974
1,-0.9099221097029854,2,1,-0.14184477811109508,1.873440968124573,-0.21804976793145753,1.132113023362506,0,1.0,1.0,1.0,1,0.07100641
1,-1.0781459433134553,2,1,-0.14184477811109508,-0.18740123133420553,1.7756270709247335,-0.7111904713419294,0,1.0,0.0,0.0,1,0.26393256
1,-0.8258101928977505,0,1,-0.14184477811109508,-0.18740123133420553,-0.21804976793145753,-0.5063789719303254,1,0.0,1.0,0.0,0,0.9109008
1,-0.9099221097029854,2,0,-0.14184477811109508,-0.18740123133420553,-0.21804976793145753,-0.7111904713419294,0,0.0,0.0,0.0,1,0.31881714
1,0.8564281432069474,1,1,-0.14184477811109508,-0.18740123133420553,-0.21804976793145753,0.9273015239509022,0,1.0,1.0,0.0,1,0.105658405
1,0.18353280876506822,0,1,-0.14184477811109508,-0.18740123133420553,-0.21804976793145753,-0.09675597310711755,1,0.0,0.0,0.0,1,0.3074267
1,-0.6575863592872807,0,1,-0.14184477811109508,3.9342831675833514,1.7756270709247335,2.9754165180669414,0,1.0,1.0,1.0,1,0.06669348
0,0.6040923927912427,0,0,-0.14184477811109508,-0.18740123133420553,-0.21804976793145753,-0.7111904713419294,1,0.0,0.0,0.0,0,0.9430411
1,-0.8258101928977505,0,0,-0.14184477811109508,-0.18740123133420553,-0.21804976793145753,-0.30156747251872146,1,1.0,1.0,0.0,0,0.7467768
1,0.015308975154598439,0,1,-0.14184477811109508,-0.18740123133420553,-0.21804976793145753,0.9273015239509022,1,1.0,1.0,1.0,1,0.05801031
1,-0.40525060887157605,0,1,-0.14184477811109508,-0.18740123133420553,-0.21804976793145753,-0.09675597310711755,0,1.0,1.0,1.0,1,0.2555403
0,0.6040923927912427,0,1,-0.14184477811109508,-0.18740123133420553,-0.21804976793145753,-0.5063789719303254,0,0.0,0.0,0.0,0,0.67605793
1,2.1181068952854707,1,1,-0.14184477811109508,-0.18740123133420553,-0.21804976793145753,-0.5063789719303254,1,1.0,0.0,0.0,0,0.9882852
0,0.6882043095964776,0,0,-0.14184477811109508,-0.18740123133420553,-0.21804976793145753,-0.7111904713419294,1,0.0,0.0,0.0,0,0.9426817
1,-0.15291485845587136,0,0,-0.14184477811109508,-0.18740123133420553,-0.21804976793145753,-0.5063789719303254,1,0.0,0.0,0.0,0,0.91132796
1,0.4358685591807729,0,1,-0.14184477811109508,-0.18740123133420553,-0.21804976793145753,-0.7111904713419294,0,0.0,0.0,0.0,0,0.75765604
0,-0.40525060887157605,0,1,-0.14184477811109508,-0.18740123133420553,-0.21804976793145753,-0.09675597310711755,0,0.0,1.0,1.0,1,0.2555403
0,0.2676447255703031,0,0,-0.14184477811109508,-0.18740123133420553,-0.21804976793145753,-0.5063789719303254,1,0.0,0.0,0.0,0,0.9090108
1,-0.5734744424820458,0,0,-0.14184477811109508,-0.18740123133420553,-0.21804976793145753,-0.7111904713419294,0,0.0,0.0,0.0,0,0.7821234
0,-0.6575863592872807,0,1,-0.14184477811109508,-0.18740123133420553,-0.21804976793145753,-0.30156747251872146,1,0.0,0.0,0.0,0,0.7648684
0,-0.7416982760925156,0,1,-0.14184477811109508,-0.18740123133420553,-0.21804976793145753,-0.7111904713419294,1,0.0,0.0,0.0,0,0.944584
0,0.9405400600121823,1,1,-0.14184477811109508,-0.18740123133420553,-0.21804976793145753,-0.30156747251872146,0,1.0,0.0,1.0,0,0.92683774
1,-0.9099221097029854,2,0,-0.14184477811109508,-0.18740123133420553,-0.21804976793145753,-0.5063789719303254,0,1.0,1.0,1.0,1,0.24815786
1,1.7816592280645311,1,0,-0.14184477811109508,-0.18740123133420553,-0.21804976793145753,-0.09675597310711755,0,0.0,0.0,0.0,0,0.95296764
0,-0.48936252567681093,0,1,-0.14184477811109508,-0.18740123133420553,-0.21804976793145753,-0.7111904713419294,1,1.0,0.0,0.0,0,0.9440798
1,0.18353280876506822,0,1,-0.14184477811109508,-0.18740123133420553,1.7756270709247335,-0.30156747251872146,1,0.0,0.0,0.0,0,0.8517694
1,-0.48936252567681093,0,1,-0.14184477811109508,-0.18740123133420553,1.7756270709247335,-0.5063789719303254,1,0.0,0.0,0.0,0,0.91228706
1,-1.0781459433134553,2,0,-0.14184477811109508,-0.18740123133420553,-0.21804976793145753,0.3128670257160903,1,1.0,1.0,1.0,1,0.06824649
1,0.8564281432069474,1,1,1.9679866224939355,-0.18740123133420553,-0.21804976793145753,2.5657935192437336,0,0.0,1.0,1.0,1,0.06478525
1,-0.15291485845587136,0,1,-0.14184477811109508,-0.18740123133420553,-0.21804976793145753,2.5657935192437336,1,1.0,1.0,1.0,1,0.057829246
1,0.015308975154598439,0,0,-0.14184477811109508,-0.18740123133420553,-0.21804976793145753,-0.30156747251872146,0,0.0,0.0,1.0,1,0.3474844
1,-0.32113869206634116,0,1,-0.14184477811109508,-0.18740123133420553,-0.21804976793145753,0.3128670257160903,1,0.0,1.0,1.0,1,0.23266529
1,-0.8258101928977505,0,1,-0.14184477811109508,-0.18740123133420553,-0.21804976793145753,0.3128670257160903,0,1.0,1.0,1.0,1,0.22336559
1,1.4452115608435916,1,1,-0.14184477811109508,-0.18740123133420553,-0.21804976793145753,0.7224900245392981,1,1.0,0.0,0.0,1,0.21462205
0,-1.0781459433134553,2,1,-0.14184477811109508,-0.18740123133420553,-0.21804976793145753,-0.7111904713419294,0,0.0,0.0,0.0,1,0.28919974
0,1.7816592280645311,1,0,-0.14184477811109508,-0.18740123133420553,-0.21804976793145753,-0.5063789719303254,0,0.0,0.0,0.0,0,0.9635571
0,-0.15291485845587136,0,1,-0.14184477811109508,-0.18740123133420553,-0.21804976793145753,-0.7111904713419294,0,0.0,0.0,0.0,0,0.7705175
0,0.351756642375538,0,0,-0.14184477811109508,-0.18740123133420553,-0.21804976793145753,-0.30156747251872146,0,1.0,0.0,1.0,1,0.4043942
1,0.4358685591807729,0,0,-0.14184477811109508,-0.18740123133420553,-0.21804976793145753,-0.7111904713419294,1,0.0,0.0,0.0,0,0.9430329
1,0.18353280876506822,0,0,-0.14184477811109508,-0.18740123133420553,-0.21804976793145753,-0.09675597310711755,0,0.0,0.0,0.0,1,0.26324153
1,-0.8258101928977505,0,0,-0.14184477811109508,3.9342831675833514,-0.21804976793145753,0.3128670257160903,1,1.0,1.0,1.0,1,0.24219945
1,1.0246519768174172,1,1,-0.14184477811109508,-0.18740123133420553,-0.21804976793145753,-0.5063789719303254,1,1.0,0.0,0.0,0,0.98382956
0,1.0246519768174172,1,0,-0.14184477811109508,-0.18740123133420553,-0.21804976793145753,-0.5063789719303254,0,1.0,0.0,0.0,0,0.94876915
0,0.351756642375538,0,0,-0.14184477811109508,-0.18740123133420553,-0.21804976793145753,-0.7111904713419294,1,1.0,0.0,0.0,0,0.9427167
1,0.8564281432069474,1,1,-0.14184477811109508,-0.18740123133420553,-0.21804976793145753,0.10805552630448638,1,0.0,0.0,0.0,1,0.3537237
1,-0.32113869206634116,0,0,-0.14184477811109508,-0.18740123133420553,-0.21804976793145753,-0.5063789719303254,0,0.0,0.0,0.0,0,0.5945079
1,0.6882043095964776,0,1,-0.14184477811109508,-0.18740123133420553,-0.21804976793145753,0.10805552630448638,0,0.0,0.0,0.0,1,0.2599029
1,-0.32113869206634116,0,1,-0.14184477811109508,-0.18740123133420553,-0.21804976793145753,0.10805552630448638,0,1.0,1.0,1.0,1,0.24719624
1,-0.40525060887157605,0,0,-0.14184477811109508,-0.18740123133420553,1.7756270709247335,-0.5063789719303254,0,0.0,0.0,0.0,0,0.6766194
1,-0.7416982760925156,0,0,-0.14184477811109508,-0.18740123133420553,-0.21804976793145753,-0.30156747251872146,0,0.0,1.0,0.0,1,0.282531
0,0.9405400600121823,1,1,-0.14184477811109508,-0.18740123133420553,-0.21804976793145753,-0.5063789719303254,0,1.0,0.0,0.0,0,0.9468348
1,-0.32113869206634116,0,1,-0.14184477811109508,-0.18740123133420553,-0.21804976793145753,-0.7111904713419294,0,0.0,0.0,0.0,0,0.77492505
1,-0.32113869206634116,0,1,-0.14184477811109508,-0.18740123133420553,-0.21804976793145753,1.132113023362506,0,0.0,1.0,1.0,1,0.06111158
1,-1.1622578601186901,2,1,-0.14184477811109508,-0.18740123133420553,-0.21804976793145753,-0.7111904713419294,0,0.0,1.0,0.0,1,0.2700092
0,-0.5734744424820458,0,1,-0.14184477811109508,-0.18740123133420553,-0.21804976793145753,-0.5063789719303254,0,0.0,0.0,0.0,0,0.5141744
1,1.192875810427887,1,1,-0.14184477811109508,-0.18740123133420553,-0.21804976793145753,-0.09675597310711755,0,1.0,0.0,0.0,0,0.86165273
0,-1.1622578601186901,2,1,-0.14184477811109508,-0.18740123133420553,-0.21804976793145753,-0.5063789719303254,0,0.0,1.0,1.0,1,0.19897224
1,-0.9099221097029854,2,1,-0.14184477811109508,-0.18740123133420553,3.7693039097809242,-0.7111904713419294,0,1.0,0.0,0.0,1,0.270417
1,0.351756642375538,0,1,-0.14184477811109508,-0.18740123133420553,-0.21804976793145753,-0.7111904713419294,1,1.0,0.0,0.0,0,0.9427167
0,0.6040923927912427,0,1,-0.14184477811109508,-0.18740123133420553,-0.21804976793145753,-0.5063789719303254,0,0.0,0.0,0.0,0,0.67605793
1,-0.9099221097029854,2,0,-0.14184477811109508,-0.18740123133420553,-0.21804976793145753,-0.30156747251872146,0,1.0,1.0,1.0,1,0.12297796
1,0.9405400600121823,1,0,-0.14184477811109508,-0.18740123133420553,-0.21804976793145753,-0.5063789719303254,1,1.0,0.0,0.0,0,0.98273957
1,-0.40525060887157605,0,1,-0.14184477811109508,-0.18740123133420553,-0.21804976793145753,-0.5063789719303254,0,1.0,0.0,0.0,0,0.57172126
1,-0.5734744424820458,0,1,-0.14184477811109508,-0.18740123133420553,-0.21804976793145753,-0.5063789719303254,0,1.0,0.0,0.0,0,0.5141744
1,-0.15291485845587136,0,1,-0.14184477811109508,-0.18740123133420553,-0.21804976793145753,-0.30156747251872146,1,1.0,0.0,0.0,0,0.84482646
0,0.2676447255703031,0,1,-0.14184477811109508,-0.18740123133420553,-0.21804976793145753,-0.09675597310711755,0,1.0,0.0,0.0,1,0.26539454
0,-0.9940340265082203,2,1,-0.14184477811109508,-0.18740123133420553,-0.21804976793145753,-0.7111904713419294,1,0.0,0.0,0.0,1,0.34405994
1,-0.8258101928977505,0,1,-0.14184477811109508,-0.18740123133420553,-0.21804976793145753,-0.5063789719303254,0,0.0,1.0,0.0,1,0.43188187
0,0.2676447255703031,0,1,-0.14184477811109508,-0.18740123133420553,-0.21804976793145753,-0.7111904713419294,1,0.0,0.0,0.0,0,0.94249773
1,-0.06880294165063645,0,1,-0.14184477811109508,-0.18740123133420553,-0.21804976793145753,-0.5063789719303254,0,0.0,0.0,0.0,0,0.6428711
0,0.015308975154598439,0,1,-0.14184477811109508,-0.18740123133420553,-0.21804976793145753,-0.7111904713419294,1,0.0,0.0,0.0,0,0.9423793
1,-1.1622578601186901,2,1,-0.14184477811109508,1.873440968124573,1.7756270709247335,-0.09675597310711755,1,1.0,1.0,1.0,1,0.25033313
1,-0.8258101928977505,0,1,-0.14184477811109508,-0.18740123133420553,-0.21804976793145753,-0.7111904713419294,0,1.0,0.0,0.0,0,0.7888186
1,1.108763893622652,1,1,-0.14184477811109508,-0.18740123133420553,-0.21804976793145753,-0.5063789719303254,1,0.0,0.0,0.0,0,0.9847318
1,-0.48936252567681093,0,1,-0.14184477811109508,-0.18740123133420553,-0.21804976793145753,-0.7111904713419294,1,0.0,0.0,0.0,0,0.9440798
1,2.2022188120907056,1,1,-0.14184477811109508,-0.18740123133420553,-0.21804976793145753,-0.5063789719303254,1,0.0,0.0,0.0,0,0.9883414
1,-0.40525060887157605,0,0,-0.14184477811109508,-0.18740123133420553,-0.21804976793145753,-0.7111904713419294,0,0.0,0.0,0.0,0,0.77729255
1,-0.5734744424820458,0,1,-0.14184477811109508,-0.18740123133420553,-0.21804976793145753,4.409097013948169,0,1.0,1.0,1.0,1,0.05616116
1,2.79100222972735,1,0,-0.14184477811109508,-0.18740123133420553,-0.21804976793145753,-0.7111904713419294,1,0.0,0.0,0.0,0,0.9883364
1,0.18353280876506822,0,1,-0.14184477811109508,-0.18740123133420553,-0.21804976793145753,1.132113023362506,0,1.0,1.0,1.0,1,0.06298958
1,0.9405400600121823,1,1,-0.14184477811109508,-0.18740123133420553,-0.21804976793145753,-0.7111904713419294,1,0.0,0.0,0.0,0,0.9860293
0,-0.48936252567681093,0,1,-0.14184477811109508,-0.18740123133420553,-0.21804976793145753,-0.5063789719303254,0,1.0,0.0,0.0,0,0.54374945
1,0.18353280876506822,0,1,-0.14184477811109508,-0.18740123133420553,-0.21804976793145753,0.7224900245392981,0,0.0,1.0,1.0,1,0.08606817
1,-0.6575863592872807,0,0,-0.14184477811109508,-0.18740123133420553,-0.21804976793145753,-0.7111904713419294,0,1.0,0.0,0.0,0,0.78455234
0,0.8564281432069474,1,1,-0.14184477811109508,-0.18740123133420553,-0.21804976793145753,1.132113023362506,1,0.0,0.0,1.0,1,0.0934391
1,1.3610996440383567,1,1,-0.14184477811109508,-0.18740123133420553,-0.21804976793145753,-0.5063789719303254,1,1.0,0.0,0.0,0,0.9865643
0,0.351756642375538,0,1,-0.14184477811109508,-0.18740123133420553,-0.21804976793145753,-0.7111904713419294,0,0.0,0.0,0.0,0,0.7593358
1,-0.5734744424820458,0,0,-0.14184477811109508,-0.18740123133420553,-0.21804976793145753,-0.7111904713419294,0,1.0,0.0,0.0,0,0.7821234
1,-1.0781459433134553,2,1,-0.14184477811109508,-0.18740123133420553,-0.21804976793145753,-0.09675597310711755,0,1.0,1.0,1.0,1,0.08538695
1,-0.8258101928977505,0,0,-0.14184477811109508,-0.18740123133420553,-0.21804976793145753,-0.7111904713419294,1,1.0,0.0,0.0,0,0.9446145
1,-0.9099221097029854,2,1,-0.14184477811109508,-0.18740123133420553,-0.21804976793145753,-0.09675597310711755,0,0.0,1.0,1.0,1,0.08826883
1,-1.1622578601186901,2,0,-0.14184477811109508,-0.18740123133420553,-0.21804976793145753,-0.7111904713419294,0,0.0,0.0,0.0,1,0.2700092
1,-0.48936252567681093,0,0,-0.14184477811109508,-0.18740123133420553,-0.21804976793145753,-0.30156747251872146,1,0.0,0.0,0.0,0,0.80101216
1,1.5293234776488265,1,1,-0.14184477811109508,-0.18740123133420553,-0.21804976793145753,1.9513590210089218,0,0.0,1.0,1.0,1,0.08089313
1,1.108763893622652,1,1,-0.14184477811109508,-0.18740123133420553,-0.21804976793145753,0.10805552630448638,0,0.0,0.0,0.0,1,0.44236943
1,-0.8258101928977505,0,0,-0.14184477811109508,-0.18740123133420553,-0.21804976793145753,0.3128670257160903,0,1.0,1.0,1.0,1,0.22336559
1,0.7723162264017125,0,0,-0.14184477811109508,-0.18740123133420553,-0.21804976793145753,-0.5063789719303254,1,0.0,0.0,0.0,0,0.89486635
1,-0.06880294165063645,0,0,-0.14184477811109508,-0.18740123133420553,-0.21804976793145753,-0.7111904713419294,0,0.0,0.0,0.0,0,0.76846427
1,0.2676447255703031,0,0,-0.14184477811109508,-0.18740123133420553,-0.21804976793145753,-0.30156747251872146,0,1.0,0.0,1.0,1,0.39417434
1,-0.5734744424820458,0,0,-0.14184477811109508,-0.18740123133420553,-0.21804976793145753,-0.7111904713419294,0,0.0,0.0,0.0,0,0.7821234
1,-0.7416982760925156,0,1,-0.14184477811109508,-0.18740123133420553,-0.21804976793145753,1.132113023362506,0,1.0,1.0,1.0,1,0.060884096
1,-0.8258101928977505,0,1,-0.14184477811109508,-0.18740123133420553,-0.21804976793145753,-0.7111904713419294,0,0.0,0.0,0.0,0,0.7888186
1,-1.0781459433134553,2,1,-0.14184477811109508,-0.18740123133420553,-0.21804976793145753,-0.5063789719303254,0,1.0,1.0,1.0,1,0.212017
1,0.18353280876506822,0,0,-0.14184477811109508,-0.18740123133420553,-0.21804976793145753,0.7224900245392981,0,1.0,1.0,1.0,1,0.08606817
1,0.18353280876506822,0,1,-0.14184477811109508,-0.18740123133420553,-0.21804976793145753,0.10805552630448638,0,0.0,1.0,0.0,1,0.2530374
0,1.108763893622652,1,0,-0.14184477811109508,-0.18740123133420553,-0.21804976793145753,-0.5063789719303254,1,0.0,0.0,0.0,0,0.9847318
1,-0.9940340265082203,2,1,-0.14184477811109508,-0.18740123133420553,-0.21804976793145753,-0.7111904713419294,0,0.0,0.0,0.0,1,0.304851
1,-0.5734744424820458,0,0,-0.14184477811109508,-0.18740123133420553,-0.21804976793145753,-0.09675597310711755,1,1.0,0.0,0.0,1,0.2973889
1,0.6882043095964776,0,1,-0.14184477811109508,-0.18740123133420553,-0.21804976793145753,-0.09675597310711755,0,1.0,0.0,0.0,1,0.28693146
0,1.2769877272331218,1,0,-0.14184477811109508,-0.18740123133420553,-0.21804976793145753,-0.7111904713419294,1,1.0,0.0,0.0,0,0.9872004
1,-0.9940340265082203,2,1,-0.14184477811109508,-0.18740123133420553,-0.21804976793145753,-0.30156747251872146,1,0.0,1.0,1.0,1,0.088367105
1,-0.9099221097029854,2,1,-0.14184477811109508,-0.18740123133420553,-0.21804976793145753,0.7224900245392981,0,1.0,1.0,1.0,1,0.07014915
1,-0.06880294165063645,0,1,-0.14184477811109508,-0.18740123133420553,-0.21804976793145753,-0.09675597310711755,1,0.0,0.0,0.0,1,0.30104458
1,-0.6575863592872807,0,1,-0.14184477811109508,-0.18740123133420553,-0.21804976793145753,-0.7111904713419294,1,0.0,0.0,0.0,0,0.9444804
1,1.7816592280645311,1,1,-0.14184477811109508,-0.18740123133420553,-0.21804976793145753,1.132113023362506,0,0.0,0.0,0.0,1,0.15081823
1,1.7816592280645311,1,1,-0.14184477811109508,-0.18740123133420553,-0.21804976793145753,-0.7111904713419294,0,0.0,0.0,0.0,0,0.9669231
1,-0.8258101928977505,0,1,-0.14184477811109508,-0.18740123133420553,-0.21804976793145753,0.10805552630448638,0,1.0,1.0,1.0,1,0.2453547
0,-1.246369776923925,2,0,-0.14184477811109508,-0.18740123133420553,-0.21804976793145753,-0.7111904713419294,0,1.0,0.0,0.0,1,0.25404736
1,-0.23702677526110624,0,1,-0.14184477811109508,-0.18740123133420553,-0.21804976793145753,-0.7111904713419294,1,0.0,0.0,0.0,0,0.9431765
1,-0.9940340265082203,2,1,-0.14184477811109508,-0.18740123133420553,-0.21804976793145753,-0.7111904713419294,0,0.0,0.0,0.0,1,0.304851
1,-0.40525060887157605,0,1,-0.14184477811109508,-0.18740123133420553,-0.21804976793145753,-0.5063789719303254,0,0.0,0.0,0.0,0,0.57172126
0,1.108763893622652,1,1,-0.14184477811109508,-0.18740123133420553,-0.21804976793145753,-0.7111904713419294,1,0.0,0.0,0.0,0,0.98671615
1,-0.6575863592872807,0,1,-0.14184477811109508,-0.18740123133420553,-0.21804976793145753,-0.5063789719303254,0,0.0,0.0,0.0,1,0.48630658
1,2.1181068952854707,1,1,-0.14184477811109508,-0.18740123133420553,-0.21804976793145753,1.132113023362506,0,0.0,0.0,0.0,1,0.16640179
1,0.6882043095964776,0,1,1.9679866224939355,-0.18740123133420553,-0.21804976793145753,3.3850395168901493,0,0.0,1.0,1.0,1,0.055705886
1,-0.9940340265082203,2,1,-0.14184477811109508,-0.18740123133420553,-0.21804976793145753,-0.7111904713419294,0,0.0,0.0,0.0,1,0.304851
0,-1.1622578601186901,2,1,-0.14184477811109508,-0.18740123133420553,-0.21804976793145753,-0.5063789719303254,0,1.0,1.0,1.0,1,0.19897224
1,-0.48936252567681093,0,1,-0.14184477811109508,-0.18740123133420553,-0.21804976793145753,0.5176785251276942,0,1.0,1.0,1.0,1,0.10332825
1,0.09942089195983334,0,0,-0.14184477811109508,-0.18740123133420553,-0.21804976793145753,1.541736022185714,1,1.0,1.0,1.0,1,0.05748675
0,-1.1622578601186901,2,1,-0.14184477811109508,-0.18740123133420553,-0.21804976793145753,-0.7111904713419294,0,1.0,0.0,0.0,1,0.2700092
1,-0.7416982760925156,0,0,-0.14184477811109508,-0.18740123133420553,-0.21804976793145753,-0.30156747251872146,0,0.0,1.0,0.0,1,0.282531
1,-0.8258101928977505,0,0,-0.14184477811109508,-0.18740123133420553,-0.21804976793145753,-0.5063789719303254,1,1.0,1.0,0.0,0,0.9109008
1,0.015308975154598439,0,0,-0.14184477811109508,-0.18740123133420553,-0.21804976793145753,-0.7111904713419294,0,1.0,0.0,0.0,0,0.76649976
1,-0.23702677526110624,0,1,-0.14184477811109508,-0.18740123133420553,-0.21804976793145753,-0.5063789719303254,1,0.0,0.0,0.0,0,0.9113038
1,0.015308975154598439,0,1,6.187649423703997,-0.18740123133420553,-0.21804976793145753,1.9513590210089218,0,0.0,1.0,1.0,1,0.050533947
1,0.18353280876506822,0,1,-0.14184477811109508,-0.18740123133420553,-0.21804976793145753,-0.7111904713419294,1,0.0,0.0,0.0,0,0.9423276
1,-1.0781459433134553,2,0,-0.14184477811109508,-0.18740123133420553,5.762980748637116,-0.7111904713419294,1,0.0,0.0,0.0,1,0.34808806
1,-1.246369776923925,2,1,1.9679866224939355,-0.18740123133420553,-0.21804976793145753,-0.5063789719303254,0,1.0,1.0,1.0,1,0.08426873
0,-0.23702677526110624,0,1,-0.14184477811109508,-0.18740123133420553,-0.21804976793145753,-0.7111904713419294,1,1.0,0.0,0.0,0,0.9431765
1,-0.9940340265082203,2,0,-0.14184477811109508,1.873440968124573,-0.21804976793145753,-0.30156747251872146,0,1.0,1.0,1.0,1,0.17770141
1,1.6975473112592963,1,1,-0.14184477811109508,-0.18740123133420553,-0.21804976793145753,-0.5063789719303254,0,0.0,0.0,0.0,0,0.9617679
1,-0.23702677526110624,0,1,-0.14184477811109508,-0.18740123133420553,-0.21804976793145753,1.9513590210089218,0,1.0,1.0,1.0,1,0.06119924
1,1.865771144869766,1,0,-0.14184477811109508,-0.18740123133420553,-0.21804976793145753,-0.5063789719303254,1,0.0,0.0,0.0,0,0.98802245
1,-0.9099221097029854,2,1,-0.14184477811109508,-0.18740123133420553,-0.21804976793145753,-0.7111904713419294,0,0.0,0.0,0.0,1,0.31881714
1,1.3610996440383567,1,0,-0.14184477811109508,-0.18740123133420553,-0.21804976793145753,-0.5063789719303254,0,0.0,0.0,0.0,0,0.9549421
1,-0.23702677526110624,0,1,-0.14184477811109508,-0.18740123133420553,-0.21804976793145753,-0.5063789719303254,1,0.0,0.0,0.0,0,0.9113038
1,-0.32113869206634116,0,1,-0.14184477811109508,-0.18740123133420553,-0.21804976793145753,-0.7111904713419294,0,0.0,0.0,0.0,0,0.77492505
1,-0.40525060887157605,0,1,-0.14184477811109508,-0.18740123133420553,-0.21804976793145753,1.9513590210089218,0,1.0,1.0,1.0,1,0.061356124
1,-1.0781459433134553,2,0,-0.14184477811109508,-0.18740123133420553,-0.21804976793145753,-0.5063789719303254,0,1.0,1.0,1.0,1,0.212017
1,-0.5734744424820458,0,1,-0.14184477811109508,-0.18740123133420553,-0.21804976793145753,-0.7111904713419294,0,0.0,0.0,0.0,0,0.7821234
1,-0.9099221097029854,2,1,-0.14184477811109508,-0.18740123133420553,-0.21804976793145753,-0.7111904713419294,1,1.0,0.0,0.0,1,0.36064714
1,-1.246369776923925,2,1,1.9679866224939355,-0.18740123133420553,-0.21804976793145753,-0.5063789719303254,0,1.0,1.0,1.0,1,0.08426873
1,0.9405400600121823,1,0,-0.14184477811109508,-0.18740123133420553,-0.21804976793145753,-0.09675597310711755,0,0.0,0.0,0.0,0,0.6540466
1,0.6882043095964776,0,0,-0.14184477811109508,-0.18740123133420553,-0.21804976793145753,1.7465475215973179,0,0.0,1.0,1.0,1,0.060519792
1,1.0246519768174172,1,0,-0.14184477811109508,-0.18740123133420553,-0.21804976793145753,1.541736022185714,0,0.0,1.0,1.0,1,0.08186995
1,-0.40525060887157605,0,1,-0.14184477811109508,-0.18740123133420553,-0.21804976793145753,-0.5063789719303254,1,0.0,0.0,0.0,0,0.9114602
1,-0.7416982760925156,0,1,-0.14184477811109508,-0.18740123133420553,1.7756270709247335,1.132113023362506,0,1.0,1.0,1.0,1,0.23876931
1,0.6040923927912427,0,0,-0.14184477811109508,-0.18740123133420553,-0.21804976793145753,-0.5063789719303254,1,0.0,0.0,0.0,0,0.9006114
1,-0.23702677526110624,0,0,-0.14184477811109508,-0.18740123133420553,-0.21804976793145753,0.3128670257160903,0,1.0,1.0,1.0,1,0.23290986
1,-0.9940340265082203,2,0,-0.14184477811109508,-0.18740123133420553,-0.21804976793145753,-0.30156747251872146,0,1.0,1.0,1.0,1,0.118050694
0,-1.1622578601186901,2,1,-0.14184477811109508,-0.18740123133420553,-0.21804976793145753,-0.30156747251872146,0,1.0,1.0,1.0,1,0.109791145
0,0.351756642375538,0,1,-0.14184477811109508,-0.18740123133420553,-0.21804976793145753,-0.5063789719303254,0,0.0,0.0,0.0,0,0.6725638
1,-0.6575863592872807,0,0,-0.14184477811109508,-0.18740123133420553,-0.21804976793145753,-0.7111904713419294,1,1.0,0.0,0.0,0,0.9444804
1,-0.9940340265082203,2,0,-0.14184477811109508,-0.18740123133420553,1.7756270709247335,-0.5063789719303254,1,0.0,0.0,1.0,1,0.2630711
1,0.2676447255703031,0,1,-0.14184477811109508,-0.18740123133420553,-0.21804976793145753,-0.7111904713419294,0,0.0,0.0,0.0,0,0.7610456
1,-0.9940340265082203,2,1,-0.14184477811109508,-0.18740123133420553,-0.21804976793145753,-0.7111904713419294,1,1.0,1.0,0.0,1,0.34405994
1,-0.48936252567681093,0,1,-0.14184477811109508,-0.18740123133420553,-0.21804976793145753,0.10805552630448638,0,1.0,1.0,1.0,1,0.24628222
1,-0.06880294165063645,0,1,-0.14184477811109508,-0.18740123133420553,-0.21804976793145753,0.10805552630448638,1,1.0,0.0,1.0,1,0.2577405
1,0.2676447255703031,0,1,-0.14184477811109508,-0.18740123133420553,-0.21804976793145753,-0.30156747251872146,1,1.0,0.0,0.0,0,0.8334565
1,2.538666479311645,1,0,-0.14184477811109508,-0.18740123133420553,-0.21804976793145753,-0.5063789719303254,0,1.0,0.0,0.0,0,0.9763066
1,-0.9940340265082203,2,0,-0.14184477811109508,-0.18740123133420553,-0.21804976793145753,-0.7111904713419294,0,1.0,0.0,0.0,1,0.304851
1,-0.5734744424820458,0,1,-0.14184477811109508,-0.18740123133420553,-0.21804976793145753,-0.7111904713419294,0,0.0,0.0,0.0,0,0.7821234
1,-0.6575863592872807,0,0,-0.14184477811109508,-0.18740123133420553,-0.21804976793145753,-0.7111904713419294,1,0.0,0.0,0.0,0,0.9444804
1,-0.15291485845587136,0,0,-0.14184477811109508,-0.18740123133420553,-0.21804976793145753,-0.7111904713419294,1,0.0,0.0,0.0,0,0.94286335
1,-0.23702677526110624,0,0,-0.14184477811109508,1.873440968124573,-0.21804976793145753,-0.30156747251872146,0,0.0,1.0,1.0,1,0.29184455
1,-0.23702677526110624,0,0,-0.14184477811109508,-0.18740123133420553,-0.21804976793145753,-0.5063789719303254,0,1.0,0.0,0.0,0,0.6136932
1,-1.246369776923925,2,1,1.9679866224939355,-0.18740123133420553,1.7756270709247335,-0.5063789719303254,0,1.0,1.0,1.0,1,0.23589477
1,-1.33048169372916,2,1,4.077818023098966,-0.18740123133420553,-0.21804976793145753,-0.30156747251872146,0,1.0,1.0,1.0,1,0.07522825
1,0.6882043095964776,0,1,-0.14184477811109508,-0.18740123133420553,-0.21804976793145753,-0.5063789719303254,1,0.0,0.0,0.0,0,0.8979217
1,-0.40525060887157605,0,1,-0.14184477811109508,-0.18740123133420553,-0.21804976793145753,-0.5063789719303254,0,0.0,0.0,0.0,0,0.57172126
1,0.2676447255703031,0,0,-0.14184477811109508,-0.18740123133420553,-0.21804976793145753,-0.30156747251872146,0,0.0,0.0,1.0,1,0.39417434
1,-0.06880294165063645,0,0,-0.14184477811109508,-0.18740123133420553,-0.21804976793145753,0.10805552630448638,0,1.0,1.0,0.0,1,0.25045663
1,-0.7416982760925156,0,1,-0.14184477811109508,-0.18740123133420553,-0.21804976793145753,0.3128670257160903,0,1.0,1.0,1.0,1,0.22481239
1,1.4452115608435916,1,0,-0.14184477811109508,-0.18740123133420553,-0.21804976793145753,-0.7111904713419294,1,0.0,0.0,0.0,0,0.98754674
1,0.6882043095964776,0,1,-0.14184477811109508,-0.18740123133420553,-0.21804976793145753,-0.7111904713419294,1,0.0,0.0,0.0,0,0.9426817
1,1.949883061675001,1,0,-0.14184477811109508,-0.18740123133420553,-0.21804976793145753,0.9273015239509022,1,0.0,0.0,0.0,1,0.21718305
1,-0.6575863592872807,0,1,-0.14184477811109508,-0.18740123133420553,-0.21804976793145753,-0.30156747251872146,0,0.0,1.0,0.0,1,0.28488362
0,0.5199804759860078,0,0,-0.14184477811109508,-0.18740123133420553,-0.21804976793145753,1.7465475215973179,0,1.0,1.0,1.0,1,0.060582027
1,-0.15291485845587136,0,1,-0.14184477811109508,-0.18740123133420553,-0.21804976793145753,-0.09675597310711755,0,1.0,0.0,1.0,1,0.25831982
1,0.351756642375538,0,0,-0.14184477811109508,-0.18740123133420553,-0.21804976793145753,-0.7111904713419294,0,0.0,0.0,0.0,0,0.7593358
1,-0.32113869206634116,0,0,1.9679866224939355,-0.18740123133420553,-0.21804976793145753,-0.30156747251872146,1,1.0,1.0,1.0,1,0.24743655
1,-1.246369776923925,2,0,-0.14184477811109508,-0.18740123133420553,-0.21804976793145753,-0.7111904713419294,1,1.0,1.0,1.0,1,0.29406592
0,1.108763893622652,1,0,-0.14184477811109508,-0.18740123133420553,-0.21804976793145753,-0.5063789719303254,0,0.0,0.0,0.0,0,0.95039725
1,1.0246519768174172,1,1,-0.14184477811109508,-0.18740123133420553,-0.21804976793145753,-0.09675597310711755,1,0.0,0.0,0.0,0,0.87301344
1,0.09942089195983334,0,1,-0.14184477811109508,-0.18740123133420553,-0.21804976793145753,-0.7111904713419294,1,0.0,0.0,0.0,0,0.9422836
1,-0.6575863592872807,0,1,-0.14184477811109508,-0.18740123133420553,-0.21804976793145753,0.7224900245392981,1,1.0,1.0,1.0,1,0.055020038
1,2.62277839611688,1,1,-0.14184477811109508,-0.18740123133420553,-0.21804976793145753,-0.09675597310711755,0,0.0,0.0,0.0,0,0.9724171
1,0.18353280876506822,0,0,-0.14184477811109508,-0.18740123133420553,-0.21804976793145753,-0.7111904713419294,1,0.0,0.0,0.0,0,0.9423276
1,0.9405400600121823,1,0,-0.14184477811109508,-0.18740123133420553,-0.21804976793145753,-0.7111904713419294,1,0.0,0.0,0.0,0,0.9860293
0,1.5293234776488265,1,1,-0.14184477811109508,-0.18740123133420553,-0.21804976793145753,-0.7111904713419294,0,0.0,0.0,0.0,0,0.96196467
1,0.7723162264017125,0,0,-0.14184477811109508,-0.18740123133420553,-0.21804976793145753,-0.7111904713419294,1,0.0,0.0,0.0,0,0.9421524
1,2.1181068952854707,1,1,-0.14184477811109508,-0.18740123133420553,-0.21804976793145753,1.7465475215973179,0,0.0,1.0,0.0,1,0.11024136
1,-0.6575863592872807,0,1,-0.14184477811109508,1.873440968124573,1.7756270709247335,0.9273015239509022,0,1.0,1.0,1.0,1,0.24832234
1,-1.0781459433134553,2,0,-0.14184477811109508,-0.18740123133420553,-0.21804976793145753,-0.09675597310711755,0,1.0,1.0,1.0,1,0.08538695
1,-1.0781459433134553,2,0,-0.14184477811109508,-0.18740123133420553,-0.21804976793145753,-0.5063789719303254,0,1.0,1.0,1.0,1,0.212017
1,-0.9940340265082203,2,1,-0.14184477811109508,-0.18740123133420553,-0.21804976793145753,-0.7111904713419294,0,0.0,0.0,0.0,1,0.304851
1,-1.0781459433134553,2,0,-0.14184477811109508,-0.18740123133420553,-0.21804976793145753,-0.5063789719303254,0,1.0,1.0,1.0,1,0.212017
1,-0.9099221097029854,2,0,-0.14184477811109508,-0.18740123133420553,-0.21804976793145753,-0.5063789719303254,0,0.0,1.0,1.0,1,0.24815786
1,0.09942089195983334,0,0,-0.14184477811109508,-0.18740123133420553,-0.21804976793145753,-0.5063789719303254,0,0.0,0.0,0.0,0,0.66016096
0,1.6134353944540614,1,1,-0.14184477811109508,-0.18740123133420553,-0.21804976793145753,-0.7111904713419294,0,0.0,0.0,0.0,0,0.96367234
1,-0.06880294165063645,0,1,-0.14184477811109508,-0.18740123133420553,-0.21804976793145753,-0.7111904713419294,1,0.0,0.0,0.0,0,0.94258577
1,-0.48936252567681093,0,0,-0.14184477811109508,-0.18740123133420553,-0.21804976793145753,-0.7111904713419294,1,1.0,0.0,0.0,0,0.9440798
1,0.351756642375538,0,1,-0.14184477811109508,-0.18740123133420553,-0.21804976793145753,-0.30156747251872146,1,0.0,0.0,0.0,0,0.82625765
1,-0.15291485845587136,0,1,-0.14184477811109508,-0.18740123133420553,-0.21804976793145753,3.1802280174785453,0,1.0,1.0,1.0,1,0.05898289
1,1.5293234776488265,1,0,-0.14184477811109508,-0.18740123133420553,-0.21804976793145753,-0.5063789719303254,1,1.0,0.0,0.0,0,0.9872715
1,0.351756642375538,0,1,-0.14184477811109508,-0.18740123133420553,-0.21804976793145753,-0.09675597310711755,1,0.0,0.0,0.0,1,0.3211237
1,1.865771144869766,1,1,-0.14184477811109508,-0.18740123133420553,-0.21804976793145753,-0.7111904713419294,1,0.0,0.0,0.0,0,0.9880427
1,-0.15291485845587136,0,1,-0.14184477811109508,-0.18740123133420553,-0.21804976793145753,-0.7111904713419294,0,0.0,0.0,0.0,0,0.7705175
1,2.62277839611688,1,0,-0.14184477811109508,-0.18740123133420553,-0.21804976793145753,-0.5063789719303254,1,0.0,0.0,0.0,0,0.98849386
1,0.2676447255703031,0,1,-0.14184477811109508,-0.18740123133420553,-0.21804976793145753,1.132113023362506,0,1.0,1.0,1.0,1,0.06351555
1,0.09942089195983334,0,1,-0.14184477811109508,-0.18740123133420553,-0.21804976793145753,-0.7111904713419294,0,0.0,0.0,0.0,0,0.7646153
1,1.3610996440383567,1,1,-0.14184477811109508,-0.18740123133420553,-0.21804976793145753,1.541736022185714,1,1.0,0.0,1.0,1,0.089101516
1,-0.6575863592872807,0,1,-0.14184477811109508,-0.18740123133420553,-0.21804976793145753,-0.09675597310711755,0,1.0,1.0,1.0,1,0.25310177
1,1.5293234776488265,1,1,-0.14184477811109508,-0.18740123133420553,-0.21804976793145753,-0.09675597310711755,0,1.0,0.0,0.0,0,0.9412753
1,-1.0781459433134553,2,0,-0.14184477811109508,-0.18740123133420553,-0.21804976793145753,-0.09675597310711755,0,1.0,1.0,1.0,1,0.08538695
1,2.706890312922115,1,1,-0.14184477811109508,-0.18740123133420553,-0.21804976793145753,-0.7111904713419294,1,1.0,0.0,0.0,0,0.98832625
1,0.015308975154598439,0,1,-0.14184477811109508,-0.18740123133420553,-0.21804976793145753,-0.5063789719303254,1,1.0,0.0,0.0,0,0.9111775
1,1.192875810427887,1,1,-0.14184477811109508,-0.18740123133420553,-0.21804976793145753,-0.7111904713419294,1,0.0,0.0,0.0,0,0.98697865
1,-0.7416982760925156,0,0,-0.14184477811109508,-0.18740123133420553,-0.21804976793145753,1.33692452277411,0,1.0,1.0,1.0,1,0.061589297
1,-0.5734744424820458,0,1,-0.14184477811109508,-0.18740123133420553,-0.21804976793145753,-0.30156747251872146,0,1.0,1.0,0.0,1,0.2875424
1,-0.40525060887157605,0,1,-0.14184477811109508,-0.18740123133420553,-0.21804976793145753,0.10805552630448638,1,1.0,0.0,1.0,1,0.25247312
0,-0.15291485845587136,0,1,-0.14184477811109508,-0.18740123133420553,-0.21804976793145753,-0.09675597310711755,1,0.0,0.0,0.0,1,0.30027625
1,0.5199804759860078,0,0,-0.14184477811109508,-0.18740123133420553,-0.21804976793145753,1.541736022185714,0,1.0,1.0,1.0,1,0.06074307
1,-1.1622578601186901,2,1,-0.14184477811109508,-0.18740123133420553,-0.21804976793145753,-0.5063789719303254,0,1.0,1.0,1.0,1,0.19897224
1,-0.32113869206634116,0,1,-0.14184477811109508,1.873440968124573,-0.21804976793145753,0.3128670257160903,1,1.0,1.0,1.0,1,0.24450953
1,-0.9099221097029854,2,1,-0.14184477811109508,-0.18740123133420553,-0.21804976793145753,1.541736022185714,0,1.0,1.0,1.0,1,0.06134305
1,0.6882043095964776,0,0,-0.14184477811109508,-0.18740123133420553,-0.21804976793145753,0.10805552630448638,1,0.0,0.0,0.0,1,0.27801695
0,0.015308975154598439,0,1,-0.14184477811109508,-0.18740123133420553,-0.21804976793145753,0.7224900245392981,0,1.0,1.0,1.0,1,0.08009472
1,0.7723162264017125,0,0,-0.14184477811109508,-0.18740123133420553,-0.21804976793145753,0.10805552630448638,1,1.0,0.0,0.0,1,0.28154093
0,-0.9099221097029854,2,1,-0.14184477811109508,-0.18740123133420553,-0.21804976793145753,0.5176785251276942,1,0.0,1.0,1.0,1,0.0648531
1,-1.1622578601186901,2,1,-0.14184477811109508,1.873440968124573,3.7693039097809242,-0.5063789719303254,0,0.0,1.0,1.0,1,0.26497567
1,0.6882043095964776,0,0,-0.14184477811109508,-0.18740123133420553,-0.21804976793145753,-0.30156747251872146,0,0.0,0.0,1.0,1,0.43442923
1,0.015308975154598439,0,1,-0.14184477811109508,-0.18740123133420553,-0.21804976793145753,-0.5063789719303254,1,0.0,0.0,0.0,0,0.9111775
1,-1.1622578601186901,2,0,-0.14184477811109508,-0.18740123133420553,-0.21804976793145753,-0.7111904713419294,1,1.0,1.0,1.0,1,0.31116498
1,0.6882043095964776,0,1,-0.14184477811109508,-0.18740123133420553,-0.21804976793145753,1.132113023362506,0,1.0,1.0,1.0,1,0.0671388
1,-1.246369776923925,2,1,-0.14184477811109508,1.873440968124573,-0.21804976793145753,-0.5063789719303254,0,1.0,1.0,1.0,1,0.23187077
1,-0.7416982760925156,0,0,-0.14184477811109508,-0.18740123133420553,-0.21804976793145753,-0.5063789719303254,0,0.0,0.0,0.0,1,0.45892167
0,-0.7416982760925156,0,1,-0.14184477811109508,-0.18740123133420553,-0.21804976793145753,0.3128670257160903,0,1.0,1.0,1.0,1,0.22481239
1,1.3610996440383567,1,0,-0.14184477811109508,-0.18740123133420553,-0.21804976793145753,-0.7111904713419294,0,0.0,0.0,0.0,0,0.95846343
0,0.8564281432069474,1,1,-0.14184477811109508,-0.18740123133420553,-0.21804976793145753,-0.7111904713419294,1,0.0,0.0,0.0,0,0.98557395
1,1.192875810427887,1,1,-0.14184477811109508,-0.18740123133420553,-0.21804976793145753,-0.5063789719303254,0,1.0,0.0,0.0,0,0.9519042
1,-0.15291485845587136,0,0,-0.14184477811109508,-0.18740123133420553,-0.21804976793145753,1.33692452277411,1,0.0,1.0,1.0,1,0.05678608
1,-0.15291485845587136,0,1,-0.14184477811109508,-0.18740123133420553,-0.21804976793145753,-0.09675597310711755,0,1.0,0.0,1.0,1,0.25831982
1,0.8564281432069474,1,1,-0.14184477811109508,-0.18740123133420553,-0.21804976793145753,1.33692452277411,0,1.0,1.0,1.0,1,0.08443501
1,-0.6575863592872807,0,0,-0.14184477811109508,-0.18740123133420553,-0.21804976793145753,-0.5063789719303254,0,0.0,0.0,0.0,1,0.48630658
1,-0.9940340265082203,2,1,1.9679866224939355,-0.18740123133420553,1.7756270709247335,-0.09675597310711755,0,0.0,1.0,1.0,1,0.15482035
0,-0.9099221097029854,2,0,-0.14184477811109508,-0.18740123133420553,7.756657587493306,-0.5063789719303254,1,0.0,0.0,0.0,1,0.33704078
1,-0.48936252567681093,0,1,-0.14184477811109508,-0.18740123133420553,-0.21804976793145753,-0.09675597310711755,1,0.0,0.0,0.0,1,0.29755706
0,-0.9099221097029854,2,1,-0.14184477811109508,-0.18740123133420553,-0.21804976793145753,-0.30156747251872146,0,1.0,1.0,1.0,1,0.12297796
1,1.108763893622652,1,1,-0.14184477811109508,-0.18740123133420553,-0.21804976793145753,0.5176785251276942,0,0.0,0.0,0.0,1,0.20009424
1,-0.9099221097029854,2,1,-0.14184477811109508,-0.18740123133420553,-0.21804976793145753,-0.5063789719303254,0,1.0,1.0,1.0,1,0.24815786
1,-0.8258101928977505,0,1,-0.14184477811109508,-0.18740123133420553,-0.21804976793145753,-0.7111904713419294,0,0.0,0.0,0.0,0,0.7888186
0,-1.246369776923925,2,1,-0.14184477811109508,-0.18740123133420553,-0.21804976793145753,-0.7111904713419294,0,0.0,0.0,0.0,1,0.25404736
1,-0.7416982760925156,0,0,-0.14184477811109508,-0.18740123133420553,-0.21804976793145753,-0.7111904713419294,1,0.0,0.0,0.0,0,0.944584
1,-0.48936252567681093,0,1,-0.14184477811109508,-0.18740123133420553,-0.21804976793145753,0.3128670257160903,0,1.0,1.0,1.0,1,0.22888604
1,-1.0781459433134553,2,1,-0.14184477811109508,-0.18740123133420553,-0.21804976793145753,-0.7111904713419294,1,0.0,1.0,0.0,1,0.32856756
1,1.6134353944540614,1,0,-0.14184477811109508,-0.18740123133420553,-0.21804976793145753,1.541736022185714,0,1.0,1.0,0.0,1,0.10255575
1,-0.9099221097029854,2,1,-0.14184477811109508,-0.18740123133420553,1.7756270709247335,-0.7111904713419294,0,0.0,0.0,0.0,1,0.26586664
1,-0.9940340265082203,2,0,-0.14184477811109508,-0.18740123133420553,5.762980748637116,-0.7111904713419294,1,0.0,0.0,0.0,1,0.34694707
1,0.2676447255703031,0,0,-0.14184477811109508,-0.18740123133420553,-0.21804976793145753,-0.7111904713419294,0,0.0,0.0,0.0,0,0.7610456
1,-0.5734744424820458,0,0,-0.14184477811109508,-0.18740123133420553,-0.21804976793145753,0.10805552630448638,0,1.0,1.0,1.0,1,0.24601729
1,-0.8258101928977505,0,1,-0.14184477811109508,-0.18740123133420553,-0.21804976793145753,-0.30156747251872146,1,1.0,1.0,0.0,0,0.7467768
0,0.6882043095964776,0,0,-0.14184477811109508,-0.18740123133420553,-0.21804976793145753,-0.7111904713419294,1,0.0,0.0,0.0,0,0.9426817
1,-0.5734744424820458,0,1,-0.14184477811109508,-0.18740123133420553,-0.21804976793145753,-0.09675597310711755,1,0.0,1.0,0.0,1,0.2973889
1,-0.6575863592872807,0,1,-0.14184477811109508,-0.18740123133420553,-0.21804976793145753,0.3128670257160903,0,1.0,1.0,1.0,1,0.2262053
1,0.6882043095964776,0,0,-0.14184477811109508,-0.18740123133420553,-0.21804976793145753,-0.7111904713419294,1,1.0,0.0,0.0,0,0.9426817
1,1.6975473112592963,1,0,-0.14184477811109508,-0.18740123133420553,-0.21804976793145753,-0.7111904713419294,1,0.0,0.0,0.0,0,0.98789084
1,-0.32113869206634116,0,1,-0.14184477811109508,-0.18740123133420553,-0.21804976793145753,0.9273015239509022,0,1.0,1.0,1.0,1,0.063172705
1,-1.246369776923925,2,1,1.9679866224939355,-0.18740123133420553,1.7756270709247335,-0.5063789719303254,0,1.0,1.0,1.0,1,0.23589477
1,1.3610996440383567,1,1,1.9679866224939355,-0.18740123133420553,-0.21804976793145753,3.1802280174785453,0,1.0,1.0,1.0,1,0.0645793
1,-0.8258101928977505,0,1,-0.14184477811109508,-0.18740123133420553,-0.21804976793145753,-0.30156747251872146,0,1.0,1.0,1.0,1,0.28038466
1,-0.6575863592872807,0,0,-0.14184477811109508,-0.18740123133420553,-0.21804976793145753,-0.5063789719303254,0,0.0,0.0,0.0,1,0.48630658
1,0.9405400600121823,1,1,-0.14184477811109508,-0.18740123133420553,-0.21804976793145753,0.10805552630448638,0,0.0,0.0,0.0,1,0.42560944
0,-0.9099221097029854,2,1,-0.14184477811109508,-0.18740123133420553,-0.21804976793145753,-0.5063789719303254,0,1.0,0.0,1.0,1,0.24815786
1,-0.6575863592872807,0,1,-0.14184477811109508,-0.18740123133420553,-0.21804976793145753,-0.09675597310711755,0,1.0,1.0,1.0,1,0.25310177
1,1.3610996440383567,1,0,-0.14184477811109508,-0.18740123133420553,-0.21804976793145753,-0.5063789719303254,1,0.0,0.0,0.0,0,0.9865643
1,1.3610996440383567,1,1,-0.14184477811109508,-0.18740123133420553,-0.21804976793145753,2.3609820198321296,0,1.0,1.0,1.0,1,0.06985012
1,-0.48936252567681093,0,1,-0.14184477811109508,-0.18740123133420553,-0.21804976793145753,0.3128670257160903,0,1.0,1.0,1.0,1,0.22888604
0,-1.0781459433134553,2,0,-0.14184477811109508,-0.18740123133420553,-0.21804976793145753,-0.5063789719303254,0,0.0,1.0,1.0,1,0.212017
1,0.7723162264017125,0,0,-0.14184477811109508,-0.18740123133420553,-0.21804976793145753,-0.7111904713419294,1,1.0,0.0,0.0,0,0.9421524
1,-0.6575863592872807,0,1,-0.14184477811109508,-0.18740123133420553,-0.21804976793145753,0.5176785251276942,0,1.0,1.0,1.0,1,0.093174055
0,-0.40525060887157605,0,1,-0.14184477811109508,-0.18740123133420553,-0.21804976793145753,0.9273015239509022,0,1.0,1.0,1.0,1,0.06252235
1,1.192875810427887,1,1,-0.14184477811109508,-0.18740123133420553,-0.21804976793145753,-0.09675597310711755,0,1.0,0.0,0.0,0,0.86165273
1,-1.246369776923925,2,0,-0.14184477811109508,-0.18740123133420553,-0.21804976793145753,-0.7111904713419294,1,1.0,1.0,1.0,1,0.29406592
