sex,age,age_cat,race,juv_fel_count,juv_misd_count,juv_other_count,priors_count,c_charge_degree,two_year_recid,full,full_proba,unaware,unaware_proba,cf1,cf1_proba,cf2,cf2_proba
1,-0.5734744424820458,0,1,0,0,0,5,0,0,1,0.42519910392567073,1,0.4360047861898768,1,0.44784169341288926,1,0.3185949993051692
1,-0.7416982760925156,0,1,0,0,0,1,0,0,0,0.5575094761727987,0,0.5705959553813121,0,0.6592198032368394,0,0.6060162850651943
1,0.18353280876506822,0,1,0,0,0,9,0,0,1,0.37015538692311534,1,0.3779101174422691,1,0.25808932713704713,1,0.24047146684368248
1,-0.7416982760925156,0,1,0,0,0,2,0,1,0,0.5190721811409387,0,0.531804467790273,0,0.6295437871829295,1,0.4899777336676848
1,-0.40525060887157605,0,1,4,0,0,12,0,1,1,0.1283986747121053,1,0.12652570231855298,1,0.4762795431311728,1,0.4187314659173401
1,-0.23702677526110624,0,1,1,0,0,2,1,1,0,0.5842610429322919,0,0.5950022391603071,0,0.6245059445463381,0,0.6060299119924583
0,-0.9099221097029854,2,1,0,0,0,2,0,1,1,0.4886305421152817,1,0.4304319558292353,0,0.6054268922991537,0,0.5599089052237942
0,-1.1622578601186901,2,1,0,0,0,0,1,0,0,0.5728142048769735,0,0.5174992137770287,0,0.6881248049487639,0,0.7104699890155928
1,1.865771144869766,1,0,0,0,0,1,0,0,0,0.8001143740739765,0,0.8107510312696796,0,0.6702647333305832,0,0.6824754374210715
1,-0.5734744424820458,0,1,0,0,0,0,1,1,0,0.652757925684038,0,0.6664666261817183,0,0.673222681737895,0,0.7152580624792226
0,-1.246369776923925,2,1,0,0,1,0,1,1,0,0.5254258724519667,1,0.4666496978785062,0,0.6611070526876992,0,0.5695361206680758
1,-0.32113869206634116,0,0,0,0,0,8,1,0,1,0.3772157475833947,1,0.3931590224216154,1,0.31247562269828255,1,0.45235427712696474
1,-0.7416982760925156,0,0,0,0,0,0,1,0,0,0.6272563331066788,0,0.6471077412437185,0,0.7071664050141937,0,0.7053485199821378
1,1.0246519768174172,1,1,0,0,0,5,0,0,0,0.5891172951400562,0,0.5981684055610301,1,0.4005026118255266,0,0.5123883204342528
1,0.7723162264017125,0,0,0,0,0,4,1,0,0,0.6635679191216295,0,0.6795819765591989,1,0.49354281047724824,0,0.5065330236902186
1,-0.48936252567681093,0,0,0,0,0,0,1,0,0,0.6570290647765678,0,0.6759443948719517,0,0.6542551583152632,0,0.5984580858353699
1,-0.6575863592872807,0,1,0,0,0,4,0,1,1,0.45265785282105764,1,0.46419938706715047,0,0.5333067723727365,1,0.4247367963209372
1,-0.5734744424820458,0,1,0,0,0,0,1,0,0,0.652757925684038,0,0.6664666261817183,0,0.7066514266724777,0,0.7147592847270459
1,-0.9940340265082203,2,1,0,0,0,2,0,1,1,0.4081650890961118,1,0.41993564894053226,0,0.6189973571440732,0,0.5476057697643677
1,0.015308975154598439,0,1,0,0,0,6,0,1,1,0.46163597004283985,1,0.47161909094843857,1,0.4520042908864108,1,0.4045008333492328
1,-0.40525060887157605,0,0,0,0,0,0,1,0,0,0.6666980983574842,0,0.6852800208906129,0,0.6753115677037876,0,0.6752244837359787
1,-0.5734744424820458,0,1,0,0,0,0,1,0,0,0.652757925684038,0,0.6664666261817183,0,0.7121325516675858,0,0.7341525094273402
1,-0.5734744424820458,0,1,0,0,0,1,1,1,0,0.6169091254965442,0,0.6307309689391122,0,0.623792325426636,0,0.5831844949234243
0,-0.6575863592872807,0,0,0,0,0,2,0,0,0,0.5934119587403202,0,0.5424819384320603,0,0.5905134998974432,1,0.4894856441695009
1,-0.23702677526110624,0,1,0,0,0,8,0,1,1,0.35598212776932436,1,0.36440913380151085,1,0.3966660426207299,1,0.3237282421142672
0,-0.9099221097029854,2,1,0,0,0,0,0,1,0,0.5656153244557518,0,0.5084235412095071,0,0.6992992787704697,0,0.7353487480046547
1,-0.5734744424820458,0,0,0,0,0,8,0,1,1,0.31217339785072085,1,0.3256179388435855,1,0.272669009576884,1,0.31256030133359836
0,0.351756642375538,0,1,0,0,0,3,0,1,0,0.6826840769116997,0,0.6292097170956853,1,0.49324552201604044,0,0.5667307175822767
1,-1.0781459433134553,2,0,0,0,1,1,0,0,1,0.3934865259073662,1,0.408596740675887,0,0.5767081471378537,0,0.5574539298249428
1,0.351756642375538,0,0,0,0,0,1,0,0,0,0.68318154844961,0,0.6990155411195119,0,0.6283827094593295,0,0.601987031187387
1,-0.48936252567681093,0,1,0,0,0,0,0,0,0,0.6260746366430026,0,0.6387682303183391,0,0.6469171159494271,0,0.7558706655536808
0,0.8564281432069474,1,0,0,0,0,0,1,0,0,0.8123133385285102,0,0.7792982860931327,0,0.6916012304726306,0,0.7029178138708236
0,-0.7416982760925156,0,1,0,0,0,1,1,0,0,0.6621525713686071,0,0.6105100832174402,0,0.6477647565571565,0,0.6172816283455771
0,0.8564281432069474,1,0,0,0,0,1,1,0,0,0.7875763314187929,0,0.7511375813480149,0,0.6544865923403069,0,0.6307655835939829
1,1.4452115608435916,1,0,0,0,0,1,0,0,0,0.7633219231159373,0,0.7755909526050662,0,0.6349717850716321,0,0.6828611985803568
1,1.3610996440383567,1,1,0,0,0,1,0,0,0,0.7598907436867368,0,0.7680274102546134,0,0.6266584190361735,0,0.7788119700403832
0,-0.48936252567681093,0,0,0,0,0,1,0,1,0,0.6500445913906339,0,0.6018378517672069,0,0.6604878308899942,0,0.5879094328346595
1,-0.32113869206634116,0,1,0,0,0,13,1,1,1,0.22257057759373944,1,0.2281972721596226,1,0.3318956046079732,1,0.34812665277334554
1,1.0246519768174172,1,0,0,0,0,0,1,0,0,0.7805133046966404,0,0.7937171576988992,0,0.7119261904651422,0,0.6098325168481304
1,-1.1622578601186901,2,0,0,0,0,0,0,0,1,0.45690556485728295,1,0.47623084679934535,0,0.6740132424832366,0,0.7375911430676185
1,0.6882043095964776,0,1,0,0,0,7,0,0,0,0.5092878292303464,0,0.5182542631824563,1,0.3860702854615802,1,0.2692574187445388
1,-1.1622578601186901,2,0,0,0,0,1,0,0,1,0.4188390106286264,1,0.4373210780583989,0,0.5860008088424695,0,0.5964555358705712
1,-1.246369776923925,2,1,1,0,0,1,0,1,1,0.3773789211738766,1,0.3868526378285675,0,0.6284696117966485,0,0.6793340477009754
0,0.6040923927912427,0,0,0,0,0,3,0,0,0,0.7050462483720614,0,0.6587376174990954,0,0.5272588553218791,0,0.559096584709313
0,0.6040923927912427,0,1,0,0,0,2,1,0,0,0.7702041206430658,0,0.7270567498248155,0,0.5892019142822302,0,0.5909791516425076
0,-0.23702677526110624,0,1,0,0,0,0,0,0,0,0.7166482073940114,0,0.6679366549874013,0,0.6298259013229064,0,0.6577939542522888
1,0.09942089195983334,0,0,0,0,0,9,1,1,1,0.391720199543686,1,0.40704301756214833,1,0.3899124989677206,1,0.3449812294206931
1,2.3704426457011754,1,1,0,0,0,1,0,0,0,0.8416496076698018,0,0.8471717805018558,0,0.6023904540491843,0,0.6630094161747362
0,-0.5734744424820458,0,1,0,0,0,3,0,1,0,0.5722084914489007,0,0.5140947177871116,0,0.5664454739780966,1,0.4537392449478872
1,1.6975473112592963,1,0,0,0,0,0,0,0,0,0.8108176615310965,0,0.8214047085823356,0,0.702111145234622,0,0.7220817446815018
1,-0.9099221097029854,2,0,0,0,2,1,0,0,1,0.3788074723095237,1,0.3906576272239731,0,0.5530718221528934,0,0.539975987819739
1,2.2863307288959405,1,1,0,0,0,15,0,0,1,0.36843460181474774,1,0.3712485800158729,1,0.20566042812154528,1,0.3226100439015327
1,-0.40525060887157605,0,1,0,0,0,0,0,0,0,0.6361330485717032,0,0.6486181081869682,0,0.6954994929099325,0,0.6382185827180449
0,2.2022188120907056,1,1,0,0,0,1,0,1,0,0.866111424437604,0,0.835715947088606,0,0.6514067489181812,0,0.6122512856266553
0,-0.23702677526110624,0,1,0,0,0,1,0,0,0,0.6842043214501372,0,0.6322715970959139,0,0.658284956477889,0,0.667153374163348
1,-0.06880294165063645,0,1,0,0,0,8,1,0,1,0.41399925047000385,1,0.4242851032927897,1,0.2983360690651946,1,0.32120510065741514
1,-0.9940340265082203,2,1,0,0,0,1,1,1,1,0.4855429258714927,1,0.4997573500427651,0,0.5919015738835569,0,0.5467526906605222
1,0.6882043095964776,0,1,0,0,0,1,0,1,0,0.7242343786541845,0,0.7338820304130698,0,0.6846460951770754,0,0.6746416105138702
0,-0.5734744424820458,0,0,0,0,0,0,0,1,0,0.6749728692374037,0,0.6288002582804556,0,0.6770087157961824,0,0.7356710563360447
1,-0.6575863592872807,0,1,0,0,0,13,1,1,1,0.19410207362447973,1,0.19935783353177772,1,0.2234210553968523,1,0.43279461527433416
1,-0.48936252567681093,0,1,0,0,0,4,0,1,1,0.47414174001230547,1,0.48561626858045315,0,0.5061014260987708,1,0.44245746299908006
1,-1.246369776923925,2,0,0,0,0,0,1,1,1,0.48574494524501854,0,0.5067688100149533,0,0.7229479737300857,0,0.6429623017708223
1,-0.7416982760925156,0,1,0,0,0,6,1,0,1,0.4052502066152467,1,0.4170223434413861,1,0.3644239332756197,1,0.4182510599680358
1,1.3610996440383567,1,0,0,0,0,3,0,0,0,0.6938761017605222,0,0.7075303963278282,0,0.5276633247590008,0,0.6441962081613336
1,0.4358685591807729,0,1,0,0,0,0,1,0,0,0.7594482822397978,0,0.7698793131719109,0,0.6452104304318793,0,0.694603122498995
0,-0.7416982760925156,0,1,0,0,0,9,1,1,1,0.36239690246230494,1,0.30880999040896384,1,0.35158023875179933,1,0.38202140733051626
1,2.033994978480236,1,1,0,0,0,5,1,0,0,0.7384189827926588,0,0.7461902777569074,1,0.4502889556812377,1,0.4164460135128544
0,-0.23702677526110624,0,0,0,0,0,1,1,1,0,0.7125559787076734,0,0.6697707104441923,0,0.709047865821584,0,0.634263728100618
1,0.2676447255703031,0,1,0,0,0,7,0,1,1,0.45540015687938284,1,0.4646358255506754,1,0.36204230941064297,1,0.44127536767930775
1,-0.8258101928977505,0,1,0,0,0,0,1,1,0,0.6228272672865671,0,0.6372392041253423,0,0.6919584435104151,0,0.6389091246985594
1,4.0526809818058736,1,1,0,0,0,0,1,0,0,0.9452352272766016,0,0.9475305028119498,0,0.6626100343412858,0,0.7546218945978722
1,-0.7416982760925156,0,1,0,0,0,8,0,1,1,0.298996206433498,1,0.307045328374561,1,0.4162351547743468,1,0.4146657623794259
1,-1.33048169372916,2,1,0,0,0,1,0,1,1,0.4038026134798023,1,0.41631029474051107,0,0.5723889770705433,0,0.6719752611851567
1,-0.06880294165063645,0,0,0,0,1,5,0,1,1,0.4464851494521054,1,0.4599913081433862,1,0.395417684902185,1,0.42370138463407736
1,2.3704426457011754,1,0,0,0,0,1,0,0,0,0.8383830157600733,0,0.8471717805018558,0,0.6454150757061943,0,0.62406310787818
0,-0.48936252567681093,0,0,0,1,0,10,0,1,1,0.31412974280285344,1,0.26734990844568896,1,0.328386115931683,1,0.39400560298200227
0,-0.7416982760925156,0,1,0,0,0,0,1,0,0,0.6958549051317173,0,0.6471077412437185,0,0.6640813546580627,0,0.6909979793129529
0,-0.6575863592872807,0,1,0,0,0,0,1,1,0,0.7049209479905884,0,0.65685238006933,0,0.6873945990869803,0,0.6715838419493552
1,-0.9099221097029854,2,1,0,0,2,1,1,1,1,0.4227905335490948,1,0.4306070174149714,0,0.5199202956971888,1,0.47433683408107863
1,0.8564281432069474,1,1,0,0,0,0,1,1,0,0.7696889587390253,0,0.7792982860931327,0,0.7082414843771316,0,0.6466201448578851
1,-0.48936252567681093,0,1,0,0,0,2,0,1,0,0.551304792778876,0,0.5637106828815812,0,0.5760036533359763,0,0.5570360568450339
0,1.3610996440383567,1,0,0,0,0,5,0,0,0,0.6881958867746241,0,0.6386786012456022,1,0.45901246041630117,1,0.40375572445280683
1,0.18353280876506822,0,1,0,0,0,1,0,1,0,0.6695891197586467,0,0.6806405829689544,0,0.6341975141567515,0,0.5294057002758294
1,-0.8258101928977505,0,1,0,0,0,0,1,0,0,0.6228272672865671,0,0.6372392041253423,0,0.6685313598695717,0,0.6399268529918434
1,1.108763893622652,1,0,0,0,0,0,1,1,0,0.7878252788223896,0,0.8006604801911454,0,0.699760947867961,0,0.6995926066223794
1,-0.9940340265082203,2,1,0,0,0,6,0,1,1,0.2708143591675206,1,0.2787621067493872,1,0.3482847918207229,1,0.43047964531121496
0,-0.9940340265082203,2,1,0,0,0,2,0,1,1,0.47784158605656535,1,0.41993564894053226,0,0.5582063076399324,0,0.5664898831910804
1,-0.48936252567681093,0,0,0,0,0,1,0,1,0,0.5833087179844809,0,0.6018378517672069,0,0.6787419309686933,0,0.6471643598352598
1,-0.9940340265082203,2,0,0,0,0,0,1,0,0,0.5181376767234327,0,0.5389018618172834,0,0.6749996806143642,0,0.6791916559549946
1,-0.15291485845587136,0,0,0,0,0,0,0,0,0,0.6601426474219954,0,0.6773928712958714,0,0.6954522707124848,0,0.6609841180330158
1,-0.8258101928977505,0,0,0,0,0,7,1,1,1,0.35299854162850797,1,0.36938622866601745,1,0.4158677049575704,1,0.48797276267281864
1,1.6975473112592963,1,0,0,0,0,0,1,1,0,0.8340087454720997,0,0.8443644839225706,0,0.7047090261979772,0,0.6907370878885675
1,-0.48936252567681093,0,0,0,0,1,11,0,1,1,0.20435068026545744,1,0.21140460625801627,1,0.25756098830947016,1,0.31151737657627454
1,-0.5734744424820458,0,1,0,0,0,3,0,0,0,0.5020007932656754,0,0.5140947177871116,0,0.5041413016239941,0,0.569702514185831
1,-0.9099221097029854,2,1,0,0,0,0,1,0,0,0.5349669154219034,0,0.5495545699949304,0,0.6290159036227445,0,0.6025389996205559
1,2.033994978480236,1,1,0,0,0,22,0,1,1,0.14783298630112207,1,0.14754816470921106,1,0.3553612672822767,1,0.1983176064504325
0,1.5293234776488265,1,0,0,0,0,1,1,0,0,0.8397038453239164,0,0.8097331387218702,0,0.6303265852181514,0,0.5906349808659666
1,-0.15291485845587136,0,1,0,0,0,4,0,1,0,0.5173177965102764,0,0.5285298369770597,1,0.4253380224703126,1,0.42229215292964095
1,-0.7416982760925156,0,1,0,1,0,6,1,0,1,0.40344254204671937,1,0.4147874028187415,1,0.4204155780116072,1,0.4014540461462649
0,-1.0781459433134553,2,1,0,0,0,2,0,0,1,0.46707326525345083,1,0.4095112698852077,0,0.5556000700878967,0,0.5591402078575103
1,0.015308975154598439,0,1,0,0,0,0,0,0,0,0.6845258879839806,0,0.6958711971401408,0,0.6739689355303446,0,0.7421817440628304
1,-1.1622578601186901,2,0,0,0,0,1,0,0,1,0.4188390106286264,1,0.4373210780583989,0,0.6564314671724729,0,0.6945221913035846
1,-0.9940340265082203,2,0,0,0,0,2,0,0,1,0.40230652849642645,1,0.41993564894053226,0,0.5623500405671837,0,0.5175167242002615
1,-0.8258101928977505,0,1,0,0,0,5,0,0,1,0.39386741540480785,1,0.40462319761975385,1,0.4080857118921024,1,0.36985359264580364
1,-0.06880294165063645,0,1,0,0,0,1,0,0,0,0.640309811805903,0,0.6520066830920647,0,0.5719895975173024,0,0.5227606643966822
1,0.2676447255703031,0,1,1,1,0,9,0,1,1,0.34296737961004886,1,0.3474536116896938,1,0.34971539864447365,1,0.4908657065829496
1,0.09942089195983334,0,1,0,0,0,2,0,0,0,0.6244281625473971,0,0.6357292791473669,0,0.5895667180730002,0,0.5916768740777525
1,-0.9099221097029854,2,1,0,0,0,3,0,1,1,0.38152400110630935,1,0.3924602894181811,0,0.6272191769352257,1,0.4984160347404285
0,-0.9940340265082203,2,1,0,0,0,0,1,0,0,0.5938138977599636,0,0.5389018618172834,0,0.7120411954256882,0,0.8462367356216995
1,-0.8258101928977505,0,0,0,0,0,1,0,0,0,0.5407957721408889,0,0.5600424857146007,0,0.5911931174415217,0,0.6402517980903157
1,-0.06880294165063645,0,1,0,0,0,2,1,1,0,0.6412862628605602,0,0.6538831305578223,0,0.5464758664588553,0,0.676501320157512
1,0.9405400600121823,1,1,0,0,0,0,0,1,0,0.7485294983865605,0,0.7575614862396886,0,0.64895335468738,0,0.6267942649421777
1,1.0246519768174172,1,1,0,0,0,6,0,0,0,0.551215451740442,0,0.5599467799515052,1,0.43266301768297444,0,0.5677317258002166
1,0.8564281432069474,1,0,0,0,0,1,1,0,0,0.7364335171580765,0,0.7511375813480149,0,0.6158403902340275,0,0.6224270335007658
1,-0.40525060887157605,0,1,0,0,0,0,0,0,0,0.6361330485717032,0,0.6486181081869682,0,0.6678819629354156,0,0.7677821753981082
1,-0.32113869206634116,0,1,0,0,0,0,0,1,0,0.6460738479355377,0,0.6583430604105753,0,0.6711881106759795,0,0.6553284215371273
1,-0.48936252567681093,0,1,0,0,0,7,0,1,1,0.36176089877534334,1,0.3709297277016296,1,0.3479929692458651,1,0.29695334560354825
1,-0.9099221097029854,2,0,0,0,1,1,0,0,1,0.41428772151976356,1,0.4295046892766199,0,0.5530136277017392,1,0.48505146596395043
1,1.4452115608435916,1,0,0,0,0,0,0,0,0,0.7901307403980329,0,0.8017150241819313,0,0.6729040596251836,0,0.6857745773356445
1,-0.9940340265082203,2,1,0,0,0,3,0,1,1,0.3713824377390923,1,0.38226847939304465,0,0.5693231630766302,1,0.420629376102748
1,0.6882043095964776,0,1,0,0,0,2,0,1,0,0.6922861450039711,0,0.7021412912033788,0,0.5563259904718069,1,0.4584346514899571
1,-0.9940340265082203,2,1,0,0,1,1,0,0,1,0.4097095228991936,1,0.41901435937589737,0,0.59965755764373,0,0.5908089608979428
1,-1.1622578601186901,2,1,0,0,1,1,0,1,1,0.38898553486695964,1,0.3982605812848884,0,0.633628512374302,0,0.51349883724164
1,0.09942089195983334,0,0,0,0,0,5,0,1,0,0.504968516974148,0,0.5215356545637082,0,0.5469190529219687,1,0.485447621422888
0,-0.8258101928977505,0,1,0,0,0,0,1,1,0,0.6866341411485987,0,0.6372392041253423,0,0.6501810247395989,0,0.631325041095862
1,-0.48936252567681093,0,1,0,0,0,0,0,0,0,0.6260746366430026,0,0.6387682303183391,0,0.6929125127279787,0,0.6132606483083685
1,-0.8258101928977505,0,1,0,0,0,0,0,0,0,0.584819301490122,0,0.5982617626367164,0,0.7258622965991441,0,0.6393843436390461
1,-0.48936252567681093,0,1,0,0,0,0,1,1,0,0.662485515826275,0,0.6759443948719517,0,0.6977799244820084,0,0.7150376088810919
1,1.6134353944540614,1,1,0,0,0,2,1,0,0,0.7834593754007156,0,0.7915563778114625,0,0.5810836874913322,0,0.6135203253876247
1,0.7723162264017125,0,1,0,0,0,0,0,0,0,0.7619689233282937,0,0.771050131597099,0,0.6844705317462686,0,0.6302183684066265
1,1.4452115608435916,1,1,0,0,0,6,1,1,0,0.6412031780073447,0,0.6504147222806216,1,0.4245573556901169,1,0.40373139973023886
0,-0.15291485845587136,0,1,0,0,0,0,0,0,0,0.7253390838929885,0,0.6773928712958714,0,0.64864020397178,0,0.8027794428810919
1,-1.33048169372916,2,0,0,0,0,0,1,1,1,0.4749605255475451,1,0.4960321665126758,0,0.6945684803844758,0,0.7143723476751368
0,-0.5734744424820458,0,1,0,0,0,3,0,0,0,0.5722084914489007,0,0.5140947177871116,0,0.5948889519134649,1,0.4190435025771575
1,0.9405400600121823,1,1,0,0,0,0,0,0,0,0.7485294983865605,0,0.7575614862396886,0,0.6556072807964932,0,0.6644709738335313
1,-0.6575863592872807,0,0,0,0,0,5,0,0,1,0.4087875195528803,1,0.42547409913643186,1,0.4230191640245483,1,0.4156677035125409
1,-1.1622578601186901,2,0,0,0,0,1,0,0,1,0.4188390106286264,1,0.4373210780583989,0,0.653510873326844,0,0.6461556737585362
1,-1.1622578601186901,2,1,1,2,2,3,0,1,1,0.2537611273580116,1,0.2551840203675406,0,0.5728403163683922,0,0.5915316047977293
1,-0.15291485845587136,0,1,0,0,0,0,1,0,0,0.699982510242565,0,0.7123838167126615,0,0.7048187866895208,0,0.7413875266335666
1,-0.32113869206634116,0,0,0,0,0,5,0,1,1,0.4511177209972216,1,0.46790746494111224,1,0.43124754123863196,1,0.4895032135192505
0,1.192875810427887,1,0,0,0,0,0,0,0,0,0.8144153964287058,0,0.7804348493997917,0,0.6621273990662335,0,0.7072446429256651
0,-0.48936252567681093,0,1,0,0,0,1,1,0,0,0.690513239372401,0,0.6406767219365062,0,0.6470507114153059,0,0.7064163593131423
1,-0.7416982760925156,0,0,0,0,0,1,1,0,0,0.5904267033424272,0,0.6105100832174402,0,0.6450545662136961,0,0.5625573077620452
1,-0.06880294165063645,0,1,0,0,0,2,1,0,0,0.6412862628605602,0,0.6538831305578223,0,0.600329917471965,0,0.5038670077358227
1,0.09942089195983334,0,1,0,0,0,1,1,1,0,0.6946815297248101,0,0.7066030220080292,0,0.6607897582110875,0,0.6379516589650984
1,-0.23702677526110624,0,1,0,0,0,4,0,0,0,0.5065228371238364,0,0.5178161738670984,1,0.49030057302588625,1,0.4583795654729479
0,-1.0781459433134553,2,1,0,0,1,0,0,1,0,0.5073061182865081,1,0.44698100891253745,0,0.5923192631065015,0,0.6553553949686819
1,0.2676447255703031,0,1,0,0,0,0,1,0,0,0.7433101732741199,0,0.7543099817646293,0,0.7101377635440013,0,0.6541886350086095
1,-0.23702677526110624,0,1,0,0,0,2,1,0,0,0.621175146273045,0,0.6341947561135396,0,0.593562828606254,0,0.5309446882486257
1,1.192875810427887,1,0,0,0,0,0,0,0,0,0.7678294543117119,0,0.7804348493997917,0,0.6894446979016224,0,0.6933960948592444
1,-0.7416982760925156,0,1,0,0,0,1,1,1,0,0.5962916889160295,0,0.6105100832174402,0,0.6238700234005243,0,0.5403988493180407
1,2.2022188120907056,1,1,0,0,0,0,1,0,0,0.8696483308139109,0,0.8753112368111227,0,0.6795306992798607,0,0.7314205354805275
0,0.4358685591807729,0,1,0,0,0,0,0,0,0,0.7813489009442849,0,0.7393236309079043,0,0.6981799249579538,0,0.6517584995735615
1,-0.06880294165063645,0,1,0,0,0,7,0,1,1,0.41297045399833854,1,0.42226370072770525,1,0.23774839270053472,1,0.3815083624337111
0,-0.06880294165063645,0,0,0,0,0,1,0,0,0,0.6974671618239426,0,0.6520066830920647,0,0.6289134687678806,0,0.5752840250337601
1,-1.0781459433134553,2,1,0,0,1,1,1,1,1,0.43797229097117973,1,0.44902877142439335,0,0.5867840776208377,1,0.4924081717467941
1,-0.9099221097029854,2,1,0,0,0,2,1,1,1,0.457757676862963,1,0.4713027689778101,0,0.562550247447654,0,0.5583330258439491
1,-0.9940340265082203,2,1,0,0,0,0,1,0,0,0.5242036369474237,0,0.5389018618172834,0,0.7253322571749392,0,0.6223347338962109
1,1.865771144869766,1,1,0,0,0,0,0,0,0,0.8272200278192823,0,0.8336598604196939,0,0.700288002562065,0,0.6294957203067802
1,1.0246519768174172,1,0,0,0,0,5,1,0,0,0.6212804645279347,0,0.6371494111770974,1,0.47204896467095303,1,0.47651843209246336
1,-0.40525060887157605,0,1,0,0,0,3,0,1,0,0.5235863238200746,0,0.535512835716873,1,0.4974241482946882,0,0.5315827278124106
1,-0.15291485845587136,0,1,2,0,0,8,0,1,1,0.29772863076307676,1,0.3005937540905429,1,0.3680360176771932,1,0.4718536820484265
1,-0.6575863592872807,0,0,0,0,0,2,0,0,0,0.5237880561004069,0,0.5424819384320603,0,0.5862688871419737,1,0.38780076185812906
0,0.015308975154598439,0,1,0,0,0,0,1,0,0,0.7714454391367986,0,0.7296577940318771,0,0.6459976985865259,0,0.7585447574961195
1,0.8564281432069474,1,1,0,0,0,3,0,0,0,0.6418435679643366,0,0.6515202784546765,1,0.4752473494663161,0,0.5900720708674636
1,-0.32113869206634116,0,0,0,0,0,3,1,0,0,0.5676551618582226,0,0.5867177953050966,0,0.5350539534208861,1,0.4652671482750529
1,-1.246369776923925,2,0,0,0,2,1,0,1,1,0.3390709133050559,1,0.350613634988999,0,0.590664596322299,0,0.5558418984101088
1,1.192875810427887,1,1,0,0,0,2,0,0,0,0.7131912011928989,0,0.7220023844424047,0,0.628101202614844,0,0.5541387836112754
0,-0.7416982760925156,0,1,0,0,0,1,0,0,0,0.6257260662658455,0,0.5705959553813121,0,0.6016884049512969,0,0.6733382829740164
1,-0.7416982760925156,0,1,0,0,0,1,1,1,0,0.5962916889160295,0,0.6105100832174402,0,0.5929027281031309,0,0.5823009429868458
1,2.3704426457011754,1,1,0,0,0,1,0,0,0,0.8416496076698018,0,0.8471717805018558,0,0.6032550951849862,0,0.5574472621427905
1,-0.8258101928977505,0,1,0,0,0,9,0,1,1,0.2592206487251947,1,0.2662347059547425,1,0.22632172095434844,1,0.37584129376408104
1,2.8751141465325847,1,1,0,0,0,0,1,0,0,0.9040885190879622,0,0.9082412573752969,0,0.7096161405089243,0,0.6343374464071276
0,2.538666479311645,1,1,0,0,0,0,0,0,0,0.899760350838577,0,0.8760320099006771,0,0.6541649874255206,0,0.6825094639162296
0,-0.32113869206634116,0,1,0,0,0,0,1,1,0,0.7395568747253225,0,0.6944682656697194,0,0.7257370283221829,0,0.5591460555947264
1,1.108763893622652,1,0,0,0,0,1,0,1,0,0.7306956080125684,0,0.744285007398878,0,0.6687547102067952,0,0.6218654787265208
1,1.4452115608435916,1,0,0,0,0,2,1,0,0,0.764087468707281,0,0.7770288996981625,0,0.6025306043769545,0,0.6400708222824348
0,1.108763893622652,1,1,0,0,0,0,1,0,0,0.8346624463317883,0,0.8006604801911454,0,0.6607938299203144,0,0.710496545132119
1,2.2022188120907056,1,1,0,0,0,20,1,1,1,0.23203767380564289,1,0.23341908327243865,1,0.29879749375948994,1,0.29102443572489534
1,-0.8258101928977505,0,1,0,0,1,5,0,1,1,0.35906389574934916,1,0.3665805193990661,1,0.4530383811129044,0,0.5016258226261996
0,0.6882043095964776,0,1,0,0,0,2,1,0,0,0.7777617458323253,0,0.7354960914123503,0,0.5620193398755053,0,0.5487570892930032
1,-1.1622578601186901,2,1,0,0,0,1,0,0,1,0.42476722655078725,1,0.4373210780583989,0,0.642400138956533,0,0.5768030050526549
0,-0.5734744424820458,0,0,0,0,0,0,0,0,0,0.6749728692374037,0,0.6288002582804556,0,0.6513758419111852,0,0.6430059039560458
1,-0.7416982760925156,0,1,0,0,0,4,0,0,1,0.44197667999604273,1,0.45353532927162454,1,0.4371545725874786,0,0.5322712362296527
1,1.4452115608435916,1,1,0,0,0,20,0,0,1,0.14872041009040082,1,0.14920936531960238,1,0.23095598123772598,1,0.3202011962699466
1,-0.40525060887157605,0,1,0,0,0,3,1,0,0,0.5630112751738336,0,0.5762663080478296,0,0.5146093128228257,0,0.5902191212025301
0,0.015308975154598439,0,1,0,0,0,12,1,0,1,0.345172997141011,1,0.2911446886220844,1,0.2027177739298497,1,0.404301396682483
1,-1.246369776923925,2,1,1,1,1,4,0,1,1,0.24587353109526167,1,0.24953056862114287,0,0.5074520470509292,1,0.47970903502195916
1,-0.15291485845587136,0,0,0,0,0,5,0,1,1,0.4725916253041962,1,0.4893391815345651,1,0.3835312465208325,1,0.4273805341856016
0,-0.32113869206634116,0,1,0,0,0,0,0,1,0,0.7077931170819969,0,0.6583430604105753,0,0.672784226666909,0,0.8156310414832877
1,1.192875810427887,1,1,0,0,0,1,1,0,0,0.7728800110417963,0,0.7818504883229763,0,0.5985534539792312,0,0.6273327835099609
1,-0.7416982760925156,0,1,1,2,0,9,0,1,1,0.23575836639082914,1,0.23960727189022035,1,0.3568570943802355,0,0.5325074675927424
1,-0.7416982760925156,0,1,0,0,0,2,0,1,0,0.5190721811409387,0,0.531804467790273,0,0.5854193945533335,0,0.5828536758778446
1,1.2769877272331218,1,0,0,0,0,1,0,0,0,0.7473572371395091,0,0.7602877336302403,0,0.6711076840662693,0,0.705728945167722
1,-1.0781459433134553,2,1,0,0,0,3,0,0,1,0.3613529486922402,1,0.37217920288202344,0,0.5098725074803612,0,0.5434798915155632
1,-1.1622578601186901,2,1,0,0,0,0,1,1,0,0.5026195062821728,0,0.5174992137770287,0,0.6524837246759412,0,0.6023545338909666
1,-1.1622578601186901,2,0,0,0,1,1,1,0,1,0.4214291582672003,1,0.4384280501969188,0,0.5991941814474646,0,0.5217594825815508
0,-0.32113869206634116,0,0,0,0,0,1,1,1,0,0.7036258897310296,0,0.6602031472071483,0,0.6520611679250699,0,0.5895124454815206
1,0.351756642375538,0,0,0,0,0,0,0,0,0,0.7156868476233936,0,0.730961740524231,0,0.6661434424141559,0,0.6462486843246855
1,-0.48936252567681093,0,1,0,0,0,0,1,0,0,0.662485515826275,0,0.6759443948719517,0,0.6782408212079758,0,0.6677526748906109
1,-0.7416982760925156,0,1,0,0,0,4,0,0,1,0.44197667999604273,1,0.45353532927162454,1,0.49404396159884956,1,0.47020699776928165
1,-0.48936252567681093,0,0,0,0,0,2,1,1,0,0.5843394590506735,0,0.6038204428872949,0,0.5689669012825719,0,0.5488902146018462
1,1.5293234776488265,1,0,0,0,0,0,1,0,0,0.8216983577781047,0,0.8327397650078537,0,0.6693531819650964,0,0.7121710885183751
1,1.5293234776488265,1,1,0,0,0,9,0,1,0,0.500153801182232,0,0.5069890204140468,1,0.22332710308358084,1,0.46661492725362685
1,-0.48936252567681093,0,0,0,0,0,0,1,0,0,0.6570290647765678,0,0.6759443948719517,0,0.6913301271464515,0,0.7716385467946709
0,2.2863307288959405,1,0,0,0,0,2,0,1,0,0.8495619254202309,0,0.8194679853349028,0,0.5752854976648688,0,0.5407796757913554
0,-0.32113869206634116,0,1,0,0,0,1,1,1,0,0.7086697227424814,0,0.6602031472071483,0,0.6143001800795782,0,0.5921594689267702
1,-0.06880294165063645,0,1,2,1,3,21,0,1,1,0.03629788373072795,1,0.034477441112826135,1,0.15162873745483563,1,0.2795356853180264
1,-0.5734744424820458,0,0,0,0,0,1,1,0,0,0.6111483399263606,0,0.6307309689391122,0,0.7051341578488302,0,0.6456032137650627
1,0.2676447255703031,0,1,0,0,0,4,1,0,0,0.609284628117494,0,0.6210859392286765,1,0.4439535347089075,1,0.4706106231981587
1,-1.1622578601186901,2,1,0,0,1,0,0,0,1,0.42632922784645466,1,0.4363903413427195,0,0.6806467069966179,0,0.6482585441839178
1,-0.7416982760925156,0,1,0,0,0,0,1,1,0,0.6329218155321803,0,0.6471077412437185,0,0.6799242466323041,0,0.7329927762618178
1,-1.0781459433134553,2,1,0,0,0,0,0,1,1,0.4737011190787126,1,0.48695302001267415,0,0.6763230274337867,0,0.5560050508089374
1,-0.7416982760925156,0,0,0,0,0,3,0,1,1,0.4743433895075535,1,0.49262470728724395,0,0.5037901285621506,0,0.5303278763827891
1,-0.5734744424820458,0,0,0,0,0,0,0,1,0,0.6101397245782458,0,0.6288002582804556,0,0.6657364766388834,0,0.7438780853137745
0,-1.1622578601186901,2,0,0,0,0,1,0,0,1,0.4888326254761526,1,0.4373210780583989,0,0.6222591652504781,0,0.633235787408136
1,1.2769877272331218,1,0,0,0,0,1,0,0,0,0.7473572371395091,0,0.7602877336302403,0,0.6462685089973568,0,0.6117690485010343
1,2.2022188120907056,1,0,0,0,0,0,1,0,0,0.8668679594001086,0,0.8753112368111227,0,0.6688335421350813,0,0.6202762348584863
1,1.2769877272331218,1,1,0,0,0,3,1,0,0,0.7227977446734124,0,0.7321670189362388,0,0.5078098424052125,1,0.4518841207757436
1,0.5199804759860078,0,1,0,0,0,4,0,0,0,0.6022736063018157,0,0.612499724184296,1,0.4830764994803145,1,0.48295842747923823
1,2.2863307288959405,1,0,0,0,0,3,1,0,0,0.8103901470472724,0,0.8206897811350108,0,0.5695200602522568,1,0.44544863209462127
0,1.192875810427887,1,0,0,0,0,0,0,0,0,0.8144153964287058,0,0.7804348493997917,0,0.6882668284365638,0,0.7600249703329098
1,2.3704426457011754,1,0,0,0,0,2,0,0,0,0.8163049750137147,0,0.8257348553019423,0,0.554257588230874,0,0.6849212485357868
1,0.18353280876506822,0,1,0,0,0,4,0,0,0,0.5602368153942674,0,0.5710258173407993,1,0.4625218680187908,0,0.5470793871700466
1,-1.246369776923925,2,0,0,0,0,0,1,0,1,0.48574494524501854,0,0.5067688100149533,0,0.6511003016488127,0,0.6921893281344842
1,0.8564281432069474,1,0,0,0,0,1,1,0,0,0.7364335171580765,0,0.7511375813480149,0,0.6295770200844916,0,0.524478935300649
1,-0.06880294165063645,0,0,0,0,0,1,0,0,0,0.6346925424002356,0,0.6520066830920647,0,0.6006770906124362,0,0.6221855476570878
1,-0.48936252567681093,0,1,0,0,0,11,0,1,1,0.2338553431024536,1,0.2394307285838394,1,0.35106531700616417,1,0.29173183061299723
1,0.351756642375538,0,1,0,0,0,0,1,0,0,0.7514668835714513,0,0.762182292074459,0,0.6610661533810981,0,0.7333971903583099
1,0.8564281432069474,1,1,0,0,0,17,0,1,1,0.17038361258075618,1,0.17210579288625472,1,0.23910761444845618,1,0.35964915860856583
1,0.4358685591807729,0,1,0,0,0,1,0,0,0,0.6976106111542377,0,0.7079736639271585,0,0.6287202316694551,0,0.5800044173061117
1,-0.7416982760925156,0,1,0,0,0,0,1,0,0,0.6329218155321803,0,0.6471077412437185,0,0.6598648828821503,0,0.659491649036434
1,1.865771144869766,1,0,0,0,0,21,1,1,1,0.17527300137663593,1,0.17978685863910937,1,0.15912858845528244,1,0.3499820114002753
1,1.865771144869766,1,1,0,0,0,19,0,0,1,0.2019892747803489,1,0.20275242116083148,1,0.4111943046040958,1,0.3504497803426583
1,-0.40525060887157605,0,0,0,0,0,0,1,0,0,0.6666980983574842,0,0.6852800208906129,0,0.644240074496508,0,0.6293399971247926
0,-0.06880294165063645,0,0,0,0,0,1,0,1,0,0.6974671618239426,0,0.6520066830920647,0,0.636875877941004,0,0.7040320598490346
1,-1.1622578601186901,2,1,0,0,2,1,0,1,1,0.3543611991172886,1,0.3604539451301647,0,0.5297295681293244,1,0.4338372106620765
1,-0.9940340265082203,2,0,0,0,0,4,1,1,1,0.36671020520933917,1,0.3842257533003005,0,0.5545438306943641,1,0.38365719827337896
1,-0.06880294165063645,0,1,0,6,1,19,1,0,1,0.09596229868984785,1,0.09561646266594104,1,0.35720365842893487,1,0.37312116960175223
1,2.8751141465325847,1,1,0,0,0,3,0,0,0,0.8348393405759732,0,0.8397667964891636,0,0.5650960727185743,1,0.43947874101868967
1,-0.8258101928977505,0,1,0,0,0,7,0,0,1,0.3228830559304664,1,0.3318067770127133,1,0.4259943496597508,1,0.4278311696300442
1,0.6882043095964776,0,0,0,0,0,8,0,1,1,0.464587683810063,1,0.4790513558685412,1,0.4331110933478086,0,0.5008310462771358
0,-1.0781459433134553,2,1,0,0,0,1,0,0,0,0.5057089690775259,1,0.44791638228282615,0,0.6804748869677318,0,0.6650931153492096
1,-0.5734744424820458,0,1,0,0,0,6,0,0,1,0.38788746937098173,1,0.3978849318130724,1,0.422046944365592,1,0.43635418438251017
1,-0.32113869206634116,0,1,0,0,0,9,1,1,1,0.3471002774183203,1,0.3564178763248056,1,0.35992587068001913,1,0.3796769344888682
1,1.192875810427887,1,1,0,0,0,0,1,0,0,0.7988914139635938,0,0.8074267981930486,0,0.6369912553498855,0,0.7380077913802316
1,0.015308975154598439,0,0,0,0,0,3,1,1,0,0.6094771382106866,0,0.627663815176016,0,0.5426239297669002,1,0.4975580106179691
1,0.5199804759860078,0,1,0,0,0,0,0,0,0,0.7376686424105913,0,0.747515398914476,0,0.6535515190554785,0,0.7228510535469163
1,2.706890312922115,1,0,0,0,0,0,1,0,0,0.8940487962007506,0,0.9008272431947911,0,0.6300844975366082,0,0.7701325923480546
1,-0.32113869206634116,0,1,0,0,0,10,0,1,1,0.2797863923395748,1,0.28638373089753855,1,0.28006120760284514,1,0.29600026744707264
1,-0.48936252567681093,0,1,1,2,0,6,0,1,1,0.35841404704102264,1,0.36463364958550804,1,0.4830504936521507,0,0.6227100332943238
1,-0.06880294165063645,0,0,0,0,0,5,1,0,0,0.5230934227439541,0,0.5412740178973131,1,0.4333020188971519,1,0.4818503852508984
1,-0.06880294165063645,0,1,0,0,0,3,0,0,0,0.566415124776745,0,0.5778820927985364,0,0.545912988261859,1,0.494286080151528
1,1.4452115608435916,1,0,0,0,0,16,0,1,1,0.24048151092838954,1,0.24726680498541542,1,0.48909682137704724,1,0.31190394128218546
1,-0.9099221097029854,2,0,0,0,0,2,1,0,1,0.45173060740470217,1,0.4713027689778101,0,0.568603704028622,0,0.5030154830744423
1,-1.1622578601186901,2,1,0,0,1,1,0,0,1,0.38898553486695964,1,0.3982605812848884,0,0.5813602959518607,0,0.5446480527980386
1,-0.9099221097029854,2,0,0,0,0,0,0,0,1,0.4892046130692518,0,0.5084235412095071,0,0.6967802570146542,0,0.70238765624241
1,-1.1622578601186901,2,1,0,0,2,1,0,0,1,0.3543611991172886,1,0.3604539451301647,0,0.5848473787784174,0,0.5010755676799337
1,0.6882043095964776,0,1,0,0,0,0,1,0,0,0.7823263992226451,0,0.7919097500681795,0,0.7259671437892377,0,0.8270765032358243
1,-0.7416982760925156,0,1,0,0,0,0,1,0,0,0.6329218155321803,0,0.6471077412437185,0,0.703905504210361,0,0.6056742952301395
1,-0.9940340265082203,2,1,0,0,1,5,0,1,1,0.2720780015901466,1,0.2780020995927186,1,0.44849965819648885,1,0.38263427008720385
1,-0.40525060887157605,0,0,0,0,0,9,1,1,1,0.33196220528679854,1,0.3466280313646536,1,0.30418619987626616,1,0.3004243010297776
1,-1.1622578601186901,2,1,0,0,0,0,0,1,1,0.46294337967413135,1,0.47623084679934535,0,0.6974652178511194,0,0.6782845723862172
1,-0.9099221097029854,2,1,0,1,0,4,0,1,1,0.3440438839669451,1,0.3536404086967264,0,0.5463214943654948,1,0.4247513583665168
1,1.108763893622652,1,1,0,0,0,1,1,0,0,0.7652064898224339,0,0.7744365621944224,0,0.5942659651441107,0,0.6124780674497363
1,-0.8258101928977505,0,1,0,1,0,21,0,1,1,0.05144898317442659,1,0.05187107826667836,1,0.1858385935315946,1,0.2980147350925135
1,1.949883061675001,1,1,0,0,0,1,1,0,0,0.8338967541657957,0,0.840642975250286,0,0.6007005514000898,0,0.5339966211577142
1,0.18353280876506822,0,1,0,0,0,1,0,0,0,0.6695891197586467,0,0.6806405829689544,0,0.6046655667358707,0,0.564861108271126
1,0.18353280876506822,0,0,0,0,0,2,0,1,0,0.6288496319206881,0,0.6456160489060585,0,0.6087367438995601,0,0.5021986712029717
1,-0.32113869206634116,0,1,0,0,0,1,1,0,0,0.6470432767724044,0,0.6602031472071483,0,0.6426418144033433,0,0.6618727578119954
1,-1.1622578601186901,2,0,0,0,0,0,0,1,1,0.45690556485728295,1,0.47623084679934535,0,0.68705893969138,0,0.6921259945569751
0,1.7816592280645311,1,1,0,0,0,1,0,1,0,0.8390228150357377,0,0.8040731721201971,0,0.6821384906110572,0,0.6851494788297724
1,-1.246369776923925,2,1,0,0,2,0,0,1,1,0.38027176850385824,1,0.38711634931359695,0,0.5737236458181787,0,0.5713100453667199
0,-0.9940340265082203,2,1,0,0,0,1,0,0,0,0.5165047378526448,1,0.45855918708141097,0,0.624858903968317,0,0.7367879771267525
0,-0.23702677526110624,0,0,0,0,1,4,0,0,0,0.5340234289150569,1,0.47766946820410594,1,0.48397676243440324,1,0.27207081705442937
1,-0.6575863592872807,0,1,0,0,0,3,1,1,0,0.5309040634731684,0,0.5445364119246359,1,0.4834605693433891,1,0.45775911870493935
1,-0.15291485845587136,0,1,0,0,0,3,1,0,0,0.5945989914103096,0,0.6073795239129554,0,0.5197310934708432,1,0.46541877946132737
1,-0.23702677526110624,0,1,0,1,0,14,0,0,1,0.17817526225863534,1,0.1814080326801939,1,0.2676861786882817,1,0.39969018351617325
1,-0.8258101928977505,0,1,0,0,0,1,1,0,0,0.5858489589459552,0,0.6002503329549326,0,0.6137597936129642,0,0.6696291737225939
1,-0.9099221097029854,2,1,0,0,0,1,0,1,1,0.45670488775001983,1,0.4692399382088669,0,0.6438262546232213,0,0.5563286980142998
1,-0.6575863592872807,0,1,0,0,0,1,0,0,0,0.5681400301993632,0,0.58108563214473,0,0.6082153170662816,0,0.6375848574329117
0,1.4452115608435916,1,0,0,0,0,6,0,0,0,0.6637765828382596,0,0.6119909607512155,1,0.41753305987752853,1,0.3329375338244711
1,-1.0781459433134553,2,1,0,0,0,0,0,1,1,0.4737011190787126,1,0.48695302001267415,0,0.6553679683387303,0,0.7353989908165233
0,-0.40525060887157605,0,1,0,0,0,1,0,0,0,0.6652433396211056,0,0.612083189052065,0,0.6260854963807875,0,0.6556268291098781
1,-0.48936252567681093,0,0,0,0,0,4,1,1,0,0.5077853131835228,0,0.526879805358419,1,0.46438779574234046,1,0.4598561688104279
1,-0.23702677526110624,0,1,0,0,0,1,1,1,0,0.6568467977014469,0,0.6697707104441923,0,0.6366995239891362,0,0.577352385763144
1,0.18353280876506822,0,0,1,6,0,13,0,0,1,0.20196183712464366,1,0.206398531427036,1,0.3141462958145259,1,0.46484196021440394
1,1.3610996440383567,1,0,0,0,0,6,1,1,0,0.6255273554164548,0,0.6405872999576121,1,0.4363072256603422,1,0.40715912909614205
1,-0.9099221097029854,2,1,0,0,0,0,1,0,0,0.5349669154219034,0,0.5495545699949304,0,0.6682897501308109,0,0.7174257305689465
1,1.949883061675001,1,0,0,0,0,3,0,1,0,0.7541270729046925,0,0.765676977506849,0,0.5095674436516165,1,0.4216718521505244
1,-0.48936252567681093,0,1,0,0,0,5,0,0,1,0.4357914628662515,1,0.4465935110760352,1,0.3971123822497593,1,0.454743918783703
1,3.548009480974464,1,0,0,0,0,1,1,0,0,0.9175948322723622,0,0.922659505603385,0,0.6640119126837428,0,0.5348864186978516
1,0.351756642375538,0,0,0,0,0,2,0,1,0,0.6487836844290468,0,0.6650144036920154,0,0.5940065595444305,0,0.5616446130327697
1,-0.6575863592872807,0,0,0,1,3,6,0,0,1,0.2736354955189627,1,0.2791938873572102,1,0.25649467638371626,1,0.3948529255519757
1,-0.8258101928977505,0,1,0,0,0,0,1,1,0,0.6228272672865671,0,0.6372392041253423,0,0.6871526546063098,0,0.6654455914489104
1,0.2676447255703031,0,0,0,0,0,2,1,0,0,0.6746884856269662,0,0.691671720012631,0,0.6522327978554787,0,0.5936941677691463
0,-0.40525060887157605,0,1,0,0,0,2,0,0,0,0.629952797949933,0,0.5742430543449719,0,0.5788358951568149,0,0.530858214026106
1,-1.1622578601186901,2,1,0,0,0,1,0,0,1,0.42476722655078725,1,0.4373210780583989,0,0.6306195013449829,0,0.5988767582772846
1,-0.7416982760925156,0,0,0,0,0,7,0,1,1,0.3270285484855846,1,0.3413967477922216,1,0.2694208427181781,1,0.33785666931750435
1,0.6882043095964776,0,1,0,0,0,1,0,0,0,0.7242343786541845,0,0.7338820304130698,0,0.5764955514465079,0,0.5380774800678969
1,-0.23702677526110624,0,1,0,0,0,1,0,0,0,0.6201763751070994,0,0.6322715970959139,0,0.656335670150394,0,0.6294437514540363
1,-0.48936252567681093,0,1,0,0,0,0,0,1,0,0.6260746366430026,0,0.6387682303183391,0,0.6830971886083995,0,0.695710817578793
1,-0.9099221097029854,2,1,0,0,0,1,1,1,1,0.4963404796043144,0,0.5104929495659746,0,0.611865757476392,0,0.6724392096006385
1,-0.8258101928977505,0,1,0,0,0,0,0,0,0,0.584819301490122,0,0.5982617626367164,0,0.6270015293306902,0,0.789662305050242
1,-0.23702677526110624,0,0,0,0,0,0,1,1,0,0.6856156216989834,0,0.7035043220682677,0,0.7016044492358972,0,0.6962458529240817
1,-1.246369776923925,2,0,0,0,0,0,1,0,1,0.48574494524501854,0,0.5067688100149533,0,0.6824295234912907,0,0.7143359709578301
1,-0.9940340265082203,2,1,0,0,1,10,0,1,1,0.14706877577535227,1,0.14945786276616801,1,0.4140770731561052,1,0.35130619252799855
1,-0.9940340265082203,2,1,0,0,0,3,0,0,1,0.3713824377390923,1,0.38226847939304465,0,0.5241924430604293,0,0.5710955262399025
1,0.6882043095964776,0,0,0,0,0,0,0,0,0,0.7495081367370615,0,0.7633802356750012,0,0.6816782048908304,0,0.7057885373248171
1,-1.0781459433134553,2,1,0,0,1,1,0,1,1,0.39930245349148585,1,0.408596740675887,0,0.5599665008894237,0,0.5171033726717726
0,0.18353280876506822,0,1,0,0,0,0,0,0,0,0.7583997738945042,0,0.7137383935621675,0,0.7323923672897329,1,0.49816610184952337
1,-0.06880294165063645,0,1,0,0,0,1,0,0,0,0.640309811805903,0,0.6520066830920647,0,0.6154364170570865,0,0.6092981440217027
1,-0.40525060887157605,0,0,0,0,0,2,0,0,0,0.5559749710907466,0,0.5742430543449719,0,0.5771930265872045,0,0.5214749567770987
1,-0.7416982760925156,0,1,1,1,0,10,0,1,1,0.21026879585926173,1,0.21374003755057025,1,0.4178272275250603,1,0.4873023628125036
0,1.3610996440383567,1,1,0,0,0,1,1,0,0,0.8311671519246168,0,0.7961462365876255,0,0.6010807025028101,0,0.6292430864193704
1,1.5293234776488265,1,0,0,0,0,1,1,0,0,0.7978905315931422,0,0.8097331387218702,0,0.6183192943468663,0,0.6218614028723487
1,-0.32113869206634116,0,1,0,0,0,4,0,0,1,0.4957217923641829,0,0.5070861049846824,1,0.4725654770359651,1,0.4642301883642156
1,-1.1622578601186901,2,1,0,0,0,1,0,1,1,0.42476722655078725,1,0.4373210780583989,0,0.6200625071184848,0,0.6176029954694414
1,0.18353280876506822,0,1,0,0,0,3,0,1,0,0.597932505369662,0,0.6089571750266718,0,0.556493606250271,1,0.4935666729866005
1,1.5293234776488265,1,0,0,0,0,3,0,1,0,0.7119176062679884,0,0.7249833349171866,0,0.5698340861786082,0,0.5159122927977082
1,1.2769877272331218,1,0,0,0,0,0,1,0,0,0.801910554527977,0,0.8140167927083412,0,0.6760303360562949,0,0.6729778260908353
1,-0.06880294165063645,0,1,0,0,0,22,0,0,1,0.06460243575579283,1,0.06495589448597328,1,0.2302832981741053,1,0.34481591062963757
1,-0.48936252567681093,0,1,0,0,0,4,0,0,1,0.47414174001230547,1,0.48561626858045315,0,0.5186534464456951,1,0.42731879584483445
1,-0.6575863592872807,0,1,0,0,1,8,0,1,1,0.2774348724326938,1,0.28258053540197003,1,0.30343339790834944,1,0.3743763155381119
1,-0.7416982760925156,0,0,0,0,0,3,0,1,1,0.4743433895075535,1,0.49262470728724395,0,0.53873704566981,1,0.4327646108484394
1,-0.9099221097029854,2,0,0,0,0,3,0,1,1,0.37580501957487,1,0.3924602894181811,0,0.5442851778295374,0,0.5831734288648327
1,1.3610996440383567,1,0,0,0,0,0,1,0,0,0.8086844259691046,0,0.8204314263569278,0,0.6376375868293176,0,0.6655249236425809
1,-0.15291485845587136,0,1,0,0,0,16,1,1,1,0.16403039047626045,1,0.1675207723896578,1,0.12932686461159149,1,0.3111806523694428
0,0.4358685591807729,0,1,0,0,0,2,1,0,0,0.754554389148535,0,0.7096827015066953,0,0.6022541762654241,0,0.5638909145198094
0,1.5293234776488265,1,1,0,0,0,10,0,1,0,0.5321418076115727,1,0.4678107623804669,1,0.2756726452974708,1,0.4428997311289826
1,-0.15291485845587136,0,1,0,0,2,9,1,1,1,0.3010952729773346,1,0.3044064712599637,1,0.37106499889313416,1,0.34514633614784196
1,-1.1622578601186901,2,1,0,0,0,0,0,1,1,0.46294337967413135,1,0.47623084679934535,0,0.6578117550970546,0,0.6503615452921919
1,-0.9940340265082203,2,1,0,1,2,2,0,1,1,0.33721020942580504,1,0.34218087751640847,0,0.5379549268318631,0,0.5088835984226902
1,-0.8258101928977505,0,1,0,0,0,2,0,0,0,0.508279163156644,0,0.5210977918313633,0,0.5849436101169574,0,0.592515910276844
1,1.2769877272331218,1,0,0,0,0,1,0,0,0,0.7473572371395091,0,0.7602877336302403,0,0.6570945266904827,0,0.6152211860244109
1,-0.8258101928977505,0,1,0,0,0,1,1,1,0,0.5858489589459552,0,0.6002503329549326,0,0.6201069669950448,0,0.5899387309096626
1,1.949883061675001,1,0,0,0,0,0,1,0,0,0.8511851828552942,0,0.8605556994424445,0,0.637104750837781,0,0.6812374433236905
1,1.108763893622652,1,1,0,0,0,4,0,0,0,0.6360494475328604,0,0.6451255735741211,1,0.47729309621705474,1,0.38936480282674735
1,-0.9099221097029854,2,1,0,0,0,2,0,1,1,0.41864216478838967,1,0.4304319558292353,0,0.5772015189708507,1,0.4572757753647161
1,-0.9940340265082203,2,1,0,0,0,0,0,0,1,0.4844833299075436,1,0.4976872144328115,0,0.6882935344827541,0,0.7054306576741209
1,-0.5734744424820458,0,1,0,0,0,5,0,1,1,0.42519910392567073,1,0.4360047861898768,1,0.4146518116098318,1,0.45979604096477156
1,-0.32113869206634116,0,1,0,1,0,19,0,1,1,0.08741303080006702,1,0.08832572375039749,1,0.3298418725160972,1,0.3445133862111216
1,2.1181068952854707,1,1,0,0,0,1,1,0,0,0.8455232667095554,0,0.8518161576032083,0,0.6187056480012572,0,0.6023931794241786
1,2.2022188120907056,1,1,0,0,0,25,0,0,1,0.10626329411642266,1,0.10538770476532433,1,0.31453560659125746,1,0.34566458871736083
1,-0.8258101928977505,0,1,0,0,2,8,0,1,1,0.23290526751351504,1,0.23536327254860323,1,0.31690873995495794,1,0.4029893105175699
1,-0.9099221097029854,2,0,0,0,0,0,0,0,1,0.4892046130692518,0,0.5084235412095071,0,0.7006425297559828,0,0.7747888241222991
1,-0.7416982760925156,0,1,0,0,0,4,0,1,1,0.44197667999604273,1,0.45353532927162454,1,0.45620245028650275,1,0.4820750146784606
0,-0.15291485845587136,0,0,0,0,0,5,1,1,0,0.5822696773067355,0,0.5305927499093057,1,0.46867380657685287,1,0.4463174534500114
1,-1.0781459433134553,2,0,0,0,0,1,0,0,1,0.4293912884812998,1,0.44791638228282615,0,0.6930111986629814,0,0.6602595670894892
1,-0.8258101928977505,0,0,0,0,0,2,0,1,0,0.502202975745663,0,0.5210977918313633,0,0.5734081520924119,0,0.527201196227062
1,-0.48936252567681093,0,1,0,0,0,0,1,1,0,0.662485515826275,0,0.6759443948719517,0,0.6904683158884509,0,0.7242727832982152
1,-0.9099221097029854,2,1,0,0,1,1,0,1,1,0.4201980955613096,1,0.4295046892766199,0,0.6075550921399138,0,0.579180193713067
1,2.1181068952854707,1,1,0,0,0,15,0,1,1,0.348565560733184,1,0.3514295799521342,1,0.2724904650694421,1,0.24982385633331006
0,0.015308975154598439,0,1,0,0,0,4,0,0,0,0.6079195050353762,0,0.5498687888192472,0,0.5374694680783695,1,0.3884406900249948
0,0.2676447255703031,0,1,0,0,0,7,0,1,0,0.525973963593118,1,0.4646358255506754,1,0.4437752126712934,1,0.3858393109386268
0,1.2769877272331218,1,0,0,0,0,1,1,0,0,0.821480148244544,0,0.7890870959269506,0,0.6546105612912287,0,0.5488959747840934
1,1.0246519768174172,1,0,0,0,0,2,0,1,0,0.6900202319021745,0,0.7044373939360173,0,0.5778728384497704,0,0.508083572955397
1,-0.40525060887157605,0,0,0,1,0,4,1,1,0,0.5167049040892064,0,0.5352841324708767,0,0.5486476876420913,1,0.4905170144742812
0,0.351756642375538,0,1,0,0,2,10,0,1,1,0.3512159675730101,1,0.2909494685127836,1,0.19309978413537343,1,0.3179694542528563
0,0.6882043095964776,0,0,0,0,0,0,0,0,0,0.7988070441635856,0,0.7633802356750012,0,0.6820478231582816,0,0.6913486642818607
1,0.4358685591807729,0,1,1,0,0,15,0,0,1,0.18473527955103752,1,0.18595469053452718,1,0.29837011424434656,1,0.4444721686364762
1,-1.246369776923925,2,1,0,0,0,0,1,1,1,0.49181874124668823,0,0.5067688100149533,0,0.6770014446413314,0,0.7271105831436021
1,-1.0781459433134553,2,1,0,0,0,0,1,1,0,0.513417827143781,0,0.5282135029128056,0,0.6751756380663787,0,0.7489678104315303
0,-1.246369776923925,2,1,1,0,0,1,0,1,1,0.4457582799315074,1,0.3868526378285675,0,0.7111392297081762,0,0.6457613101201483
1,1.3610996440383567,1,0,0,0,0,3,1,1,0,0.7265682535585527,0,0.740504747258411,0,0.5435645559480509,1,0.4533805143334938
1,-0.48936252567681093,0,0,0,0,0,2,0,1,0,0.5452846338467986,0,0.5637106828815812,0,0.6055698649230044,0,0.6670033809611384
1,2.3704426457011754,1,1,0,0,0,2,1,0,0,0.8422141696639196,0,0.8482408060588549,0,0.6001673934410809,0,0.5183039102563906
1,-0.32113869206634116,0,1,0,0,0,3,0,0,0,0.5343511621754418,0,0.5461779050247519,0,0.5187692145721716,0,0.5576096843556748
1,0.18353280876506822,0,1,0,0,0,8,0,0,1,0.4068951728430189,1,0.41543664891801935,1,0.41748236728562227,1,0.4308487291778814
1,-0.9099221097029854,2,1,0,0,0,0,1,1,0,0.5349669154219034,0,0.5495545699949304,0,0.635999766942084,0,0.7085722672842347
1,-0.7416982760925156,0,1,0,0,0,2,0,0,0,0.5190721811409387,0,0.531804467790273,0,0.6164303177718716,0,0.5938001438490985
1,-0.40525060887157605,0,1,0,0,0,1,0,0,0,0.5996206564946571,0,0.612083189052065,0,0.6283003191437774,0,0.6029674623891358
1,-0.9940340265082203,2,0,0,0,1,10,0,0,1,0.14404570991720467,1,0.14945786276616801,1,0.3348867810459518,1,0.3552121685633347
1,-0.15291485845587136,0,1,0,0,0,2,0,1,0,0.5935759965102884,0,0.6054031041647567,0,0.5872807667651556,0,0.5775779584825229
1,-0.48936252567681093,0,1,0,0,0,1,1,0,0,0.6270672245435571,0,0.6406767219365062,0,0.690804764604774,0,0.6569882797934528
1,-0.9099221097029854,2,1,0,0,2,2,0,1,1,0.348636063034113,1,0.35401387138132545,1,0.4467890056040853,1,0.40047816046337936
1,-0.9940340265082203,2,1,0,0,0,6,0,1,1,0.2708143591675206,1,0.2787621067493872,1,0.3872572872712219,1,0.3872341802299625
1,0.6040923927912427,0,1,0,0,0,0,0,1,0,0.7459433486937885,0,0.7555348610540673,0,0.6508917807422657,0,0.6801444236930712
1,-0.9940340265082203,2,1,1,0,0,2,0,1,1,0.37149588244652587,1,0.38022131665230097,0,0.6171155687658262,0,0.5937750684697032
1,-1.0781459433134553,2,1,0,0,1,0,1,1,1,0.4763524524398235,1,0.4880766488511271,0,0.6650518383229378,0,0.6297837935156567
1,1.108763893622652,1,0,0,0,0,3,0,1,0,0.6656743946536061,0,0.6801745689489627,0,0.5615348276318716,0,0.5554692121909977
1,0.18353280876506822,0,0,0,0,0,11,0,1,1,0.2962275082963435,1,0.3074187868935059,1,0.29667546161029834,1,0.3857540038503715
0,0.18353280876506822,0,1,0,0,0,0,1,0,0,0.7863231717298624,0,0.7462638328180431,0,0.7237005522041018,0,0.6833231155356095
1,-0.7416982760925156,0,0,0,0,0,1,0,0,0,0.551504841761364,0,0.5705959553813121,0,0.591066117196918,0,0.5912558831303091
0,0.015308975154598439,0,0,0,0,0,0,0,1,0,0.7375370465406409,0,0.6958711971401408,0,0.6538278173350955,0,0.7386231098697358
1,0.351756642375538,0,1,0,0,0,21,0,1,1,0.09096122393064854,1,0.09151718345925608,1,0.19540287428503866,1,0.3714119425299248
0,-0.40525060887157605,0,1,0,0,0,0,1,1,0,0.7311491291616424,0,0.6852800208906129,0,0.6879519413984506,0,0.6998549704001757
1,-0.8258101928977505,0,1,0,0,0,4,0,1,1,0.4313489195063922,1,0.44291374238378667,0,0.5434373665480762,1,0.436703660814064
1,-0.40525060887157605,0,1,0,0,0,0,0,0,0,0.6361330485717032,0,0.6486181081869682,0,0.6342279344320138,0,0.7335880896449547
1,0.2676447255703031,0,1,0,0,0,1,1,0,0,0.7126952206432882,0,0.7240897203662806,0,0.5865408621075502,1,0.4900066465411407
1,-0.48936252567681093,0,1,0,0,0,5,0,0,1,0.4357914628662515,1,0.4465935110760352,0,0.5379496753451983,0,0.5135667570819397
1,-0.48936252567681093,0,1,0,0,0,1,0,1,0,0.5892047140539145,0,0.6018378517672069,0,0.6384571241763244,0,0.6039215497842324
1,-1.246369776923925,2,0,0,0,2,0,0,0,1,0.37456018982217865,1,0.38711634931359695,0,0.5314813141560392,0,0.5380751066377271
1,0.9405400600121823,1,1,0,0,1,15,0,1,1,0.20123707216678555,1,0.2018587225666476,1,0.2772928647269195,1,0.2572247930224525
0,-0.7416982760925156,0,1,0,0,0,1,1,0,0,0.6621525713686071,0,0.6105100832174402,0,0.6643062798393675,0,0.6991884332736061
1,0.9405400600121823,1,0,0,0,0,11,0,1,1,0.34624083562736574,1,0.3574455807616266,1,0.2520452791263773,1,0.45305367045981737
1,1.2769877272331218,1,0,0,0,0,10,0,0,1,0.42359189612712145,1,0.43590927546791125,1,0.30009086828244524,1,0.27900792990314327
1,-0.8258101928977505,0,1,0,0,0,0,0,1,0,0.584819301490122,0,0.5982617626367164,0,0.6588230959874731,0,0.6969467696991829
0,0.6882043095964776,0,0,0,0,0,3,1,1,0,0.7452862106644287,0,0.7038701847179937,0,0.5863297543675006,1,0.48430942437662816
1,-0.48936252567681093,0,1,0,0,0,1,1,0,0,0.6270672245435571,0,0.6406767219365062,0,0.6217111797148742,1,0.49373883819058606
0,-0.23702677526110624,0,1,0,0,0,5,0,0,0,0.5384793601874154,1,0.4786134820184428,1,0.41802096217546736,1,0.4874678729330566
0,0.7723162264017125,0,1,0,0,0,0,1,0,0,0.8327641923664109,0,0.7988984947108728,0,0.6856113355198351,0,0.6964280884239793
0,-0.15291485845587136,0,1,0,0,0,7,0,1,1,0.47201903428564806,1,0.4118225599827391,1,0.35187522330815246,1,0.3441539234933716
1,-0.7416982760925156,0,1,0,0,0,10,0,1,1,0.23838542887022585,1,0.24457554243205493,1,0.34859092405363934,1,0.40269618772670224
1,-0.9940340265082203,2,1,0,1,0,4,0,1,1,0.3343599952209799,1,0.3438860894137781,0,0.5292785382980134,0,0.5644977628208234
1,-0.48936252567681093,0,1,0,0,1,2,1,0,0,0.5539333195472804,0,0.5648164396831077,0,0.5260689628197865,1,0.4800109888769485
1,-0.48936252567681093,0,1,0,0,0,4,0,0,1,0.47414174001230547,1,0.48561626858045315,1,0.4690087879716023,0,0.5013855534238274
0,-0.15291485845587136,0,1,0,0,0,5,0,1,0,0.5491974193594474,1,0.4893391815345651,1,0.4560416701143285,1,0.42140511968726213
1,1.0246519768174172,1,0,0,0,0,3,0,0,0,0.6559909871729392,0,0.6707602593001574,1,0.4936085413864246,1,0.48016771056887864
1,2.1181068952854707,1,1,0,0,0,19,0,1,1,0.22369026994453067,1,0.22437786218708444,1,0.36719376102373635,1,0.17699809957905022
0,-0.23702677526110624,0,1,0,0,0,3,1,0,0,0.6508252529610512,0,0.5970917321781885,0,0.5502605042104134,0,0.5605896785350187
1,-0.7416982760925156,0,0,0,0,0,0,1,1,0,0.6272563331066788,0,0.6471077412437185,0,0.6894909538769499,0,0.7568125029085186
1,1.949883061675001,1,0,0,0,0,2,0,0,0,0.7816795155509912,0,0.7926466112290507,0,0.5815439619520781,1,0.49596240394627267
1,-1.0781459433134553,2,1,0,0,0,1,0,1,1,0.43535697547668917,1,0.44791638228282615,0,0.6767951808989698,0,0.6525646767097559
1,-0.06880294165063645,0,1,0,0,0,0,0,1,0,0.6751220163363949,0,0.6867061094508724,0,0.6901849703088717,0,0.7413209487348206
1,-0.7416982760925156,0,1,1,0,0,3,0,1,1,0.44209652313422665,1,0.45138539226646424,0,0.5771790200241326,1,0.46513485964758716
1,0.6882043095964776,0,1,0,0,0,0,0,1,0,0.7540440726705729,0,0.7633802356750012,0,0.7017768508229563,0,0.720581410703504
1,-1.1622578601186901,2,1,0,0,0,0,0,0,1,0.46294337967413135,1,0.47623084679934535,0,0.6748670539195997,0,0.6571276863398984
0,-0.6575863592872807,0,1,0,0,0,1,1,0,0,0.6717493260163302,0,0.6206729177025958,0,0.5576683689280824,0,0.5625621908791341
1,0.18353280876506822,0,1,0,0,0,3,1,1,0,0.6354882467938663,0,0.6475083261929695,0,0.5414309136590756,1,0.49285217107840773
1,-0.06880294165063645,0,1,0,0,0,3,1,0,0,0.6049698591827765,0,0.6175728753087133,0,0.5592757335016769,1,0.4579602630573798
1,0.8564281432069474,1,1,1,0,0,12,1,1,1,0.3090617424821894,1,0.3128760207746598,1,0.3631046928320435,1,0.32416741292830653
1,0.5199804759860078,0,1,0,0,0,31,0,1,1,0.022689786215763008,1,0.022350907476258675,1,0.2859493928223752,1,0.2559144424739922
1,-0.40525060887157605,0,0,0,0,0,9,0,1,1,0.2976945380676619,1,0.3102248891541719,1,0.2817770310801485,1,0.3462387619993129
1,0.015308975154598439,0,1,0,0,0,2,1,0,0,0.6511634794729348,0,0.6635379548504239,0,0.5999130115995127,0,0.581996462939117
1,-0.32113869206634116,0,0,0,0,0,0,0,0,0,0.6404960550967738,0,0.6583430604105753,0,0.6816971965646309,0,0.7741401013882383
1,0.2676447255703031,0,1,0,0,0,8,1,1,1,0.4564524652372056,1,0.46669621328645716,1,0.3429796471237254,1,0.3435909671718239
1,-1.0781459433134553,2,1,0,0,0,0,0,0,1,0.4737011190787126,1,0.48695302001267415,0,0.6596624554619566,0,0.7355488287746698
1,-0.9099221097029854,2,1,0,1,0,9,0,1,1,0.19481869071006053,1,0.1998005674718636,1,0.21741214194721592,1,0.4684440095506449
1,-1.0781459433134553,2,1,0,0,1,0,0,1,1,0.43692833963244937,1,0.44698100891253745,0,0.5770361103935231,0,0.6237572835037493
1,-0.8258101928977505,0,1,0,0,0,1,1,0,0,0.5858489589459552,0,0.6002503329549326,0,0.6631239566936338,0,0.7457550620536277
1,-0.9099221097029854,2,0,0,0,0,0,0,0,1,0.4892046130692518,0,0.5084235412095071,0,0.6138947442151621,0,0.7800597688674497
1,0.8564281432069474,1,1,0,0,0,8,0,1,1,0.45256837378945414,1,0.4603987671315227,1,0.2929881432329834,1,0.3769477268303144
1,0.18353280876506822,0,1,0,0,0,3,1,0,0,0.6354882467938663,0,0.6475083261929695,0,0.5901217719906856,0,0.5465911586316867
1,-0.6575863592872807,0,1,0,2,1,18,0,1,1,0.07449696675026751,1,0.0745349001475879,1,0.2788346784656798,1,0.390547945722474
0,0.6040923927912427,0,0,0,0,0,0,1,0,0,0.8167715660900476,0,0.784743570950292,0,0.7071145161245781,0,0.7117707527968649
1,-0.8258101928977505,0,0,0,0,0,2,1,1,0,0.5418490771920151,0,0.562081759822819,0,0.5430160310711369,0,0.5494321831741653
1,0.015308975154598439,0,1,0,0,0,8,1,1,1,0.4245186631738973,1,0.43480863378510093,1,0.2945475260531709,1,0.31067012047554454
1,-0.40525060887157605,0,1,0,0,0,3,0,1,0,0.5235863238200746,0,0.535512835716873,0,0.5090107611119282,0,0.5456572182156326
0,0.6040923927912427,0,1,0,0,0,1,0,0,0,0.7694524348735087,0,0.7254104166021818,0,0.595666643518362,1,0.48512720307602497
1,2.1181068952854707,1,1,0,0,0,1,1,1,0,0.8455232667095554,0,0.8518161576032083,0,0.624451932384537,0,0.604499985811399
0,0.6882043095964776,0,0,0,0,0,0,1,0,0,0.8231493239986842,0,0.7919097500681795,0,0.6788054064617184,0,0.5451618700907271
1,-0.15291485845587136,0,0,0,0,0,1,1,0,0,0.6610937550735851,0,0.6791997827525652,0,0.686347441080652,0,0.6883563749728
1,0.4358685591807729,0,1,0,0,0,0,0,0,0,0.7292222584783055,0,0.7393236309079043,0,0.6584389054021966,0,0.543062591420304
0,-0.40525060887157605,0,1,0,0,0,3,0,0,0,0.5932168148883519,0,0.535512835716873,0,0.5178249080808082,0,0.5057802521000803
0,0.2676447255703031,0,0,0,0,0,1,1,0,0,0.7626144177548404,0,0.7240897203662806,0,0.6289298431341186,0,0.6122027234225825
1,-0.5734744424820458,0,0,0,0,0,0,0,0,0,0.6101397245782458,0,0.6288002582804556,0,0.653275911180403,0,0.7378209811632787
0,-0.6575863592872807,0,1,0,0,0,2,1,0,0,0.63677016245125,0,0.5830999762086206,0,0.5668598363614806,0,0.6606374182555369
0,-0.7416982760925156,0,1,0,0,0,0,1,0,0,0.6958549051317173,0,0.6471077412437185,0,0.6619035134216222,0,0.6796913738661112
0,0.9405400600121823,1,1,0,0,0,2,0,1,0,0.7434884975711272,0,0.6954174624231633,0,0.5968229728966945,0,0.54945099762166
1,-0.9099221097029854,2,0,0,0,0,1,0,1,1,0.4506801589315428,1,0.4692399382088669,0,0.5841874374776237,0,0.6130002749507699
1,1.7816592280645311,1,0,0,0,0,3,0,0,0,0.7377552468202682,0,0.7499156844443466,0,0.5676038670659187,0,0.5109879689377632
0,-0.48936252567681093,0,1,0,0,0,0,1,1,0,0.7225717790312682,0,0.6759443948719517,0,0.6675708426404455,0,0.7209276705588955
1,0.18353280876506822,0,1,0,0,1,2,1,0,0,0.6369670867933925,0,0.6466443427592259,0,0.5857337734065057,0,0.5602402705003967
1,-0.48936252567681093,0,1,0,0,1,1,1,0,0,0.5917756189063953,0,0.602915045465202,0,0.5578109115116596,0,0.5533857706514825
1,-1.0781459433134553,2,0,0,0,0,5,1,1,1,0.32206522449193353,1,0.33816286571497056,1,0.3382525863648522,1,0.3982626569799794
1,0.8564281432069474,1,1,1,0,0,16,0,0,1,0.1704523073915133,1,0.17087279054680926,1,0.24211624609762172,1,0.3737261377584783
1,-0.15291485845587136,0,1,0,0,0,16,1,1,1,0.16403039047626045,1,0.1675207723896578,1,0.40013221620614603,1,0.38525703737725925
1,0.015308975154598439,0,0,0,0,0,2,0,0,0,0.6084669651531219,0,0.6257265840129254,0,0.6076307451249481,1,0.46168628743681583
1,-0.32113869206634116,0,1,0,0,0,5,1,0,1,0.4967822815619668,0,0.5091557080128744,1,0.3963163296359611,0,0.5727829445225028
1,-0.8258101928977505,0,1,0,0,0,5,0,1,1,0.39386741540480785,1,0.40462319761975385,1,0.41899389490854977,1,0.48758589115931605
1,1.4452115608435916,1,1,0,0,0,7,1,1,0,0.604883545392842,0,0.613955424674737,1,0.3213085519241691,1,0.43144821872172234
0,-1.0781459433134553,2,1,0,0,0,0,0,0,0,0.5442766091014355,1,0.48695302001267415,0,0.6880446757034511,0,0.599650844652931
0,1.7816592280645311,1,0,0,0,0,1,0,0,0,0.8357126126152397,0,0.8040731721201971,0,0.5694248441808241,0,0.6370847624800178
0,-0.15291485845587136,0,1,0,0,0,0,0,0,0,0.7253390838929885,0,0.6773928712958714,0,0.621099749793588,0,0.6340271979062801
0,0.351756642375538,0,0,0,0,0,2,0,1,0,0.7102423354640053,0,0.6650144036920154,0,0.577649672529954,0,0.546460656741206
1,0.4358685591807729,0,0,0,0,0,0,1,0,0,0.7549796258554464,0,0.7698793131719109,0,0.6636888661423127,0,0.6039745483860022
1,0.18353280876506822,0,0,0,0,0,3,0,0,0,0.5920750499650589,0,0.6089571750266718,0,0.5756380354696271,1,0.46533362300347614
1,-0.8258101928977505,0,0,0,2,0,5,1,1,1,0.4227667219802045,1,0.4404183201653602,1,0.4551765960227381,0,0.5562978654272042
1,1.0246519768174172,1,1,0,0,0,1,1,1,0,0.7573551036228264,0,0.7668458082507049,0,0.6636222955780937,0,0.5612673572026954
0,1.0246519768174172,1,0,0,0,0,1,0,1,0,0.7751830779623049,0,0.7360254423219341,0,0.6390538685141114,0,0.6058058116399733
0,0.351756642375538,0,0,0,0,0,0,1,1,0,0.7965723548745399,0,0.762182292074459,0,0.6893218222480861,0,0.6840011025524122
1,0.8564281432069474,1,1,0,0,0,4,1,0,0,0.6428181779466428,0,0.6533979544533406,1,0.4906125399457323,1,0.4402355432164382
1,-0.32113869206634116,0,0,0,0,0,1,0,0,0,0.6041490331100781,0,0.62223037565313,0,0.6313419442086039,0,0.6780650013134168
1,0.6882043095964776,0,1,0,0,0,4,0,0,0,0.6227788067938727,0,0.6326794636112446,1,0.41195853022732876,1,0.48381962908215936
1,-0.32113869206634116,0,1,0,0,0,4,0,1,1,0.4957217923641829,0,0.5070861049846824,1,0.45770825958921424,1,0.41199934783694603
1,-0.40525060887157605,0,0,0,0,1,1,0,0,0,0.5575518027685369,0,0.5733178274301127,0,0.6270166579831578,1,0.47331625977715386
1,-0.7416982760925156,0,0,0,0,0,2,0,0,0,0.5130015776589292,0,0.531804467790273,0,0.6081758754897418,0,0.52530780241604
0,0.9405400600121823,1,1,0,0,0,1,0,1,0,0.7718724621271993,0,0.7275967350077533,0,0.6201043357877039,0,0.7076589962245684
1,-0.32113869206634116,0,1,0,0,0,0,0,0,0,0.6460738479355377,0,0.6583430604105753,0,0.6508202899456541,0,0.7579443198651901
1,-0.32113869206634116,0,1,0,0,0,9,0,0,1,0.3119997697311784,1,0.31948934105638105,1,0.3459947651317218,1,0.2865998897167653
1,-1.1622578601186901,2,1,0,0,0,0,0,0,1,0.46294337967413135,1,0.47623084679934535,0,0.6385075358091767,0,0.648985827978922
0,-0.5734744424820458,0,1,0,0,0,1,0,0,0,0.6457333713973274,0,0.5915025127763628,0,0.6403031906856936,0,0.5454214336170302
1,1.192875810427887,1,1,0,0,0,3,0,1,0,0.6805279417300227,0,0.6894443191065128,0,0.5347302208646187,0,0.5474965341572329
0,-1.1622578601186901,2,1,0,0,0,1,0,0,1,0.49490787400192804,1,0.4373210780583989,0,0.6530386322470523,0,0.6250568332181687
1,-0.9099221097029854,2,1,0,0,2,0,0,1,1,0.4217556139045623,1,0.42857791720291005,0,0.5963250814483876,0,0.5738200096185775
1,0.351756642375538,0,1,0,0,0,0,1,1,0,0.7514668835714513,0,0.762182292074459,0,0.6771410368932942,0,0.6828854399457884
0,0.6040923927912427,0,1,0,0,0,1,0,0,0,0.7694524348735087,0,0.7254104166021818,0,0.6470658846742634,0,0.551587101352947
1,-0.9099221097029854,2,0,0,0,0,2,0,1,1,0.4127380967458054,1,0.4304319558292353,0,0.6342598021595751,0,0.5184923740049708
1,0.9405400600121823,1,0,0,0,0,1,1,1,0,0.7447337012145218,0,0.7590790746661313,0,0.6686341793916106,0,0.6864297597782594
1,-0.40525060887157605,0,1,0,0,0,1,0,1,0,0.5996206564946571,0,0.612083189052065,0,0.6676684318601545,0,0.6449176353652797
1,-0.5734744424820458,0,1,0,0,0,1,0,1,0,0.5787081835944483,0,0.5915025127763628,0,0.6398225179815396,0,0.6545203139227658
1,-0.15291485845587136,0,1,0,0,0,2,1,1,0,0.6312877351255279,0,0.644099858481719,0,0.5943474654439931,0,0.578840296405265
0,0.2676447255703031,0,1,0,0,0,3,0,1,0,0.6732515099442868,0,0.6191352510640793,0,0.5535955917180386,1,0.49578188928999245
0,-0.9940340265082203,2,1,0,0,0,0,1,0,0,0.5938138977599636,0,0.5389018618172834,0,0.6755589219889929,0,0.6081218288952719
1,-0.8258101928977505,0,1,0,0,0,1,0,0,0,0.5468259700837879,0,0.5600424857146007,0,0.5951571302313291,0,0.6410957737412847
0,0.2676447255703031,0,1,0,0,0,0,1,0,0,0.793492805238574,0,0.7543099817646293,0,0.7110335490184032,0,0.6993221425936995
1,-0.06880294165063645,0,1,0,0,0,1,0,0,0,0.640309811805903,0,0.6520066830920647,0,0.6501648117669914,0,0.611947315374215
0,0.015308975154598439,0,1,0,0,0,0,1,0,0,0.7714454391367986,0,0.7296577940318771,0,0.6926539829699554,0,0.7520534726209436
1,-1.1622578601186901,2,1,0,1,1,3,1,1,1,0.3521558497068892,1,0.3611144066810551,0,0.5534147184570544,0,0.5400395487300805
1,-0.8258101928977505,0,1,0,0,0,0,0,1,0,0.584819301490122,0,0.5982617626367164,0,0.6681024836562657,0,0.6160476283299058
1,1.108763893622652,1,1,0,0,0,1,1,0,0,0.7652064898224339,0,0.7744365621944224,0,0.6139994729310552,0,0.559307909018063
1,-0.48936252567681093,0,1,0,0,0,0,1,0,0,0.662485515826275,0,0.6759443948719517,0,0.6336774760163246,0,0.6789866590514193
1,2.2022188120907056,1,1,0,0,0,1,1,0,0,0.8510827109613648,0,0.8571558530139504,0,0.632588222408347,0,0.5620171891889181
1,-0.40525060887157605,0,0,0,0,0,0,0,0,0,0.6304881929696962,0,0.6486181081869682,0,0.7036854861991328,0,0.6273249403154635
1,-0.5734744424820458,0,1,0,0,0,25,0,1,1,0.0324156876664663,1,0.03244405237778969,1,0.3611242669735292,1,0.3578711181415114
1,2.79100222972735,1,0,0,0,0,0,1,0,0,0.8980723866921841,0,0.9045986567887185,0,0.6527486822823872,0,0.6680974480454152
1,0.18353280876506822,0,1,0,0,0,9,0,1,1,0.37015538692311534,1,0.3779101174422691,1,0.2717741186307987,1,0.3664800354407064
1,0.9405400600121823,1,1,0,0,0,0,1,0,0,0.7772586269532785,0,0.7865964485193663,0,0.6483517949650053,0,0.8021269083575011
0,-0.48936252567681093,0,1,0,0,0,1,0,1,0,0.655553907332073,0,0.6018378517672069,0,0.6817545041153897,0,0.6447262627984396
1,0.18353280876506822,0,1,0,0,0,7,0,0,1,0.44470685010043853,1,0.45397023648326496,1,0.4135296545388323,0,0.514173530882643
1,-0.6575863592872807,0,0,0,0,0,0,0,1,0,0.5998148006978115,0,0.6187214085617305,0,0.6519230759047625,0,0.7204559824882927
0,0.8564281432069474,1,1,0,0,0,9,1,0,0,0.5241830509879966,1,0.4624565961395344,1,0.2584599399994063,1,0.4472428845624262
1,1.3610996440383567,1,1,0,0,0,1,1,1,0,0.7876900604122866,0,0.7961462365876255,0,0.640627772730533,0,0.5804500346922723
0,0.351756642375538,0,1,0,0,0,0,0,0,0,0.7738777975461176,0,0.730961740524231,0,0.6352721743238825,0,0.6738621936388822
1,-0.5734744424820458,0,0,0,0,0,0,0,1,0,0.6101397245782458,0,0.6288002582804556,0,0.6212307595861308,0,0.6128489770205319
1,-1.0781459433134553,2,1,0,0,0,3,0,1,1,0.3613529486922402,1,0.37217920288202344,0,0.5205070408398683,0,0.5310365341429828
1,-0.8258101928977505,0,0,0,0,0,0,1,1,0,0.6171002397633673,0,0.6372392041253423,0,0.6684348795054018,0,0.7260404595766861
1,-0.9099221097029854,2,1,0,0,0,3,0,0,1,0.38152400110630935,1,0.3924602894181811,0,0.5113007710885217,0,0.5044914246643626
1,-1.1622578601186901,2,0,0,0,0,0,0,0,1,0.45690556485728295,1,0.47623084679934535,0,0.6568657471475621,0,0.6633555294970537
1,-0.48936252567681093,0,0,0,0,0,2,1,0,0,0.5843394590506735,0,0.6038204428872949,0,0.5365802770108015,0,0.5269354260968468
1,1.5293234776488265,1,1,0,0,0,13,0,0,1,0.35016282407344856,1,0.35443182402523465,1,0.27658262325236027,1,0.2861662266001389
1,1.108763893622652,1,1,0,0,0,4,0,0,0,0.6360494475328604,0,0.6451255735741211,1,0.48041860684178506,0,0.5487361932730392
1,-0.8258101928977505,0,0,0,0,0,5,0,1,1,0.3880795075447184,1,0.40462319761975385,1,0.4745398688063147,1,0.3900343352664021
1,0.7723162264017125,0,0,0,0,0,1,1,0,0,0.7583104856193476,0,0.7725086406105907,0,0.647853249655953,0,0.6860808258454243
1,-0.06880294165063645,0,0,0,0,0,0,0,0,0,0.6697680214039017,0,0.6867061094508724,0,0.6849958408297347,0,0.704405526401411
1,0.2676447255703031,0,0,0,0,0,2,0,1,0,0.6388764540881638,0,0.6553799423083679,0,0.5868711065142441,0,0.5584767898595808
1,-0.5734744424820458,0,0,0,0,0,0,0,0,0,0.6101397245782458,0,0.6288002582804556,0,0.6595050563699769,0,0.5560676369176818
1,-0.7416982760925156,0,1,0,0,0,9,0,1,1,0.2676032096931481,1,0.2747086449027989,1,0.3216582316714366,1,0.44383619134836494
1,-0.8258101928977505,0,1,0,0,0,0,0,0,0,0.584819301490122,0,0.5982617626367164,0,0.653059522398576,0,0.6405198198893309
1,-1.0781459433134553,2,1,0,0,0,1,0,1,1,0.43535697547668917,1,0.44791638228282615,0,0.6231522992808756,0,0.5369953876667578
1,0.18353280876506822,0,0,0,0,0,7,0,1,1,0.4387125886812019,1,0.45397023648326496,1,0.3357976496230981,1,0.4055628115783344
1,0.18353280876506822,0,1,0,0,0,4,0,0,0,0.5602368153942674,0,0.5710258173407993,1,0.4652098455527751,1,0.47338340002723134
0,1.108763893622652,1,0,0,0,0,1,1,0,0,0.8084540023754416,0,0.7744365621944224,0,0.6440561072271732,0,0.5598540542962585
1,-0.9940340265082203,2,1,0,0,0,0,0,0,1,0.4844833299075436,1,0.4976872144328115,0,0.665013829668514,0,0.6758302231919407
1,-0.5734744424820458,0,0,0,0,0,3,1,1,0,0.5356077166047449,0,0.5551663974339112,0,0.5995693146687036,1,0.4256561984395284
1,0.6882043095964776,0,1,0,0,0,3,0,1,0,0.6583824980469652,0,0.6683257146887172,0,0.5201791505958658,0,0.516795017912256
0,1.2769877272331218,1,0,0,0,0,0,1,1,0,0.8430557785248229,0,0.8140167927083412,0,0.6739252673800111,0,0.7904371516204141
1,-0.9940340265082203,2,1,0,0,0,2,1,0,1,0.44705445483871453,1,0.46061581252920447,0,0.6129648910701735,0,0.5379450752525083
1,-0.9099221097029854,2,1,0,0,0,7,0,1,1,0.24936096140481057,1,0.2564399710657469,1,0.36452000287157804,1,0.4144033305778839
1,-0.06880294165063645,0,1,0,0,0,3,1,0,0,0.6049698591827765,0,0.6175728753087133,0,0.5192852673312198,0,0.553292210423582
1,-0.6575863592872807,0,1,0,0,0,0,1,0,0,0.6429010970978078,0,0.65685238006933,0,0.6916900545032374,0,0.7663981656091009
1,1.7816592280645311,1,1,0,0,0,9,0,0,0,0.5325124190026518,0,0.5391207731136296,1,0.18246665686585783,1,0.3307688640675027
1,1.7816592280645311,1,1,0,0,0,0,0,0,0,0.820957140762786,0,0.8276184907953213,0,0.6946339155954604,0,0.6707224139713887
1,-0.8258101928977505,0,1,0,0,0,4,0,1,1,0.4313489195063922,1,0.44291374238378667,1,0.4286443496614414,1,0.4967183759749716
0,-1.246369776923925,2,0,0,0,0,0,0,1,0,0.516706700894441,1,0.4655305393843985,0,0.7126275945977765,0,0.6510078042849667
1,-0.23702677526110624,0,1,0,0,0,0,1,0,0,0.6908312845802881,0,0.7035043220682677,0,0.683454317850825,0,0.7081922911123746
1,-0.9940340265082203,2,1,0,0,0,0,0,0,1,0.4844833299075436,1,0.4976872144328115,0,0.680697953297308,0,0.8019163098213902
1,-0.40525060887157605,0,1,0,0,0,1,0,0,0,0.5996206564946571,0,0.612083189052065,0,0.699289916990679,0,0.6144409164176985
0,1.108763893622652,1,1,0,0,0,0,1,0,0,0.8346624463317883,0,0.8006604801911454,0,0.6976467654004004,0,0.7389487501151618
1,-0.6575863592872807,0,1,0,0,0,1,0,0,0,0.5681400301993632,0,0.58108563214473,0,0.6459700612887194,1,0.4799534841662534
1,2.1181068952854707,1,1,0,0,0,9,0,0,0,0.5751898369767792,0,0.5814181687544601,1,0.3409016007555665,1,0.3842529399071085
1,0.6882043095964776,0,1,1,0,0,20,0,0,1,0.10634376768739107,1,0.10601265085085787,1,0.27877484269134445,1,0.26612208253658
1,-0.9940340265082203,2,1,0,0,0,0,0,0,1,0.4844833299075436,1,0.4976872144328115,0,0.620900685950073,0,0.7491326584247145
0,-1.1622578601186901,2,1,0,0,0,1,0,1,1,0.49490787400192804,1,0.4373210780583989,0,0.5989491328386738,0,0.6097651878757825
1,-0.48936252567681093,0,1,0,0,0,6,0,1,1,0.3981942440666042,1,0.40821795578689335,1,0.4329406997558304,1,0.36483541063098557
1,0.09942089195983334,0,0,0,0,0,11,1,1,1,0.3209179327635565,1,0.33403544540113683,1,0.24170621228412337,1,0.3653869631765204
0,-1.1622578601186901,2,1,0,0,0,0,0,1,0,0.5335409242968987,1,0.47623084679934535,0,0.645534649179388,0,0.6837440674378059
1,-0.7416982760925156,0,0,0,0,0,2,0,0,0,0.5130015776589292,0,0.531804467790273,0,0.588195592476647,1,0.47232794408662004
1,-0.8258101928977505,0,0,0,0,0,1,1,1,0,0.5799391363849279,0,0.6002503329549326,0,0.647360020841923,0,0.6784937763894048
1,0.015308975154598439,0,0,0,0,0,0,0,1,0,0.679253240790756,0,0.6958711971401408,0,0.6491235708754737,0,0.5990712999730731
1,-0.23702677526110624,0,1,0,0,0,1,1,0,0,0.6568467977014469,0,0.6697707104441923,0,0.6472038473043759,0,0.6616246489784938
1,0.015308975154598439,0,1,3,0,0,13,0,0,1,0.15451129986234724,1,0.15334380433323525,1,0.4215960567959913,1,0.40484406674295903
1,0.18353280876506822,0,1,0,0,0,0,1,0,0,0.734980173757964,0,0.7462638328180431,0,0.6696658075984527,0,0.692672400454003
1,-1.0781459433134553,2,0,0,0,3,0,1,0,1,0.39755608566199896,1,0.4087692951083909,1,0.466464096522457,0,0.5399657236937709
1,-1.246369776923925,2,1,1,0,0,1,0,1,1,0.3773789211738766,1,0.3868526378285675,0,0.707176042896164,0,0.6839373523493781
0,-0.23702677526110624,0,1,0,0,0,0,1,1,0,0.7477923841867958,0,0.7035043220682677,0,0.6680209283771477,0,0.620741740502005
1,-0.9940340265082203,2,0,0,1,0,2,0,1,1,0.40050315241529455,1,0.41769628177475904,0,0.6592983783653141,0,0.6096099001254248
1,1.6975473112592963,1,1,0,0,0,1,0,0,0,0.7899965996042088,0,0.7972186134490687,0,0.6176340487654164,0,0.6404461032399587
1,-0.23702677526110624,0,1,0,0,0,13,0,1,1,0.20318276767239984,1,0.20738777984684942,1,0.3054332495789338,1,0.45036885837876295
1,1.865771144869766,1,0,0,0,0,1,1,0,0,0.8243332645704964,0,0.8348049710899448,0,0.6390412447666549,0,0.5371015568336377
1,-0.9099221097029854,2,1,0,0,0,0,0,0,1,0.495280005283253,0,0.5084235412095071,0,0.7054109192593487,0,0.6564234541110486
1,1.3610996440383567,1,0,0,0,0,1,0,0,0,0.755427659779957,0,0.7680274102546134,0,0.6464626822462705,0,0.5531685480953613
1,-0.23702677526110624,0,1,0,0,0,1,1,0,0,0.6568467977014469,0,0.6697707104441923,0,0.6088774924831883,0,0.61054185727045
1,-0.32113869206634116,0,1,0,0,0,0,0,0,0,0.6460738479355377,0,0.6583430604105753,0,0.6811130271466924,0,0.7241799382715354
1,-0.40525060887157605,0,1,0,0,0,13,0,1,1,0.18955080304000504,1,0.1936226186956621,1,0.3434949801815431,1,0.23361562238168243
1,-1.0781459433134553,2,0,0,0,0,1,0,1,1,0.4293912884812998,1,0.44791638228282615,0,0.6350796793323812,0,0.6388540690776938
1,-0.5734744424820458,0,1,0,0,0,0,0,0,0,0.6159060616007492,0,0.6288002582804556,0,0.6627998997382851,0,0.7282164690930288
1,-0.9099221097029854,2,1,0,0,0,0,1,1,0,0.5349669154219034,0,0.5495545699949304,0,0.661752587100669,0,0.762129479080853
1,-1.246369776923925,2,1,1,0,0,1,0,1,1,0.3773789211738766,1,0.3868526378285675,0,0.6642605232928208,0,0.6599543314780669
1,0.9405400600121823,1,0,0,0,0,3,0,0,0,0.6461761869182919,0,0.6612068636344818,0,0.5264402565354762,1,0.4781684150954234
1,0.6882043095964776,0,0,0,0,0,12,0,0,1,0.3184670455939794,1,0.32928594937496136,1,0.29389877672002085,1,0.42716416895029463
1,1.0246519768174172,1,0,0,0,0,11,0,0,1,0.35608474700669035,1,0.36736916248764395,1,0.18918297099330095,1,0.2897993556816336
1,-0.40525060887157605,0,1,0,0,0,1,1,0,0,0.6371144122779924,0,0.6505030331933155,0,0.6618653488481852,0,0.5913073656743932
1,-0.7416982760925156,0,1,0,0,1,9,0,1,1,0.23954746460453014,1,0.24387722424245917,1,0.3869036138697507,1,0.37037912813300855
1,0.6040923927912427,0,0,0,0,0,1,1,0,0,0.7421219636723155,0,0.7570610672873662,0,0.6154181761376946,0,0.5542862554125396
1,-0.23702677526110624,0,0,0,0,0,5,0,1,1,0.461836972015246,1,0.4786134820184428,1,0.39300809187961694,1,0.3643889556801694
1,-0.9940340265082203,2,0,0,0,0,2,0,1,1,0.40230652849642645,1,0.41993564894053226,0,0.5830653049377155,0,0.5116061521264845
0,-1.1622578601186901,2,1,0,0,0,2,0,1,1,0.45633553495350654,1,0.3991675905929163,0,0.6211373497037495,0,0.5360016800969777
0,0.351756642375538,0,1,0,0,0,1,0,0,0,0.7456611250620744,0,0.6990155411195119,0,0.5873252340886067,0,0.7242640522228997
1,-0.6575863592872807,0,0,0,0,0,0,1,1,0,0.6373013729071566,0,0.65685238006933,0,0.662074420455856,0,0.6666008731586812
1,-0.9940340265082203,2,0,0,0,1,1,1,0,1,0.44262949071290003,1,0.4596760002605189,0,0.5492726180497879,0,0.5967720140697588
1,0.2676447255703031,0,1,0,0,0,0,0,0,0,0.7118258021169817,0,0.7224323229932783,0,0.655144228651402,0,0.5991833455401165
1,-0.9940340265082203,2,1,0,0,0,0,1,1,0,0.5242036369474237,0,0.5389018618172834,0,0.6720810086105353,0,0.7154377422944178
1,-0.48936252567681093,0,1,0,0,0,4,0,1,1,0.47414174001230547,1,0.48561626858045315,1,0.4586755809740345,1,0.4717577362184191
1,-0.06880294165063645,0,1,0,0,0,4,1,1,0,0.5674566667535106,0,0.5799007044981328,1,0.4376521299680185,1,0.474944300441394
1,0.2676447255703031,0,1,0,0,0,2,1,1,0,0.680000820333764,0,0.691671720012631,0,0.5540170171379966,0,0.6016221819845928
1,2.538666479311645,1,0,0,0,0,1,0,1,0,0.8497520878820721,0,0.8579645448562713,0,0.7042687693925874,0,0.5365545890081239
1,-0.9940340265082203,2,0,0,0,0,0,0,1,1,0.47841484015382507,1,0.4976872144328115,0,0.6975130392698848,0,0.6110915399476428
1,-0.5734744424820458,0,1,0,0,0,0,0,0,0,0.6159060616007492,0,0.6288002582804556,0,0.6573331939031699,0,0.7063938966259207
1,-0.6575863592872807,0,0,0,0,0,0,1,0,0,0.6373013729071566,0,0.65685238006933,0,0.685912068305261,0,0.7641290518164697
1,-0.15291485845587136,0,0,0,0,0,0,1,0,0,0.6948530366355152,0,0.7123838167126615,0,0.6705071090747027,0,0.7085536000551756
1,-0.23702677526110624,0,0,0,1,0,2,0,0,0,0.5753587701327344,0,0.5928793170775198,0,0.6304509373186736,0,0.5784600035096248
1,-0.23702677526110624,0,0,0,0,0,1,0,1,0,0.614434014119127,0,0.6322715970959139,0,0.6324120229612408,0,0.6577157848596924
1,-1.246369776923925,2,1,1,0,1,1,0,1,1,0.3432074038190144,1,0.34949995650669186,0,0.6278601318148558,0,0.5604914418605259
1,-1.33048169372916,2,1,2,0,0,2,0,1,1,0.2988295011758443,1,0.3044968932865295,0,0.6613465950975268,0,0.6460152652797246
1,0.6882043095964776,0,1,0,0,0,1,1,0,0,0.754829989140728,0,0.7648727054827034,0,0.662328176228175,0,0.6225502117482473
1,-0.40525060887157605,0,1,0,0,0,1,0,0,0,0.5996206564946571,0,0.612083189052065,0,0.6343068626764442,0,0.587124457259762
1,0.2676447255703031,0,0,0,0,0,2,0,0,0,0.6388764540881638,0,0.6553799423083679,0,0.5800859830803435,0,0.5269144680153703
1,-0.06880294165063645,0,0,0,0,0,4,0,1,0,0.5220350338473507,0,0.5392172810098399,1,0.4964311308281981,0,0.5608083120571539
1,-0.7416982760925156,0,1,0,0,0,5,0,1,1,0.404228154192958,1,0.4150105995331207,1,0.4495915382031789,0,0.5183712401842794
1,1.4452115608435916,1,0,0,0,0,0,1,0,0,0.8152800160591684,0,0.8266719259575028,0,0.6972336880690155,0,0.6480935610408799
1,0.6882043095964776,0,1,0,0,0,0,1,0,0,0.7823263992226451,0,0.7919097500681795,0,0.6888887707324005,0,0.6973882387718566
1,1.949883061675001,1,0,0,0,0,8,1,0,0,0.623879919231348,0,0.6375549688348023,1,0.2626987724026373,1,0.4753586639134062
1,-0.6575863592872807,0,1,0,0,0,2,0,0,0,0.5298474289025208,0,0.5424819384320603,0,0.5674637978194257,0,0.5304153674691682
0,0.5199804759860078,0,0,0,0,0,12,0,1,1,0.36253612133407975,1,0.3106004815434946,1,0.38251630349059373,1,0.328980210788952
1,-0.15291485845587136,0,1,0,0,0,3,0,1,0,0.555775309962661,0,0.567371921924505,0,0.5218366751280602,1,0.4177392529066427
1,0.351756642375538,0,0,0,0,0,0,0,0,0,0.7156868476233936,0,0.730961740524231,0,0.6244915807774709,0,0.7023381258924726
1,-0.32113869206634116,0,0,1,0,0,2,1,1,0,0.5677744095049465,0,0.5846119303161126,0,0.6271535515879861,0,0.5800958374302871
1,-1.246369776923925,2,0,0,0,0,0,1,1,1,0.48574494524501854,0,0.5067688100149533,0,0.65112258973546,0,0.6788371222492791
0,1.108763893622652,1,0,0,0,0,1,0,0,0,0.7826231687090366,0,0.744285007398878,0,0.6736072116263787,0,0.620526427892899
1,1.0246519768174172,1,1,0,0,0,3,1,0,0,0.6960934792715144,0,0.7061585374106656,0,0.5388829724828141,1,0.4723907021207028
1,0.09942089195983334,0,1,0,0,0,0,1,0,0,0.7264793244230168,0,0.7380456881229971,0,0.6596351231300895,0,0.660324327851913
1,-0.6575863592872807,0,1,0,0,0,7,1,1,1,0.3786776416807466,1,0.38960956778355116,1,0.46540940970879396,1,0.4764948650101709
1,2.62277839611688,1,1,0,0,0,3,0,0,0,0.8161836718531795,0,0.8216619674353247,0,0.5204847373313226,1,0.47105698204302693
1,0.18353280876506822,0,0,0,0,0,0,1,0,0,0.7302184474246767,0,0.7462638328180431,0,0.6898048266922976,0,0.7753894185290066
1,0.9405400600121823,1,0,0,0,0,0,1,0,0,0.773021943840819,0,0.7865964485193663,0,0.6440328851667538,0,0.687216320999937
0,1.5293234776488265,1,1,0,0,0,0,0,0,0,0.8423863161312036,0,0.8084541105117803,0,0.6602014604342367,0,0.6524976726295472
1,0.7723162264017125,0,0,0,0,0,0,1,0,0,0.785527460029811,0,0.7988984947108728,0,0.657532347090602,0,0.554626003870728
1,2.1181068952854707,1,1,0,0,0,12,0,0,1,0.45980036957119896,1,0.4645392088326573,1,0.36845809329576407,1,0.26958034621984206
1,-0.6575863592872807,0,1,0,1,1,8,0,1,1,0.2759328299122782,1,0.280719161014536,1,0.339703265525939,1,0.3521486654329037
1,-1.0781459433134553,2,0,0,0,0,3,0,1,1,0.35576240266256354,1,0.37217920288202344,0,0.5774365301023412,0,0.5474005341785059
1,-1.0781459433134553,2,0,0,0,0,1,0,1,1,0.4293912884812998,1,0.44791638228282615,0,0.6593383666063956,0,0.6227775057494225
1,-0.9940340265082203,2,1,0,0,0,0,0,0,1,0.4844833299075436,1,0.4976872144328115,0,0.6904341739903619,0,0.6264161631513661
1,-1.0781459433134553,2,0,0,0,0,1,0,1,1,0.4293912884812998,1,0.44791638228282615,0,0.5960828567774472,0,0.7111821178393556
1,-0.9099221097029854,2,0,0,0,0,1,0,0,1,0.4506801589315428,1,0.4692399382088669,0,0.6233981395620073,0,0.5464606827662543
1,0.09942089195983334,0,0,0,0,0,1,0,0,0,0.6544852018482442,0,0.6712333603723923,0,0.6912185969808577,0,0.5777100946497802
0,1.6134353944540614,1,1,0,0,0,0,0,0,0,0.8480383656048829,0,0.8150170038168392,0,0.6433495894342012,0,0.6491098843668763
1,-0.06880294165063645,0,1,0,0,0,0,1,0,0,0.7089769731988216,0,0.7211028100227961,0,0.6882325651585632,0,0.6808072793642019
1,-0.48936252567681093,0,0,0,0,0,0,1,1,0,0.6570290647765678,0,0.6759443948719517,0,0.7286763210711702,0,0.7386382807445357
1,0.351756642375538,0,1,0,0,0,2,1,0,0,0.6893284566960253,0,0.7007548453545425,0,0.58614714916121,0,0.5967858066570451
1,-0.15291485845587136,0,1,0,0,0,19,0,1,1,0.09520107368356268,1,0.0962891131111332,1,0.2659758058039693,1,0.320061549186035
1,1.5293234776488265,1,0,0,0,0,1,1,1,0,0.7978905315931422,0,0.8097331387218702,0,0.6847975499741474,0,0.6766900178213487
1,0.351756642375538,0,1,0,0,0,3,1,0,0,0.655261210936922,0,0.666856549184567,0,0.5459660755724465,0,0.5045580761765148
1,1.865771144869766,1,1,0,0,0,0,1,0,0,0.8487754260482868,0,0.8553216431314348,0,0.7368006193838275,0,0.731433178330636
1,-0.15291485845587136,0,1,0,0,0,0,0,0,0,0.6655747765270268,0,0.6773928712958714,0,0.685033511339596,0,0.6777847345145189
1,2.62277839611688,1,0,0,0,0,1,1,0,0,0.8737842709123023,0,0.8814891748014754,0,0.5856543563982379,0,0.6058559095400284
1,0.2676447255703031,0,1,0,0,0,9,0,1,1,0.380283713109415,1,0.38805872426686505,1,0.21189512707830804,1,0.48898373743618273
1,0.09942089195983334,0,1,0,0,0,0,0,0,0,0.6937810212454218,0,0.7048833939939021,0,0.6659656806875079,0,0.7370808344387514
1,1.3610996440383567,1,1,0,0,0,11,1,1,1,0.44120095968771555,1,0.44854486117623193,1,0.23391751450431952,1,0.18104435443766287
1,-0.6575863592872807,0,1,0,0,0,3,0,1,1,0.491200193435979,0,0.5033612620190512,0,0.5007150107884959,1,0.49114726593783276
1,1.5293234776488265,1,1,0,0,0,3,0,1,0,0.7168771073245152,0,0.7249833349171866,0,0.577377938967178,1,0.465687761479464
1,-1.0781459433134553,2,0,0,0,0,3,0,1,1,0.35576240266256354,1,0.37217920288202344,1,0.4608432754500742,1,0.43693230239130043
1,2.706890312922115,1,1,0,0,0,0,1,1,0,0.8963294013261236,0,0.9008272431947911,0,0.7086557577788134,0,0.6400279700419377
1,0.015308975154598439,0,1,0,0,0,1,1,1,0,0.6854412732736805,0,0.6976208115781946,0,0.6690668070268071,0,0.5935957243252219
1,1.192875810427887,1,1,0,0,0,0,1,0,0,0.7988914139635938,0,0.8074267981930486,0,0.7092881350311252,0,0.6843782445154525
1,-0.7416982760925156,0,0,0,0,0,10,0,1,1,0.23400027458367956,1,0.24457554243205493,1,0.2137280596259845,1,0.32979716035444484
1,-0.5734744424820458,0,1,0,0,0,2,0,1,0,0.5405949254585098,0,0.5531205230951239,0,0.5615854213212681,1,0.4863795257575052
1,-0.40525060887157605,0,1,0,0,0,4,1,1,0,0.5246444055541892,0,0.537571927339827,0,0.5422388084834904,1,0.4593162050752647
0,-0.15291485845587136,0,1,0,0,0,3,1,0,0,0.6605788321548647,0,0.6073795239129554,0,0.568868389396704,0,0.5271323764121683
1,0.5199804759860078,0,0,0,0,0,11,0,1,1,0.3334764860271129,1,0.34515153251166497,1,0.4319772993723623,1,0.32246319488905306
1,-1.1622578601186901,2,1,0,0,0,1,0,1,1,0.42476722655078725,1,0.4373210780583989,0,0.6315787935800337,0,0.6120238489292059
1,-0.32113869206634116,0,1,0,1,0,5,1,1,1,0.49490607537525166,0,0.5068562943369774,1,0.4733875988551055,0,0.5307263907753832
1,-0.9099221097029854,2,1,0,0,0,11,0,1,1,0.15174726979258701,1,0.1554962438910481,1,0.30232748740928395,1,0.3927465756512787
1,0.6882043095964776,0,0,0,0,0,4,1,0,0,0.6538552253577665,0,0.6701586824391221,1,0.46834146950261346,1,0.3503588126828766
0,0.015308975154598439,0,1,0,0,0,7,0,1,1,0.49359315877083887,1,0.432774783117732,1,0.37575215087035685,1,0.4232394572463227
1,0.7723162264017125,0,0,0,0,0,4,1,1,0,0.6635679191216295,0,0.6795819765591989,1,0.4837266084928735,0,0.5189037296842572
0,-0.9099221097029854,2,1,0,0,0,6,1,0,1,0.37626132853229366,1,0.32246034175790816,1,0.38704154561343496,1,0.39652220768729995
1,-1.1622578601186901,2,1,0,1,2,1,0,0,1,0.35264593753098494,1,0.3583358250633496,0,0.5713872969287734,0,0.5629836075372728
1,0.6882043095964776,0,0,0,0,0,2,0,0,0,0.6870839084631521,0,0.7021412912033788,0,0.5662551525315678,1,0.40104744469928977
1,0.015308975154598439,0,1,0,0,0,1,1,0,0,0.6854412732736805,0,0.6976208115781946,0,0.603840252420397,0,0.6381514512606539
1,-1.1622578601186901,2,0,0,0,0,0,1,1,1,0.49654265541659126,0,0.5174992137770287,0,0.6613156515047565,0,0.625791379580737
1,0.6882043095964776,0,1,0,0,0,9,0,1,1,0.43233914917934946,1,0.4401047768334111,1,0.2752365852622277,1,0.3215388361023931
1,-1.246369776923925,2,1,0,1,0,1,0,1,1,0.4124261224082152,1,0.42453349924707284,0,0.6724534471976402,0,0.6850785678784013
1,-0.7416982760925156,0,0,0,0,0,1,0,0,0,0.551504841761364,0,0.5705959553813121,0,0.629109745883914,0,0.6489990742482294
0,-0.7416982760925156,0,1,0,0,0,5,0,1,1,0.47377058263603555,1,0.4150105995331207,1,0.49604685028502415,1,0.4152546248150276
1,1.3610996440383567,1,0,0,0,0,0,0,0,0,0.7828763206114864,0,0.7947990192849312,0,0.6816546910960121,0,0.7851007563477868
0,0.8564281432069474,1,1,0,0,0,0,1,0,0,0.8159912006407944,0,0.7792982860931327,0,0.700822202861556,0,0.6230460143208412
1,1.192875810427887,1,1,0,0,0,1,0,1,0,0.7437723036092301,0,0.7523730844478808,0,0.6186190027816167,0,0.6779243782808151
1,-0.15291485845587136,0,0,0,0,0,10,1,0,1,0.3264159947904388,1,0.34030353859649476,1,0.3057403249874405,1,0.3754466471059519
1,-0.15291485845587136,0,1,0,0,0,3,0,1,0,0.555775309962661,0,0.567371921924505,0,0.5029607147451981,0,0.5086850035063123
1,0.8564281432069474,1,1,0,0,0,10,0,1,1,0.377595166271539,1,0.38401907611477726,1,0.3456953370285617,1,0.38108036849619764
1,-0.6575863592872807,0,0,0,0,0,1,0,0,0,0.562166362330629,0,0.58108563214473,0,0.6398467573632245,0,0.6333807974956414
1,-0.9940340265082203,2,1,1,0,1,3,0,0,1,0.3038809875609726,1,0.30870541013625674,0,0.5023237840173087,1,0.49780501479402683
0,-0.9099221097029854,2,0,0,0,4,1,1,0,1,0.4135129279805615,1,0.35417717954955985,1,0.4394485241335425,1,0.3955950551313755
1,-0.48936252567681093,0,1,0,0,0,3,1,0,0,0.552353945816182,0,0.5657461380929509,0,0.5375746032698665,0,0.5526589210810084
0,-0.9099221097029854,2,1,0,0,0,2,0,1,1,0.4886305421152817,1,0.4304319558292353,0,0.5664783276733194,0,0.5019219041213177
1,1.108763893622652,1,1,0,0,0,6,0,0,0,0.561878386619115,0,0.5705007847443138,1,0.4563924010968826,1,0.4075369566660276
1,-0.9099221097029854,2,1,0,0,0,1,0,1,1,0.45670488775001983,1,0.4692399382088669,0,0.6127578808556189,0,0.6262445222017292
1,-0.8258101928977505,0,1,0,0,0,0,0,0,0,0.584819301490122,0,0.5982617626367164,0,0.7165005091171093,0,0.5935114175222511
0,-1.246369776923925,2,1,0,0,0,0,0,0,0,0.5227740834861199,1,0.4655305393843985,0,0.6851022979195007,0,0.544584257930977
1,-0.7416982760925156,0,0,0,0,0,0,1,0,0,0.6272563331066788,0,0.6471077412437185,0,0.7032741944196733,0,0.6317913293479783
1,-0.48936252567681093,0,1,0,0,0,5,0,1,1,0.4357914628662515,1,0.4465935110760352,1,0.4118093566513801,1,0.3761679074198969
1,-1.0781459433134553,2,1,0,0,0,0,1,0,0,0.513417827143781,0,0.5282135029128056,0,0.728165953848505,0,0.6862230520874311
1,1.6134353944540614,1,0,0,0,0,11,0,1,1,0.4280146811707861,1,0.43957676900631226,1,0.25435758035875844,1,0.41699992969632504
1,-0.9099221097029854,2,1,0,0,1,0,0,0,1,0.458290764982744,1,0.4682978069146191,0,0.6030549873475751,0,0.5533177595156172
1,-0.9940340265082203,2,0,0,0,3,0,1,0,1,0.40794855017393505,1,0.4191881949204156,0,0.5431459867439211,1,0.475909782273242
1,0.2676447255703031,0,0,0,0,0,0,0,0,0,0.7068140047256777,0,0.7224323229932783,0,0.670359536342883,0,0.6843854998435404
1,-0.5734744424820458,0,0,0,0,0,4,0,1,1,0.45734413893744075,1,0.47489628409486306,1,0.481697389721805,1,0.43577275947111105
1,-0.8258101928977505,0,1,0,0,0,2,1,1,0,0.547877007167082,0,0.562081759822819,0,0.5704231671697675,0,0.5866001844050421
0,0.6882043095964776,0,0,0,0,0,0,1,0,0,0.8231493239986842,0,0.7919097500681795,0,0.7171655833237003,0,0.6376724874680085
1,-0.5734744424820458,0,1,0,0,0,3,1,0,0,0.5416483007422934,0,0.5551663974339112,1,0.49654558336049637,0,0.5194414306574376
1,-0.6575863592872807,0,1,0,0,0,5,0,1,1,0.4146749797456878,1,0.42547409913643186,1,0.4923697460641113,1,0.39262878408874957
1,0.6882043095964776,0,0,0,0,0,0,1,1,0,0.7781585965595947,0,0.7919097500681795,0,0.6764148960260137,0,0.5157983720597561
1,1.6975473112592963,1,0,0,0,0,0,1,0,0,0.8340087454720997,0,0.8443644839225706,0,0.6704618644764102,0,0.6602260420167144
1,-0.32113869206634116,0,1,0,0,0,8,0,1,1,0.3461395282989188,1,0.35452070230223953,1,0.40890176583042503,1,0.4132492560009583
1,-1.246369776923925,2,1,1,0,1,1,0,1,1,0.3432074038190144,1,0.34949995650669186,0,0.5908355304360358,0,0.6061880695424526
1,1.3610996440383567,1,1,1,0,0,19,0,1,1,0.143392684767927,1,0.14277353975311358,1,0.2755037227556375,1,0.44840053956619486
1,-0.8258101928977505,0,1,0,0,0,2,0,1,0,0.508279163156644,0,0.5210977918313633,0,0.6070432725578649,0,0.5203050518725957
1,-0.6575863592872807,0,0,0,0,0,1,0,0,0,0.562166362330629,0,0.58108563214473,0,0.6728252913357772,0,0.6046051255148125
1,0.9405400600121823,1,1,0,0,0,4,0,0,0,0.6158206199044095,0,0.6252245607098996,1,0.4762345424645832,0,0.5056926643736894
0,-0.9099221097029854,2,1,0,0,0,1,0,1,0,0.5272851229581709,1,0.4692399382088669,0,0.6211336929350354,0,0.6327001190935206
1,-0.6575863592872807,0,1,0,0,0,3,0,1,1,0.491200193435979,0,0.5033612620190512,0,0.5292005360054477,0,0.5395154116361538
1,1.3610996440383567,1,0,0,0,0,1,1,0,0,0.7835965480371869,0,0.7961462365876255,0,0.6321856074589256,0,0.6135955583674686
1,1.3610996440383567,1,1,0,0,0,15,0,1,1,0.26615770904332847,1,0.26907940836374467,1,0.4830381238623418,1,0.2572159894088687
1,-0.48936252567681093,0,1,0,0,0,5,0,1,1,0.4357914628662515,1,0.4465935110760352,1,0.4024190498533077,1,0.43810331119370827
0,-1.0781459433134553,2,0,0,0,0,1,0,0,1,0.49963228731912146,1,0.44791638228282615,0,0.6158666557346744,0,0.6752114526384578
1,0.7723162264017125,0,0,0,0,0,0,1,1,0,0.785527460029811,0,0.7988984947108728,0,0.6906229072502946,0,0.7986795144994228
1,-0.6575863592872807,0,1,0,0,0,6,0,1,1,0.3776800488048846,1,0.3876421332582819,1,0.3833780608332007,1,0.3298680144428461
0,-0.40525060887157605,0,1,0,0,0,8,0,1,1,0.4021790642825779,1,0.344755053113344,1,0.32790914809899707,1,0.3957514086334678
1,1.192875810427887,1,1,0,0,0,3,0,1,0,0.6805279417300227,0,0.6894443191065128,0,0.533467936060287,0,0.5248573209020868
1,-1.246369776923925,2,0,0,0,0,0,1,1,1,0.48574494524501843,0,0.5067688100149533,0,0.6920073118807136,0,0.6750601041351149
