,c_charge_degree,age_cat,race,gender,score_text,priors_count,two_year_recid,MetaFair,GerryFair
1705,1,0,0,1,1,-0.6843577587219684,1,1,0.0
559,1,1,1,1,1,-0.2627521204695365,1,1,0.0
3448,1,0,0,1,1,0.36965633690911126,1,1,0.0
124,1,0,1,1,2,1.002064794287759,1,0,0.002004008016032064
1262,1,0,1,1,2,-0.2627521204695365,0,1,0.0
3228,0,1,1,1,0,3.320895804676134,0,0,1.0000000000000009
2678,0,0,1,1,2,-0.6843577587219684,1,1,0.0
4299,0,1,1,1,1,0.15885351778289533,0,0,0.002004008016032064
2984,1,2,1,1,1,-0.6843577587219684,1,1,0.0
4541,0,2,1,1,2,-0.6843577587219684,1,1,0.0
3965,0,0,1,1,2,-0.6843577587219684,0,1,0.0
1669,0,0,1,1,0,1.2128676134139749,0,0,0.364729458917836
1996,0,0,1,1,1,-0.4735549395957524,0,1,0.0
965,1,2,1,1,1,-0.6843577587219684,1,1,0.0
4312,1,0,0,0,1,-0.6843577587219684,0,1,0.0
3066,0,2,1,1,0,0.7912619751615431,1,0,0.7274549098196399
1495,0,0,1,1,0,0.36965633690911126,1,0,0.002004008016032064
2641,0,1,1,0,1,-0.6843577587219684,0,1,0.0
1399,1,0,1,1,1,-0.2627521204695365,0,1,0.0
1767,0,2,0,1,1,-0.6843577587219684,1,1,0.0
467,0,0,1,1,2,-0.05194930134332058,0,1,0.0
2402,0,2,0,1,2,-0.4735549395957524,1,1,0.0
1091,0,0,1,1,2,-0.2627521204695365,0,1,0.0
3357,0,2,1,0,0,-0.6843577587219684,1,1,0.0
5809,1,2,1,1,1,-0.6843577587219684,1,1,0.0
1155,0,1,0,1,2,2.899290166423702,1,0,0.9579158316633275
4001,1,2,1,0,0,-0.6843577587219684,1,1,0.0
1525,0,0,1,1,0,4.374909900307213,1,0,1.0000000000000009
4156,0,2,1,1,2,-0.05194930134332058,1,0,0.002004008016032064
2902,0,2,1,1,1,-0.2627521204695365,1,0,0.002004008016032064
882,1,0,1,1,0,-0.4735549395957524,1,1,0.0
1990,0,1,1,1,1,-0.6843577587219684,0,1,0.0
257,0,0,1,0,1,0.36965633690911126,0,1,0.0
214,0,0,1,0,1,-0.05194930134332058,0,1,0.0
1369,0,1,1,1,0,1.8452760707926226,0,0,0.9358717434869748
4604,1,0,0,1,0,-0.05194930134332058,0,1,0.0
1189,0,0,1,0,1,-0.2627521204695365,0,1,0.0
4742,0,2,1,1,2,-0.6843577587219684,1,1,0.0
1170,0,0,1,0,1,0.15885351778289533,0,1,0.0
1833,0,0,1,1,1,-0.05194930134332058,0,1,0.0
4119,0,0,1,1,2,-0.2627521204695365,1,1,0.0
4487,0,2,1,0,1,-0.6843577587219684,1,1,0.0
2066,0,1,0,1,1,-0.6843577587219684,0,1,0.0
2915,0,0,1,1,0,-0.6843577587219684,1,1,0.0
5314,1,1,0,1,2,-0.4735549395957524,1,1,0.0
1461,0,1,1,1,1,-0.4735549395957524,0,1,0.0
1519,1,0,0,1,1,0.15885351778289533,0,1,0.0
1831,0,0,1,1,1,-0.6843577587219684,0,1,0.0
834,0,0,1,0,1,-0.05194930134332058,0,1,0.0
5056,0,0,1,1,1,-0.4735549395957524,0,1,0.0
3927,0,1,1,1,1,0.15885351778289533,1,0,0.002004008016032064
1657,1,0,1,1,2,-0.2627521204695365,0,1,0.0
4846,0,2,0,1,1,-0.2627521204695365,1,0,0.002004008016032064
914,0,0,1,1,1,-0.6843577587219684,0,1,0.0
4096,0,0,0,1,0,0.5804591560353272,1,0,0.002004008016032064
3768,1,0,0,1,2,-0.05194930134332058,0,1,0.0
287,0,2,1,1,2,-0.4735549395957524,0,1,0.0
2805,0,2,0,1,0,-0.6843577587219684,1,1,0.0
5325,1,2,0,1,2,-0.4735549395957524,0,1,0.0
1547,0,2,1,1,2,-0.05194930134332058,1,0,0.002004008016032064
4014,0,2,0,1,2,-0.6843577587219684,0,1,0.0
5417,0,2,0,1,2,-0.4735549395957524,0,1,0.0
4097,1,2,1,1,2,-0.2627521204695365,1,1,0.0
5672,1,0,0,1,1,-0.2627521204695365,1,1,0.0
4181,0,0,1,0,1,-0.6843577587219684,0,1,0.0
4717,0,2,1,1,1,-0.6843577587219684,1,1,0.0
3373,0,0,1,1,0,-0.2627521204695365,1,1,0.0
3758,0,0,1,1,1,0.15885351778289533,0,1,0.0
994,1,0,0,1,1,-0.6843577587219684,0,1,0.0
3493,1,0,0,1,1,-0.2627521204695365,0,1,0.0
4972,0,0,1,1,2,3.320895804676134,1,0,0.9759519038076161
6102,0,1,1,1,2,0.15885351778289533,0,0,0.002004008016032064
878,0,0,0,1,1,-0.4735549395957524,0,1,0.0
863,1,1,1,1,1,-0.6843577587219684,0,1,0.0
4743,0,0,1,1,1,0.7912619751615431,0,0,0.024048096192384762
4618,0,0,0,1,1,-0.6843577587219684,0,1,0.0
1327,0,0,1,1,0,2.4776845281712703,1,0,0.9559118236472954
2455,0,0,1,1,1,-0.6843577587219684,0,1,0.0
5254,0,2,0,1,0,0.15885351778289533,0,0,0.05010020040080161
4847,0,0,1,1,1,-0.6843577587219684,0,1,0.0
12,0,0,1,1,1,0.7912619751615431,1,0,0.024048096192384762
2350,0,0,0,1,1,-0.2627521204695365,0,1,0.0
5085,1,0,0,1,2,-0.2627521204695365,0,1,0.0
6002,0,1,1,1,0,5.218121176812077,1,0,1.0000000000000009
4291,0,1,1,1,1,-0.2627521204695365,0,1,0.0
4927,0,2,1,1,1,-0.4735549395957524,0,0,0.002004008016032064
4983,0,0,1,1,2,0.36965633690911126,1,1,0.0
14,0,0,1,1,0,-0.05194930134332058,0,1,0.002004008016032064
2705,0,0,1,1,0,0.5804591560353272,1,0,0.038076152304609215
4518,0,0,1,1,1,-0.6843577587219684,0,1,0.0
5472,0,0,1,1,1,0.15885351778289533,1,1,0.0
5401,0,2,1,0,0,-0.2627521204695365,1,1,0.0
3890,0,1,1,0,1,-0.4735549395957524,1,1,0.0
4514,1,0,1,1,0,0.36965633690911126,1,1,0.0
5772,0,0,1,1,0,0.15885351778289533,0,0,0.002004008016032064
5479,1,0,1,1,1,0.15885351778289533,1,1,0.0
5546,0,0,1,1,1,1.002064794287759,0,0,0.18837675350701416
2772,0,0,0,1,2,2.899290166423702,1,0,0.9298597194388786
2228,0,0,1,1,2,2.899290166423702,1,0,0.9539078156312634
3719,0,0,0,1,1,-0.2627521204695365,0,1,0.0
143,1,0,1,1,1,-0.4735549395957524,1,1,0.0
3111,0,0,0,1,2,-0.6843577587219684,1,1,0.0
4614,0,0,0,1,1,-0.6843577587219684,1,1,0.0
3586,0,2,1,1,0,0.15885351778289533,0,0,0.25450901803607234
4586,1,0,0,1,1,-0.6843577587219684,0,1,0.0
1569,1,2,1,1,2,-0.6843577587219684,0,1,0.0
5919,0,0,1,1,0,2.0560788899188385,1,0,0.9238476953907824
3712,0,0,1,1,2,-0.6843577587219684,1,1,0.0
3058,1,0,1,1,1,-0.6843577587219684,0,1,0.0
3824,1,0,1,0,1,-0.6843577587219684,0,1,0.0
2464,0,1,0,1,1,-0.05194930134332058,0,1,0.0
1453,0,1,1,1,1,-0.4735549395957524,0,1,0.0
2617,0,2,1,1,0,-0.4735549395957524,1,0,0.002004008016032064
3536,0,2,1,1,2,-0.2627521204695365,0,0,0.002004008016032064
4046,0,1,0,1,1,-0.05194930134332058,0,1,0.0
5954,0,0,1,1,1,0.15885351778289533,1,1,0.0
5457,1,2,1,1,1,-0.6843577587219684,0,1,0.0
2534,1,0,1,1,1,-0.6843577587219684,0,1,0.0
4797,0,0,0,0,2,1.4236704325401908,1,0,0.002004008016032064
3439,1,0,1,1,1,-0.6843577587219684,0,1,0.0
170,1,0,0,0,1,-0.6843577587219684,0,1,0.0
3294,0,0,1,1,1,-0.6843577587219684,1,1,0.0
1386,0,0,1,1,2,1.002064794287759,1,0,0.008016032064128256
5570,0,0,1,1,2,0.36965633690911126,1,1,0.0
5219,0,1,1,1,1,-0.05194930134332058,0,0,0.002004008016032064
3653,1,2,1,0,1,-0.6843577587219684,0,1,0.0
4506,1,0,1,1,1,0.7912619751615431,0,0,0.002004008016032064
3885,0,2,0,1,2,-0.05194930134332058,1,0,0.0
3081,1,1,1,1,1,-0.4735549395957524,0,1,0.0
2477,0,2,1,1,0,0.15885351778289533,1,0,0.25450901803607234
3110,0,0,1,1,1,-0.6843577587219684,0,1,0.0
2247,0,0,0,1,2,-0.6843577587219684,0,1,0.0
2513,0,1,1,0,1,-0.6843577587219684,0,1,0.0
634,0,1,1,1,1,1.002064794287759,0,0,0.3446893787575153
1132,0,0,1,1,1,-0.6843577587219684,0,1,0.0
5660,0,0,1,1,1,-0.6843577587219684,0,1,0.0
3926,1,1,1,1,0,1.8452760707926226,1,0,0.8877755511022052
5220,0,2,1,1,2,1.002064794287759,1,0,0.44889779559118276
5080,1,0,1,1,1,-0.6843577587219684,0,1,0.0
311,1,1,0,0,1,-0.4735549395957524,1,1,0.0
4932,0,0,1,1,0,0.7912619751615431,0,0,0.19639278557114243
144,0,2,1,1,1,-0.6843577587219684,0,1,0.0
5711,1,2,1,0,1,-0.6843577587219684,0,1,0.0
979,0,2,1,1,0,-0.6843577587219684,1,0,0.002004008016032064
2346,0,0,1,0,1,-0.6843577587219684,0,1,0.0
134,0,0,1,1,1,-0.4735549395957524,0,1,0.0
4737,0,1,0,1,1,-0.6843577587219684,0,1,0.0
3954,0,0,1,1,1,-0.6843577587219684,0,1,0.0
247,0,2,0,1,2,-0.6843577587219684,1,1,0.0
629,0,0,0,1,2,3.9533042620547816,1,0,0.9899799599198406
4405,0,0,1,1,1,-0.4735549395957524,0,1,0.0
6071,0,0,1,0,2,-0.05194930134332058,1,1,0.0
5058,0,1,0,1,1,-0.4735549395957524,0,1,0.0
2888,1,0,1,0,1,-0.6843577587219684,0,1,0.0
2204,0,0,1,1,1,-0.4735549395957524,1,1,0.0
3829,0,1,1,1,0,3.9533042620547816,1,0,1.0000000000000009
4760,0,0,1,1,1,0.15885351778289533,1,1,0.0
593,1,0,1,1,2,1.4236704325401908,1,0,0.002004008016032064
3920,1,0,1,1,1,-0.2627521204695365,1,1,0.0
2643,0,2,1,1,2,-0.6843577587219684,1,1,0.0
142,0,0,0,1,2,-0.6843577587219684,0,1,0.0
3442,1,0,0,1,1,0.15885351778289533,0,1,0.0
1870,1,0,1,1,1,-0.6843577587219684,1,1,0.0
4257,1,0,1,1,1,-0.6843577587219684,1,1,0.0
1668,1,0,1,1,2,0.36965633690911126,0,1,0.0
4340,0,2,1,0,2,-0.6843577587219684,1,1,0.0
3718,0,2,1,1,0,-0.2627521204695365,1,0,0.002004008016032064
2087,1,0,1,1,1,-0.4735549395957524,0,1,0.0
1893,1,1,0,1,1,-0.6843577587219684,0,1,0.0
4442,0,2,1,1,0,0.36965633690911126,1,0,0.334669338677355
4302,0,1,0,0,0,5.218121176812077,1,0,1.0000000000000009
3766,0,0,1,1,2,-0.2627521204695365,1,1,0.0
3949,0,0,1,1,1,-0.6843577587219684,0,1,0.0
5892,1,0,1,1,0,1.002064794287759,1,0,0.002004008016032064
2172,0,1,1,1,2,-0.6843577587219684,1,1,0.0
3367,0,2,0,1,2,-0.4735549395957524,0,1,0.0
519,0,2,1,1,0,-0.6843577587219684,1,0,0.002004008016032064
3639,0,1,1,0,1,-0.6843577587219684,0,1,0.0
4446,1,0,1,1,0,0.15885351778289533,0,1,0.0
4810,0,1,0,1,2,-0.6843577587219684,1,1,0.0
4301,0,2,1,1,1,-0.6843577587219684,0,1,0.0
5642,0,2,0,1,1,-0.6843577587219684,0,1,0.0
2955,1,0,0,0,1,-0.6843577587219684,0,1,0.0
5105,0,2,1,1,0,-0.05194930134332058,1,0,0.13026052104208424
773,1,1,0,0,1,-0.6843577587219684,0,1,0.0
2618,1,0,0,1,1,-0.4735549395957524,0,1,0.0
1422,0,0,0,1,0,2.0560788899188385,1,0,0.8897795591182373
2842,0,2,1,1,1,-0.6843577587219684,1,1,0.0
2700,1,1,0,1,1,-0.05194930134332058,1,1,0.0
4068,0,2,0,1,1,-0.6843577587219684,0,1,0.0
472,0,2,1,1,2,-0.05194930134332058,1,0,0.002004008016032064
202,0,2,1,1,1,-0.6843577587219684,0,1,0.0
555,0,1,1,1,0,3.53169862380235,0,0,1.0000000000000009
4167,1,0,1,1,0,1.002064794287759,0,0,0.002004008016032064
443,0,0,0,1,1,0.15885351778289533,1,1,0.0
5890,0,0,1,1,2,-0.05194930134332058,0,1,0.0
502,1,0,1,1,1,-0.6843577587219684,0,1,0.0
3188,1,2,1,0,1,-0.6843577587219684,0,1,0.0
3010,0,1,0,1,1,-0.05194930134332058,0,1,0.0
1687,1,1,0,1,1,-0.4735549395957524,1,1,0.0
4820,0,0,0,1,1,-0.6843577587219684,0,1,0.0
499,0,0,1,1,1,-0.4735549395957524,0,1,0.0
1142,1,1,1,1,1,-0.6843577587219684,0,1,0.0
5568,1,1,1,1,1,-0.6843577587219684,0,1,0.0
6027,1,2,1,0,1,-0.6843577587219684,0,1,0.0
737,0,0,1,1,0,-0.6843577587219684,1,1,0.0
1290,1,2,1,1,1,-0.6843577587219684,1,1,0.0
2948,0,0,1,0,2,1.6344732516664067,0,0,0.08216432865731467
4359,0,0,0,1,2,0.36965633690911126,1,1,0.0
2223,1,1,0,1,1,-0.6843577587219684,0,1,0.0
4440,0,0,1,1,1,-0.6843577587219684,0,1,0.0
2714,0,2,0,1,1,-0.2627521204695365,1,0,0.002004008016032064
2899,0,0,1,0,2,0.36965633690911126,1,1,0.0
3069,0,1,1,1,1,2.0560788899188385,0,0,0.9358717434869748
1726,1,2,1,0,1,-0.6843577587219684,0,1,0.0
4146,0,0,1,1,0,2.899290166423702,1,0,0.9779559118236482
130,0,1,1,0,1,-0.4735549395957524,1,1,0.0
1778,0,1,1,1,1,-0.2627521204695365,0,1,0.0
3154,0,2,1,1,2,0.5804591560353272,1,0,0.24048096192384788
1995,1,0,0,1,0,-0.4735549395957524,1,1,0.0
527,0,2,0,0,0,-0.2627521204695365,1,1,0.0
4284,1,0,1,0,1,-0.6843577587219684,0,1,0.0
5775,1,1,1,1,1,-0.6843577587219684,0,1,0.0
4725,0,0,0,1,1,-0.6843577587219684,1,1,0.0
1855,0,0,1,1,0,0.15885351778289533,0,0,0.002004008016032064
3150,1,1,0,0,1,-0.05194930134332058,0,1,0.0
733,0,2,1,1,1,-0.4735549395957524,1,0,0.002004008016032064
3412,1,0,0,1,1,-0.6843577587219684,0,1,0.0
2672,1,0,0,1,1,0.5804591560353272,1,1,0.0
2601,1,1,0,1,1,-0.6843577587219684,0,1,0.0
1941,0,2,0,1,2,-0.4735549395957524,1,1,0.0
1843,0,0,0,1,2,0.36965633690911126,1,1,0.0
2270,0,2,1,1,1,-0.6843577587219684,0,1,0.0
2382,1,1,1,1,1,-0.6843577587219684,1,1,0.0
620,0,2,1,1,0,0.5804591560353272,1,0,0.48496993987975995
4911,0,0,0,1,1,-0.05194930134332058,0,1,0.0
1122,1,2,0,0,1,-0.4735549395957524,0,1,0.0
3672,0,1,1,0,1,0.5804591560353272,0,0,0.002004008016032064
2009,0,0,1,1,1,-0.4735549395957524,0,1,0.0
5624,1,1,1,0,1,-0.2627521204695365,1,1,0.0
4621,1,0,1,1,1,-0.05194930134332058,0,1,0.0
3657,1,2,1,0,1,-0.2627521204695365,0,1,0.0
2694,1,0,0,1,1,-0.2627521204695365,0,1,0.0
6081,0,0,1,0,0,0.36965633690911126,0,1,0.0
5073,1,0,0,1,1,-0.6843577587219684,0,1,0.0
4590,1,2,1,1,2,-0.6843577587219684,1,1,0.0
263,0,2,1,1,0,1.2128676134139749,1,0,0.913827655310622
528,1,0,1,1,1,-0.4735549395957524,0,1,0.0
1001,0,0,1,0,1,0.5804591560353272,1,1,0.0
5640,1,0,0,1,1,-0.4735549395957524,0,1,0.0
4282,0,0,1,1,1,-0.6843577587219684,0,1,0.0
684,0,0,1,1,1,-0.6843577587219684,0,1,0.0
2972,0,1,0,1,1,0.7912619751615431,0,0,0.08216432865731467
4963,0,1,0,1,1,-0.4735549395957524,0,1,0.0
5082,1,2,1,0,1,-0.6843577587219684,1,1,0.0
4519,0,0,1,1,1,0.5804591560353272,1,0,0.002004008016032064
533,0,0,0,1,2,-0.05194930134332058,1,1,0.0
5040,1,0,1,0,2,-0.4735549395957524,1,1,0.0
5460,0,0,1,0,2,-0.6843577587219684,1,1,0.0
3990,0,0,0,1,1,0.15885351778289533,1,1,0.0
2178,0,2,1,0,0,-0.6843577587219684,1,1,0.0
5271,0,1,1,1,1,1.002064794287759,1,0,0.3446893787575153
1977,0,2,1,1,1,-0.4735549395957524,0,0,0.002004008016032064
5748,1,0,1,1,1,-0.2627521204695365,0,1,0.0
1083,0,1,1,1,1,-0.4735549395957524,0,1,0.0
2616,0,0,1,1,1,-0.6843577587219684,0,1,0.0
5422,1,0,1,1,1,-0.6843577587219684,0,1,0.0
3389,0,0,0,1,0,2.899290166423702,1,0,0.9619238476953916
3074,0,2,1,1,1,-0.4735549395957524,1,0,0.002004008016032064
4310,1,2,1,1,2,-0.6843577587219684,1,1,0.0
2841,0,0,1,1,2,0.36965633690911126,1,1,0.0
1702,0,2,1,1,2,-0.4735549395957524,0,1,0.0
3151,1,1,1,1,1,-0.4735549395957524,0,1,0.0
5292,0,0,1,1,1,-0.2627521204695365,0,1,0.0
4203,0,0,1,0,2,1.002064794287759,1,1,0.002004008016032064
2329,0,1,0,1,1,1.4236704325401908,0,0,0.4048096192384773
3149,0,0,0,1,1,-0.6843577587219684,0,1,0.0
4083,0,0,1,0,0,2.0560788899188385,0,0,0.6933867735470948
3823,0,2,1,1,0,-0.2627521204695365,0,0,0.002004008016032064
4721,0,0,0,1,0,2.688487347297486,1,0,0.9478957915831672
1460,0,0,1,1,2,1.2128676134139749,0,0,0.1803607214428859
206,0,0,0,1,1,-0.6843577587219684,1,1,0.0
462,0,1,0,1,2,-0.2627521204695365,1,1,0.0
5489,1,0,1,1,0,1.6344732516664067,0,0,0.3446893787575153
1568,1,0,1,1,1,-0.6843577587219684,1,1,0.0
5167,0,2,1,1,1,-0.6843577587219684,0,1,0.0
2118,0,0,0,1,1,-0.6843577587219684,0,1,0.0
2193,0,0,1,0,2,2.0560788899188385,0,0,0.31262525050100226
842,1,0,1,1,1,-0.6843577587219684,0,1,0.0
4390,0,0,1,1,1,-0.2627521204695365,1,1,0.0
949,1,0,1,1,2,0.15885351778289533,1,1,0.0
2211,0,0,0,1,1,-0.6843577587219684,0,1,0.0
2244,1,0,0,1,1,0.15885351778289533,0,1,0.0
394,0,2,1,0,0,0.5804591560353272,1,0,0.18236472945891796
2115,1,0,1,1,2,-0.4735549395957524,0,1,0.0
1014,0,0,1,0,1,-0.4735549395957524,0,1,0.0
2259,1,0,0,1,1,-0.2627521204695365,0,1,0.0
1718,0,0,0,1,1,-0.4735549395957524,0,1,0.0
3053,0,2,1,1,1,-0.4735549395957524,1,0,0.002004008016032064
2868,0,1,0,0,1,-0.2627521204695365,0,1,0.0
4917,1,0,1,1,1,-0.6843577587219684,1,1,0.0
4571,0,1,1,0,1,-0.4735549395957524,1,1,0.0
4276,0,0,1,1,1,-0.6843577587219684,0,1,0.0
4105,0,2,1,1,0,-0.05194930134332058,0,0,0.13026052104208424
2943,1,2,1,1,1,-0.6843577587219684,0,1,0.0
2505,0,0,0,1,0,1.2128676134139749,1,0,0.2565130260521044
4428,0,0,0,1,1,2.899290166423702,1,0,0.9478957915831672
5269,0,0,0,1,1,0.36965633690911126,0,0,0.0
3902,0,0,1,0,1,-0.6843577587219684,0,1,0.0
4479,1,0,1,1,2,-0.6843577587219684,0,1,0.0
1615,0,0,1,1,0,2.0560788899188385,1,0,0.9238476953907824
4436,0,0,1,1,1,-0.2627521204695365,0,1,0.0
2443,1,1,1,1,2,3.110092985549918,1,0,0.9599198396793596
982,0,2,1,1,1,-0.6843577587219684,0,1,0.0
4195,0,0,1,1,2,0.15885351778289533,1,1,0.0
4391,0,1,0,0,2,-0.6843577587219684,1,1,0.0
39,0,0,1,1,2,-0.6843577587219684,1,1,0.0
944,0,0,1,1,2,-0.4735549395957524,0,1,0.0
3411,0,0,0,1,1,-0.6843577587219684,1,1,0.0
3725,0,0,0,0,2,0.15885351778289533,0,1,0.0
1607,1,2,1,1,2,-0.2627521204695365,1,1,0.0
464,0,2,0,1,1,-0.2627521204695365,0,0,0.002004008016032064
15,0,0,0,1,2,0.5804591560353272,1,1,0.0
5029,1,0,1,0,2,-0.05194930134332058,0,1,0.0
4872,1,0,0,1,1,-0.6843577587219684,0,1,0.0
3605,1,0,0,1,2,0.15885351778289533,1,1,0.0
1953,1,0,1,1,1,-0.6843577587219684,0,1,0.0
2033,0,2,1,1,2,-0.4735549395957524,1,1,0.0
4731,0,0,1,1,1,-0.6843577587219684,0,1,0.0
1940,0,0,0,1,1,-0.4735549395957524,0,1,0.0
2111,1,2,1,1,2,-0.6843577587219684,0,1,0.0
535,0,0,0,1,2,-0.4735549395957524,0,1,0.0
4121,0,0,1,0,2,-0.6843577587219684,0,1,0.0
3654,0,0,1,1,2,0.5804591560353272,1,0,0.002004008016032064
5837,1,0,1,1,2,0.5804591560353272,1,1,0.0
5160,0,0,1,1,1,-0.4735549395957524,1,1,0.0
5020,1,0,1,1,1,-0.6843577587219684,0,1,0.0
539,0,0,0,0,1,-0.6843577587219684,1,1,0.0
3319,0,0,0,1,1,-0.2627521204695365,1,1,0.0
1427,0,2,1,1,2,-0.6843577587219684,0,1,0.0
3311,0,0,1,1,1,-0.2627521204695365,0,1,0.0
1692,0,0,1,1,0,2.2668817090450544,1,0,0.9398797595190389
5182,0,0,1,0,1,-0.6843577587219684,0,1,0.0
1564,1,0,0,1,1,-0.6843577587219684,0,1,0.0
3067,0,2,0,1,1,-0.6843577587219684,0,1,0.0
5781,1,1,0,1,1,-0.6843577587219684,0,1,0.0
3568,0,0,1,1,2,2.0560788899188385,1,0,0.7955911823647301
4660,0,0,0,0,2,-0.2627521204695365,1,1,0.0
2243,0,0,1,0,1,-0.4735549395957524,0,1,0.0
4879,0,0,0,1,1,-0.2627521204695365,0,1,0.0
2843,0,0,1,1,2,1.4236704325401908,1,0,0.2865731462925854
895,0,0,1,0,2,0.15885351778289533,1,1,0.0
509,0,0,1,1,1,-0.6843577587219684,0,1,0.0
6119,1,0,1,1,1,-0.6843577587219684,0,1,0.0
5350,1,0,1,0,0,4.1641070811809975,1,0,0.9879759519038085
5032,0,0,1,1,1,-0.2627521204695365,1,1,0.0
3073,0,0,1,1,2,-0.05194930134332058,1,1,0.0
1961,1,0,1,1,1,-0.2627521204695365,0,1,0.0
2262,1,2,0,1,0,-0.05194930134332058,1,0,0.0
4388,1,0,0,1,1,-0.05194930134332058,0,1,0.0
3071,1,0,1,1,1,-0.6843577587219684,0,1,0.0
572,0,1,1,1,0,2.899290166423702,1,0,0.9939879759519047
1984,0,1,1,1,1,-0.05194930134332058,0,0,0.002004008016032064
3682,1,1,0,1,1,-0.6843577587219684,0,1,0.0
4209,0,2,0,1,0,-0.6843577587219684,0,1,0.0
1596,1,0,1,0,1,-0.4735549395957524,1,1,0.0
735,0,0,1,1,1,0.36965633690911126,1,0,0.002004008016032064
2812,0,0,0,1,1,-0.05194930134332058,0,1,0.0
1116,0,0,1,1,1,-0.6843577587219684,1,1,0.0
4331,0,1,0,0,1,-0.2627521204695365,0,1,0.0
5900,0,0,1,1,1,0.15885351778289533,1,1,0.0
4416,1,0,1,1,1,-0.05194930134332058,1,1,0.0
98,0,0,0,1,1,-0.4735549395957524,1,1,0.0
4117,0,0,0,1,1,-0.6843577587219684,1,1,0.0
5548,1,0,1,1,1,-0.4735549395957524,0,1,0.0
5742,1,1,0,1,1,-0.6843577587219684,0,1,0.0
451,0,2,0,1,1,-0.6843577587219684,1,1,0.0
227,0,1,1,0,1,-0.6843577587219684,0,1,0.0
5313,1,0,1,1,1,-0.4735549395957524,0,1,0.0
317,1,0,1,1,1,-0.4735549395957524,0,1,0.0
4577,0,1,1,1,1,-0.4735549395957524,0,1,0.0
3267,0,1,0,1,1,-0.05194930134332058,0,1,0.0
2407,1,0,1,1,2,-0.4735549395957524,0,1,0.0
3324,1,0,1,1,1,-0.6843577587219684,1,1,0.0
6128,0,2,1,1,2,-0.6843577587219684,1,1,0.0
2374,1,1,0,1,1,-0.2627521204695365,0,1,0.0
5643,0,0,0,0,1,-0.6843577587219684,0,1,0.0
1580,0,2,0,1,1,-0.4735549395957524,1,1,0.0
4118,0,0,0,1,1,-0.6843577587219684,0,1,0.0
2149,1,1,1,1,1,-0.05194930134332058,1,1,0.0
4396,1,0,1,1,1,-0.6843577587219684,0,1,0.0
751,0,0,1,1,1,-0.4735549395957524,0,1,0.0
29,0,1,0,1,1,-0.6843577587219684,0,1,0.0
1281,0,2,1,0,2,-0.6843577587219684,1,1,0.0
3318,0,1,0,1,1,-0.6843577587219684,0,1,0.0
5702,1,0,1,1,1,-0.6843577587219684,0,1,0.0
1513,0,1,0,0,1,-0.6843577587219684,1,1,0.0
3861,1,0,0,1,1,-0.05194930134332058,1,1,0.0
1086,0,0,0,1,0,-0.2627521204695365,1,1,0.0
5828,0,0,1,1,2,-0.2627521204695365,0,1,0.0
5753,0,0,1,1,0,-0.2627521204695365,1,1,0.0
6123,0,0,1,1,2,0.7912619751615431,1,0,0.002004008016032064
1651,0,0,0,1,1,-0.4735549395957524,0,1,0.0
2894,0,1,0,1,1,2.0560788899188385,0,0,0.9078156312625258
5777,1,2,1,0,1,-0.4735549395957524,1,1,0.0
4668,0,0,0,1,1,-0.6843577587219684,0,1,0.0
1391,1,1,0,1,1,-0.2627521204695365,0,1,0.0
1526,0,0,1,1,0,1.8452760707926226,0,0,0.9018036072144296
1022,1,0,1,0,1,-0.6843577587219684,0,1,0.0
977,0,2,1,1,1,-0.6843577587219684,1,1,0.0
3108,1,0,0,1,1,-0.4735549395957524,0,1,0.0
4106,1,0,1,1,1,-0.6843577587219684,0,1,0.0
194,0,2,1,1,0,-0.2627521204695365,0,0,0.002004008016032064
5484,0,2,1,1,2,-0.05194930134332058,1,0,0.002004008016032064
3972,1,0,1,1,0,1.6344732516664067,1,0,0.3446893787575153
6117,1,0,1,1,1,-0.2627521204695365,0,1,0.0
1622,1,0,0,0,1,-0.6843577587219684,0,1,0.0
3169,0,0,1,1,2,-0.05194930134332058,0,1,0.0
3254,1,0,0,1,0,-0.6843577587219684,1,1,0.0
5166,0,1,0,1,1,0.5804591560353272,0,0,0.002004008016032064
5094,0,2,0,1,2,1.4236704325401908,0,0,0.5911823647294594
1008,1,2,1,1,0,-0.6843577587219684,1,1,0.0
3131,1,0,1,1,2,-0.6843577587219684,1,1,0.0
4154,1,0,1,1,0,0.36965633690911126,0,1,0.0
3736,0,2,1,0,1,-0.4735549395957524,0,1,0.0
2751,0,0,0,0,2,-0.2627521204695365,1,1,0.0
2388,1,0,1,1,1,0.15885351778289533,0,1,0.0
3916,1,1,1,1,1,0.15885351778289533,0,1,0.0
1696,0,0,0,1,0,0.7912619751615431,1,0,0.002004008016032064
2657,0,0,0,1,0,-0.2627521204695365,1,1,0.0
6033,1,0,1,0,1,-0.4735549395957524,0,1,0.0
3526,1,0,1,0,1,-0.2627521204695365,0,1,0.0
2916,0,2,1,1,2,-0.4735549395957524,1,1,0.0
5093,1,0,1,0,1,-0.4735549395957524,1,1,0.0
991,0,0,1,0,0,-0.05194930134332058,1,1,0.0
4463,0,0,0,1,1,-0.2627521204695365,0,1,0.0
2966,0,0,0,1,1,-0.4735549395957524,1,1,0.0
1220,1,2,1,0,2,-0.6843577587219684,0,1,0.0
4398,1,2,1,1,0,-0.2627521204695365,1,1,0.002004008016032064
6077,0,0,1,0,1,-0.2627521204695365,1,1,0.0
2372,1,0,1,1,2,-0.05194930134332058,0,1,0.0
3680,0,0,1,0,1,-0.2627521204695365,1,1,0.0
5635,1,1,1,1,2,2.0560788899188385,0,0,0.6833667334669344
1642,0,0,1,1,1,-0.2627521204695365,0,1,0.0
2838,0,0,1,1,0,0.7912619751615431,0,0,0.19639278557114243
1900,1,1,1,1,1,-0.05194930134332058,1,1,0.0
3953,0,1,1,1,1,-0.4735549395957524,0,1,0.0
4349,0,0,1,1,1,-0.6843577587219684,1,1,0.0
3457,0,0,0,1,2,0.5804591560353272,1,1,0.0
302,0,2,1,1,0,-0.05194930134332058,1,0,0.13026052104208424
4217,0,2,1,1,2,-0.6843577587219684,1,1,0.0
4449,0,0,1,1,2,-0.6843577587219684,0,1,0.0
2369,0,0,1,1,1,-0.6843577587219684,0,1,0.0
42,1,1,0,1,1,-0.6843577587219684,0,1,0.0
4054,1,2,1,0,1,-0.6843577587219684,0,1,0.0
4254,0,0,1,1,0,-0.4735549395957524,1,1,0.0
5172,0,2,0,1,2,-0.05194930134332058,1,0,0.0
5493,0,2,1,0,2,-0.6843577587219684,1,1,0.0
1528,0,1,0,1,1,0.5804591560353272,1,0,0.002004008016032064
768,1,0,1,1,1,0.36965633690911126,1,1,0.0
1889,0,0,0,1,2,0.5804591560353272,1,1,0.0
1737,0,0,1,1,0,-0.2627521204695365,1,1,0.0
661,0,0,1,0,2,0.15885351778289533,0,1,0.0
1921,0,2,1,1,2,-0.6843577587219684,1,1,0.0
1332,0,1,0,0,1,-0.4735549395957524,0,1,0.0
217,0,2,0,0,2,0.36965633690911126,1,1,0.0
6166,0,2,1,1,0,-0.6843577587219684,0,0,0.002004008016032064
2267,0,0,0,1,0,-0.05194930134332058,1,1,0.0
2975,0,0,0,1,1,0.36965633690911126,1,0,0.0
4275,0,1,1,1,1,-0.4735549395957524,0,1,0.0
5010,0,2,1,1,1,-0.2627521204695365,1,0,0.002004008016032064
3197,1,0,1,1,1,-0.4735549395957524,1,1,0.0
388,0,0,1,1,0,0.36965633690911126,0,0,0.002004008016032064
4977,0,1,0,1,1,1.8452760707926226,1,0,0.8657314629258525
1206,1,1,1,1,1,1.2128676134139749,0,0,0.24048096192384788
3545,1,1,1,1,2,1.6344732516664067,1,0,0.31863727454909846
5966,1,0,0,1,1,0.5804591560353272,1,1,0.0
2876,0,0,1,1,2,1.2128676134139749,1,0,0.1803607214428859
6146,0,0,1,1,1,1.2128676134139749,0,0,0.29058116232464953
1063,0,2,1,1,0,-0.6843577587219684,1,0,0.002004008016032064
6032,0,2,1,1,1,0.15885351778289533,1,0,0.12024048096192393
2782,0,0,0,1,1,-0.4735549395957524,1,1,0.0
2177,0,0,1,1,1,1.6344732516664067,0,0,0.5951903807615235
294,1,1,0,1,1,-0.6843577587219684,0,1,0.0
2626,0,1,1,1,2,1.4236704325401908,0,0,0.5150300601202409
1370,0,0,1,1,2,-0.2627521204695365,0,1,0.0
4912,0,0,0,1,0,0.36965633690911126,1,0,0.002004008016032064
5378,1,2,1,0,2,-0.6843577587219684,1,1,0.0
3520,1,0,1,1,2,-0.4735549395957524,1,1,0.0
1035,1,0,0,0,1,-0.4735549395957524,0,1,0.0
2345,1,0,1,0,2,-0.6843577587219684,1,1,0.0
4088,0,0,1,1,0,1.2128676134139749,1,0,0.364729458917836
5651,0,0,1,0,1,-0.4735549395957524,0,1,0.0
3508,0,0,1,1,0,2.688487347297486,1,0,0.9679358717434878
6055,0,2,1,1,1,1.002064794287759,1,0,0.7114228456913834
6053,0,2,1,1,2,-0.4735549395957524,1,1,0.0
4196,1,1,0,1,1,-0.6843577587219684,0,1,0.0
2284,0,0,1,1,2,2.0560788899188385,0,0,0.7955911823647301
2164,1,0,0,1,1,-0.6843577587219684,0,1,0.0
861,0,0,1,1,0,0.5804591560353272,1,0,0.038076152304609215
429,0,1,1,1,2,1.8452760707926226,0,0,0.8917835671342693
3855,0,0,1,1,0,2.899290166423702,1,0,0.9779559118236482
1939,1,0,0,1,1,-0.4735549395957524,1,1,0.0
5154,1,0,1,1,0,1.2128676134139749,0,0,0.15831663326653317
2630,1,1,1,1,1,-0.05194930134332058,1,1,0.0
4126,1,2,1,1,2,-0.6843577587219684,1,1,0.0
4811,1,0,1,1,2,-0.2627521204695365,0,1,0.0
812,1,2,0,1,1,-0.6843577587219684,0,1,0.0
304,0,0,1,1,1,-0.4735549395957524,0,1,0.0
4107,0,0,1,0,1,-0.05194930134332058,1,1,0.0
1654,0,2,0,1,1,-0.6843577587219684,0,1,0.0
5603,0,0,0,0,1,-0.6843577587219684,1,1,0.0
5590,0,0,1,1,2,2.0560788899188385,1,0,0.7955911823647301
5712,0,2,1,1,0,0.15885351778289533,0,0,0.25450901803607234
2974,0,1,0,1,2,0.7912619751615431,1,0,0.002004008016032064
4994,0,0,1,1,0,-0.6843577587219684,1,1,0.0
5244,0,0,1,1,1,0.36965633690911126,0,0,0.002004008016032064
1095,0,2,0,1,2,0.5804591560353272,1,0,0.0220440881763527
286,0,0,1,1,0,1.8452760707926226,1,0,0.9018036072144296
1045,1,0,1,1,1,-0.6843577587219684,1,1,0.0
1511,0,0,1,1,1,-0.05194930134332058,1,1,0.0
3283,0,0,1,1,2,-0.2627521204695365,1,1,0.0
2543,1,0,1,1,0,4.374909900307213,1,0,1.0000000000000009
4445,0,2,0,1,1,-0.6843577587219684,1,1,0.0
5148,1,0,1,0,1,-0.05194930134332058,1,1,0.0
1722,1,1,1,0,1,0.7912619751615431,0,1,0.0
4136,0,0,1,0,2,-0.6843577587219684,0,1,0.0
532,0,2,1,1,0,0.15885351778289533,1,0,0.25450901803607234
3429,0,1,0,1,1,-0.6843577587219684,0,1,0.0
2650,0,1,0,1,1,-0.4735549395957524,0,1,0.0
5968,0,0,1,1,2,-0.6843577587219684,0,1,0.0
3790,1,0,0,0,1,-0.6843577587219684,0,1,0.0
818,0,2,1,1,2,-0.2627521204695365,1,0,0.002004008016032064
4864,1,1,0,1,1,-0.4735549395957524,0,1,0.0
6013,1,2,1,1,2,-0.4735549395957524,1,1,0.0
6137,1,2,1,1,1,-0.6843577587219684,0,1,0.0
4707,1,1,0,1,1,-0.2627521204695365,0,1,0.0
1314,1,0,1,0,1,-0.6843577587219684,0,1,0.0
5600,0,0,0,1,1,1.002064794287759,0,0,0.002004008016032064
1362,1,1,0,1,1,-0.6843577587219684,0,1,0.0
731,1,2,1,1,0,0.7912619751615431,0,0,0.3106212424849702
4386,1,0,1,1,0,1.6344732516664067,1,0,0.3446893787575153
4176,1,0,1,0,1,-0.4735549395957524,0,1,0.0
5373,0,1,1,0,1,-0.4735549395957524,0,1,0.0
4355,0,2,1,1,2,-0.6843577587219684,1,1,0.0
187,0,0,0,1,1,0.15885351778289533,1,1,0.0
2877,0,0,0,1,0,1.2128676134139749,0,0,0.2565130260521044
4569,0,0,1,1,2,-0.4735549395957524,1,1,0.0
2385,0,0,1,1,0,0.15885351778289533,1,0,0.002004008016032064
4792,1,1,0,0,1,0.7912619751615431,1,1,0.0
2921,1,1,0,0,1,-0.6843577587219684,0,1,0.0
70,1,0,1,1,1,-0.4735549395957524,0,1,0.0
2959,1,0,1,1,1,-0.6843577587219684,0,1,0.0
5288,1,0,0,1,1,-0.4735549395957524,1,1,0.0
2584,1,1,0,1,1,-0.6843577587219684,1,1,0.0
871,0,0,1,1,1,-0.6843577587219684,1,1,0.0
660,0,0,1,1,1,0.15885351778289533,0,1,0.0
3351,1,1,0,1,1,-0.6843577587219684,0,1,0.0
4278,0,1,1,1,1,-0.4735549395957524,0,1,0.0
888,0,0,1,1,1,-0.6843577587219684,0,1,0.0
1161,0,1,1,1,1,-0.4735549395957524,0,1,0.0
5936,1,0,1,1,1,1.002064794287759,1,0,0.002004008016032064
2619,1,0,1,1,1,-0.6843577587219684,0,1,0.0
1411,1,0,1,1,1,-0.6843577587219684,1,1,0.0
1196,1,0,1,0,1,-0.6843577587219684,0,1,0.0
2586,1,0,0,1,1,-0.6843577587219684,1,1,0.0
1815,0,1,0,0,1,-0.6843577587219684,0,1,0.0
5215,1,0,0,0,1,0.15885351778289533,0,1,0.0
2539,0,0,1,1,1,1.002064794287759,0,0,0.18837675350701416
1571,1,0,1,1,1,1.4236704325401908,1,0,0.14829659318637284
1,0,0,1,1,1,-0.6843577587219684,1,1,0.0
2836,0,0,0,0,1,-0.2627521204695365,1,1,0.0
224,0,0,1,0,1,-0.2627521204695365,0,1,0.0
5502,0,0,1,1,2,-0.2627521204695365,1,1,0.0
641,0,1,1,0,0,3.320895804676134,1,0,0.9879759519038085
4665,0,2,1,1,0,1.8452760707926226,1,0,0.9619238476953916
2824,0,0,0,1,2,-0.6843577587219684,0,1,0.0
2460,0,0,1,1,1,-0.05194930134332058,0,1,0.0
5869,1,1,0,1,1,-0.2627521204695365,0,1,0.0
3647,0,0,1,0,2,-0.4735549395957524,0,1,0.0
5159,0,0,0,1,1,-0.6843577587219684,1,1,0.0
20,0,2,0,0,1,-0.6843577587219684,0,1,0.0
5129,0,2,0,1,0,-0.2627521204695365,1,0,0.002004008016032064
3343,1,1,0,1,1,0.5804591560353272,1,0,0.0
6114,0,0,0,1,1,-0.2627521204695365,0,1,0.0
1096,1,1,1,1,1,-0.6843577587219684,0,1,0.0
396,1,1,1,1,2,1.8452760707926226,1,0,0.4288577154308621
5947,0,2,1,1,1,-0.05194930134332058,0,0,0.002004008016032064
283,0,0,1,1,1,-0.6843577587219684,0,1,0.0
5335,0,0,1,1,1,-0.6843577587219684,0,1,0.0
5145,0,2,0,0,0,-0.6843577587219684,1,1,0.0
557,1,0,1,1,0,-0.4735549395957524,1,1,0.0
5303,0,0,1,1,0,-0.4735549395957524,1,1,0.0
5039,0,0,1,1,1,-0.2627521204695365,0,1,0.0
2091,1,1,0,1,1,-0.4735549395957524,0,1,0.0
776,0,0,1,1,2,-0.4735549395957524,0,1,0.0
3335,0,2,1,1,2,-0.4735549395957524,1,1,0.0
5156,0,1,0,1,1,0.5804591560353272,0,0,0.002004008016032064
2740,0,1,1,1,0,-0.05194930134332058,1,0,0.002004008016032064
2878,0,2,1,1,0,0.7912619751615431,1,0,0.7274549098196399
1928,0,0,0,1,1,-0.6843577587219684,1,1,0.0
72,0,1,1,1,1,-0.6843577587219684,1,1,0.0
2048,0,0,1,1,2,1.002064794287759,0,0,0.008016032064128256
1041,0,1,1,1,1,1.8452760707926226,0,0,0.9158316633266541
4498,0,0,1,1,0,2.0560788899188385,1,0,0.9238476953907824
401,0,2,1,1,0,-0.6843577587219684,0,0,0.002004008016032064
5974,1,1,1,1,1,-0.6843577587219684,0,1,0.0
1625,1,0,0,1,1,-0.6843577587219684,0,1,0.0
3030,1,0,0,0,1,-0.05194930134332058,1,1,0.0
5875,1,2,1,1,2,-0.6843577587219684,0,1,0.0
1804,1,0,0,1,1,-0.6843577587219684,0,1,0.0
5289,0,1,0,1,1,0.7912619751615431,0,0,0.08216432865731467
5876,1,0,0,1,1,-0.2627521204695365,0,1,0.0
3728,0,0,1,0,2,2.4776845281712703,1,0,0.6653306613226458
916,1,0,0,1,2,-0.4735549395957524,0,1,0.0
1034,1,0,1,1,1,-0.6843577587219684,0,1,0.0
5418,0,1,1,1,1,-0.05194930134332058,1,0,0.002004008016032064
4655,1,2,1,0,2,-0.6843577587219684,0,1,0.0
